,ticker,short name,description,industry,industry_id,category,Category_id
0,A,Agilent,"Agilent Technologies Inc is engaged in life sciences, diagnostics and applied chemical markets. The company provides application focused solutions that include instruments, software, services and consumables for the entire laboratory workflow.",Medical Diagnostics & Research,41,Healthcare,6
1,AA,Alcoa,Alcoa Corp is an integrated aluminum company. The company engages in aluminum production from bauxite mining to manufactures finished aluminum goods. It serves finished aluminum goods to a wide-variety of industrial end markets.,Metals & Mining,44,Industrials,7
4,AAL,American Airlines,"American Airlines Group Inc operates over 6,000 flights per day to more than 300 destinations across the world from hubs in Charlotte, Chicago, Dallas/Fort Worth, Los Angeles, Miami, New York, Philadelphia, Phoenix and Washington, D.C.",Airlines,3,Transportation & Logistics,12
5,AAMC,Altisource Asset Management,Altisource Asset Management Corp is an asset management company that provides portfolio management and corporate governance services. It provides management services to its Altisource Residential Corporation and NewSource Reinsurance Company Ltd.,Asset Management,5,Financials,5
6,AAME,Atlantic American,Atlantic American Corp provides property and casualty insurance and a variety of life and supplemental health products. It operates its business through its subsidiaries.,Insurance - Life,36,Healthcare,6
7,AAN,Aaron's,"Aaron's Inc is a retailer of furniture, consumer electronics, computers, appliances and household accessories. It also offers lease-purchase solutions to customers of traditional retailers and revolving credit products.",Consulting & Outsourcing,20,Professional Services,11
8,AAOI,Applied Optoelectronics,"Applied Optoelectronics Inc is a vertically integrated provider of fiber-optic networking products,for four networking end-markets: internet data center, cable television, or CATV, telecommunications, or telecom, fiber-to-the-home, or FTTH.",Semiconductors,60,Materials,9
9,AAON,AAON,"AAON Inc is a heating, ventilation and air conditioning equipment manufacturer. Its products include rooftop units, chillers, air-handling units, make-up air units, heat recovery units, condensing units and coils.",Building Materials,12,Materials,9
10,AAP,Advance Auto Parts,"Advance Auto Parts Inc is an automotive aftermarket parts provider serving professional installers, DIY (do-it-yourself) customer and independently-owned operators.",Retail - Apparel & Specialty,58,Commercial Services & Supplies,0
11,AAPL,Apple,"Apple Inc is designs, manufactures and markets mobile communication and media devices and personal computers, and sells a variety of related software, services, accessories, networking solutions and third-party digital content and applications.",Computer Hardware,18,Information Technology,8
12,AAT,American Assets Trust,"American Assets Trust Inc is a self-administered real estate investment trust based in the United States. The company mainly invests in, operates, and develops retail, office, residential, and mixed-use properties in California, Oregon, and Hawaii.",REITs,55,Financials,5
16,AB,AllianceBernstein Holding Units,AllianceBernstein Holding LP is engaged in the financial service sector. Its activities include investment management services and its sell-side business.,Asset Management,5,Financials,5
18,ABBV,AbbVie,"AbbVie Inc is a biopharmaceutical company that discovers, develops, manufactures and sells a range of pharmaceutical products for treating chronic autoimmune diseases, virology and neurological disorders.",Drug Manufacturers,23,Industrials,7
19,ABC,AmerisourceBergen,"AmerisourceBergen Corp is a pharmaceutical services company. It provides drug distribution and related healthcare services and solutions to pharmacy, physician, and manufacturer customers based in the United States and Canada.",Medical Distribution,42,Healthcare,6
20,ABCB,Ameris Bancorp,"Ameris Bancorp provides business through its wholly owned banking subsidiary, Ameris Bank. Services include commercial real estate loans, which accounts for the major source of its income.",Banks,7,Financials,5
22,ABEO,Abeona Therapeutics,Abeona Therapeutics Inc is a clinical-stage biopharmaceutical company. The firm is focused on developing gene therapies and plasma-based products for life-threatening rare genetic diseases.,Biotechnology,10,Healthcare,6
24,ABG,Asbury Automotive,"Asbury Automotive Group Inc is an US-based automotive retailer. The company owns and operates approximately 90 vehicle franchises. Its franchise brand name includes BMW, Honda, Mercedes-Benz, Ford, Jaguar, Land Rover, Porsche, Toyota, Volvo and others.",Autos,6,Industrials,7
26,ABIO,ARCA biopharma,ARCA biopharma Inc is a biopharmaceutical company. The Company is engaged in developing genetically-targeted therapies for cardiovascular diseases. Its product candidate is Gencaro.,Biotechnology,10,Healthcare,6
27,ABM,ABM Industries Incorporated,"ABM Industries Inc is engaged in providing end-to-end integrated facility solutions. The services offered by the company includes Electrical, Energy, Facilities Engineering, Landscape and Turf and Parking and Transportation Services.",Business Services,13,Corporate Services,3
28,ABMD,ABIOMED,Abiomed Inc is a medical device company. It provides mechanical circulatory support devices to aid heart recovery to heart failure patients.,Medical Devices,40,Healthcare,6
29,ABR,Arbor Realty Trust,Arbor Realty Trust Inc is a real estate specialty finance firm. It invests in a diversified portfolio of structured finance assets in the multi-family and commercial real estate markets. It also invests in real estate-related bridge and mezzanine loans.,REITs,55,Financials,5
30,ABT,Abbott Laboratories,"Abbott Laboratories is a health care company that manufactures medical devices, blood glucose monitoring kits, nutritional healthcare products, diagnostic products and equipment, and branded generic drugs.",Medical Devices,40,Healthcare,6
32,ABUS,Arbutus Biopharma,"Arbutus Biopharma Corp is a biopharmaceutical business engaged in advancing novel RNA interference therapeutics and discovering, developing and commercializing a cure for patients suffering from chronic hepatitis B infection.",Biotechnology,10,Healthcare,6
33,AC,Associated Capital,"Associated Capital Group Inc is a diversified global financial services company. It operates in the business of alternative investment management, institutional research services and cash and other assets through subsidiaries.",Brokers & Exchanges,11,Financials,5
34,ACAD,ACADIA Pharmaceuticals,"ACADIA Pharmaceuticals Inc is a biotechnology company which develops and commercializes biopharmaceutical products to address central nervous system disorders. It aims to discover small molecule drugs to address Parkinson's, Alzheimer's and schizophrenia.",Biotechnology,10,Healthcare,6
38,ACCO,Acco Brands,"ACCO Brands Corp is a manufacturer and marketer of office, school and calendar products and selected computer and electronic accessories. It sells its products to consumers and commercial end-users through resellers.",Industrial Products,34,Industrials,7
39,ACER,Acer Therapeutics,"Acer Therapeutics Inc is a pharmaceutical company that acquires, develops and intends to commercialize therapies for patients with serious rare diseases with critical unmet medical need.",Biotechnology,10,Healthcare,6
40,ACET,Aceto,"Aceto Corp is engaged in the marketing, sells and distribution of finished dosage form generic pharmaceuticals, nutraceutical products, pharmaceutical active ingredients and intermediates, and specialty performance chemicals.",Drug Manufacturers,23,Industrials,7
41,ACGL,Arch Capital,"Arch Capital Group Ltd provides insurance, reinsurance and mortgage. It provides property, casualty and mortgage insurance and reinsurance lines, and focus on writing specialty lines of insurance and reinsurance.",Insurance,35,Healthcare,6
43,ACHC,Acadia Healthcare Company,"Acadia Healthcare Co Inc operates mental healthcare facilities in the United States. It addresses behavioral abnormalities in psychiatric facilities, substance abuse facilities, and residential treatment centers.",Health Care Providers,31,Healthcare,6
44,ACHN,Achillion Pharmaceuticals,Achillion Pharmaceuticals Inc is a biotechnology company. It is engaged in the discovery and development of innovative small-molecule drug therapies for infectious diseases and immune system disorders.,Biotechnology,10,Healthcare,6
45,ACHV,Achieve Life Sciences,Achieve Life Sciences Inc is a United States based clinical-stage biopharmaceutical company. It is focused on the development of novel next generation cancer therapeutics.,Biotechnology,10,Healthcare,6
48,ACIW,ACI Worldwide,"ACI Worldwide Inc together with its subsidiaries develops, markets, installs, and supports software products and services to facilitate electronic payments. It leverages its distribution network in the Americas, Europe, the Middle East, and Africa.",Application Software,4,Information Technology,8
49,ACLS,Axcelis,"Axcelis Technologies Inc produces ion implantation and other processing equipment used in the fabrication of semiconductor chips in the United States, Europe, and Asia. It also provides extensive aftermarket service and support.",Semiconductors,60,Materials,9
50,ACM,AECOM,"AECOM provides consulting and engineering services to clients in transportation, facilities, environmental, and other markets. It mainly designs, builds, and operates infrastructure projects for governments, businesses, and organizations.",Engineering & Construction,26,Industrials,7
51,ACMR,ACM Research,"ACM Research Inc develops, manufactures and sells single-wafer wet cleaning equipment which is used for semiconductor industry. Its product is designed to remove random defects from a wafer surface effectively, without damaging a wafer or its features.",Semiconductors,60,Materials,9
52,ACN,Accenture plc (Ireland),"Accenture PLC is a professional service company. It provides consulting, technology and outsourcing services to Communications, Media and Technology, Financial services, Health and Public service, Products and Resources segments.",Application Software,4,Information Technology,8
53,ACNB,ACNB,"ACNB Corp provides banking, insurance, and financial services to businesses, and consumers through its wholly-owned subsidiaries, ACNB Bank and Russell Insurance Group Inc (RIG). The corporation has two reporting segments, the Bank and RIG.",Banks,7,Financials,5
54,ACOR,Acorda Therapeutics,"Acorda Therapeutics Inc is a biopharmaceutical company. It is engaged in the identification, development & commercialization of novel therapies for the treatment of neurological disorders.",Biotechnology,10,Healthcare,6
56,ACRE,Ares Commercial Real Estate,Ares Commercial Real Estate Corp is a specialty finance company and a Real Estate Investment Trust providing commercial real estate loans and related investments. The company addresses the financing needs of the middle-market commercial real estate.,REITs,55,Financials,5
57,ACRS,Aclaris Therapeutics,"Aclaris Therapeutics Inc is a clinical-stage specialty pharmaceutical company which focuses on identifying, developing and commercializing differentiated drugs to address significant unmet needs in dermatology.",Biotechnology,10,Healthcare,6
58,ACRX,AcelRx Pharmaceuticals,AcelRx Pharmaceuticals Inc is a specialty pharmaceutical company. It is engaged in the development and commercialization of therapies for the treatment of acute pain.,Medical Devices,40,Healthcare,6
59,ACST,Acasti Pharma,"Acasti Pharma Inc is engaged in the research, development, and commercialization of prescription drugs using omega-3 fatty acids derived from krill oil.",Biotechnology,10,Healthcare,6
60,ACTG,Acacia Research,"Acacia Research Corporation is an intermediary in the patent marketplace, facilitating efficiency and delivering monetary rewards to patent owners.",Business Services,13,Corporate Services,3
61,ACU,Acme United Corporation.,"Acme United Corp is a supplier of cutting, measuring, first aid and sharpening products to the school, home, office, hardware, sporting goods and industrial markets.",Consumer Packaged Goods,21,Consumer Staples,2
64,ADAP,Adaptimmune Therapeutics plc,Adaptimmune Therapeutics PLC along with its subsidiaries is a clinical-stage biopharmaceutical company. It is engaged in novel cancer immunotherapy products based on its T-cell receptor platform.,Biotechnology,10,Healthcare,6
65,ADBE,Adobe,"Adobe Systems Inc offers a line of software and services for content creation and the measurement of digital advertising and marketing. Its software applications includes Photoshop and Lightroom, Adobe Analytics, Media Optimizer and Campaign Manager.",Application Software,4,Information Technology,8
66,ADC,Agree Realty,Agree Realty Corporation is engaged in real estate activities primarily in the United States. It manages retail properties for the purpose of generating shareholders income on a consistent basis.,REITs,55,Financials,5
67,ADES,Advanced Emissions Solutions,Advanced Emissions Solutions Inc is engaged in providing environmental technologies and specialty chemicals to the coal-burning utility industry.,Industrial Products,34,Industrials,7
68,ADI,Analog Devices,"Analog Devices Inc is engaged in the semiconductor industry. Its business involves designing, manufacturing and marketing of high-performance analog, mixed-signal and digital signal processing integrated circuits used in all types of electronic equipment.",Semiconductors,60,Materials,9
69,ADIL,Adial Pharmaceuticals,Adial Pharmaceuticals Inc is a United States-based pharmaceutical company. The company develops prescription medications for addiction and related disorders.,Biotechnology,10,Healthcare,6
70,ADM,Archer-Daniels-Midland Company,"Archer-Daniels Midland Co is a major processor of oilseeds, corn, wheat, and other agricultural commodities. The company's end products include vegetable oil and meal, corn sweeteners, flour, feed ingredients, and ethanol.",Consumer Packaged Goods,21,Consumer Staples,2
71,ADMA,ADMA Biologics,ADMA Biologics Inc is a biopharmaceutical company. The company develops and manufactures specialty plasma-based biologics for the proposed treatment of immune deficiencies and prevention of certain infectious diseases.,Biotechnology,10,Healthcare,6
74,ADNT,Adient plc,"Adient PLC is engaged in supplying automotive seating. It designs, manufactures and markets seating systems and components for passenger cars, commercial vehicles and light trucks, including vans, pick-up trucks and sport/crossover utility vehicles.",Autos,6,Industrials,7
76,ADP,Automatic Data Processing,"Automatic Data Processing Inc is a provider of miscellaneous business solutions. Its business includes provision of technology-based outsourcing solutions to employers, vehicle retailers and manufacturers.",Business Services,13,Corporate Services,3
79,ADSK,Autodesk,Autodesk Inc is engaged in the software industry. It develops software for a number of markets such as construction and media.,Application Software,4,Information Technology,8
81,ADT,ADT,"ADT Inc provides monitored security, interactive home and business automation and related monitoring services.",Consulting & Outsourcing,20,Professional Services,11
82,ADTN,ADTRAN,"Adtran Inc is engaged in providing networking and communications equipment. Its products enable voice, data, video and Internet communications across a variety of network infrastructures.",Communication Equipment,16,Information Technology,8
83,ADUS,Addus HomeCare,"Addus HomeCare Corp provides home and community based services, which are social in nature and are provided in the home, focused on the dual eligible population.",Health Care Providers,31,Healthcare,6
84,ADVM,Adverum Biotechnologies,Adverum Biotechnologies Inc is a gene therapy company committed to discovering and developing novel medicines that can offer potentially life-changing therapeutic benefit to patients living with rare diseases or diseases of the eye.,Biotechnology,10,Healthcare,6
86,ADXS,Advaxis,"Advaxis Inc focuses on discovery, development, and commercialization of proprietary Lm (Listeria monocytogenes)-LLO (Listeriolysin O) cancer immunotherapies.",Biotechnology,10,Healthcare,6
87,AE,Adams Resources & Energy,"Adams Resources & Energy Inc along with its subsidiaries is engaged in marketing of crude oil, natural gas and petroleum products; tank truck transportation of liquid chemicals; and oil and gas exploration and production.",Oil & Gas - Integrated,47,Energy & Utilities,4
88,AEE,Ameren,"Ameren Corp is an American power company. It operates a rate-regulated electric generation, transmission, and distribution business and a rate-regulated natural gas transmission and distribution business in Missouri and Illinois.",Utilities - Regulated,67,Energy & Utilities,4
92,AEHR,Aehr Test Systems,"Aehr Test Systems is engaged in the designing, manufacturing and marketing of test and burn-in products to the semiconductor manufacturing industry in several geographic areas.",Semiconductors,60,Materials,9
93,AEIS,Advanced Energy Industries,Advanced Energy Industries Inc is engaged in providing precision power-conversion measurement and control solutions which transforms power into various forms for use in manufacturing and industrial equipment and applications.,Computer Hardware,18,Information Technology,8
94,AEL,American Equity Investment Life Holding Company,American Equity Investment Life Holding Co is engaged in the development and sale of fixed index and fixed rate annuity products. The company through its wholly-owned life insurance subsidiaries issues fixed annuity and life insurance products.,Insurance - Life,36,Healthcare,6
96,AEMD,Aethlon Medical,Aethlon Medical Inc is a medical technology company. It operates through two segments namely Aethlon for therapeutic applications and ESI for diagnostic applications.,Computer Hardware,18,Information Technology,8
97,AEO,American Eagle Outfitters,"American Eagle Outfitters is a retailer of apparel and accessories that also offers personal care products. It sells its products in stores as well as online. It operates stores in the USA, Canada, Mexico, Hong Kong, China and the UK.",Retail - Apparel & Specialty,58,Commercial Services & Supplies,0
101,AES,The AES,"The AES Corp is a power generation and utility company. It is engaged in providing affordable, sustainable energy through its diverse portfolio of thermal and renewable generation facilities as well as distribution businesses.",Utilities - Regulated,67,Energy & Utilities,4
104,AEYE,AudioEye,AudioEye Inc provides web accessibility solutions by developing content publication and distribution software in the field of networked and device embedded audio technology.,Application Software,4,Information Technology,8
107,AFG,American Financial,"American Financial Group Inc is a property and casualty insurance company that operates through its subsidiaries. It sells fixed and fixed-indexed annuities in the retail, financial institutions and education markets.",Insurance - Property & Casualty,37,Healthcare,6
111,AFL,AFLAC Incorporated,Aflac Inc is a general business holding company and acts as a management company. It offers supplemental health and life insurance in the U.S. and Japan.,Insurance - Life,36,Healthcare,6
115,AGCO,AGCO,"AGCO Corp is a Georgia-based company which manufactures and distributes agricultural equipment and related replacement parts in various parts of the country. It sells a full range of agricultural equipment, including tractors, combines, among others.",Farm & Construction Machinery,28,Industrials,7
117,AGEN,Agenus,Agenus Inc along with its subsidiaries is a pharmaceutical company. It is engaged in discovery and development of revolutionary new treatments that engage the body's immune system to benefit patients suffering from cancer.,Biotechnology,10,Healthcare,6
120,AGIO,Agios Pharmaceuticals,Agios Pharmaceuticals Inc is a biopharmaceutical company which focuses on developing treatments geared towards cancer and rare genetic disorders of metabolism. It also emphasizes on developing potentially transformative small-molecule medicines.,Biotechnology,10,Healthcare,6
121,AGLE,Aeglea BioTherapeutics,"Aeglea BioTherapeutics Inc is a biopharmaceutical company committed to developing enzyme-based therapeutics in the field of amino acid metabolism, which will transform the lives of patients with inborn errors of metabolism and cancer.",Biotechnology,10,Healthcare,6
122,AGM,Federal Agricultural Mortgage,"Federal Agricultural Mortgage Corp provides agricultural real estate and rural housing mortgage loans in the secondary market in the U.S. Its operations consist of four segments: Farm & Ranch, USDA Guarantees, Rural Utilities, and Institutional Credit.",Credit Services,22,Corporate Services,3
126,AGNC,AGNC Investment,"AGNC Investment Corp is an internally-managed real estate investment trust. It invests in agency mortgage-backed securities on a leveraged basis, financed through collateralized borrowings structured as repurchase agreements.",REITs,55,Financials,5
127,AGO,Assured Guaranty,Assured Guaranty Ltd is in the financial services industry. The company provides insurance that protects holders of debt instruments and other monetary obligations from defaults in scheduled payments.,Insurance - Specialty,38,Healthcare,6
128,AGR,Avangrid,Avangrid Inc is a diversified energy and utility company with operations in more than 20 states. The company operates regulated utilities and electricity generation through two lines of business. Avangrid Networks and Avangrid Renewables.,Utilities - Regulated,67,Energy & Utilities,4
130,AGRX,Agile Therapeutics,Agile Therapeutics Inc is a women's health specialty pharmaceutical company. The Company is engaged in the development and commercialization of transdermal patch technology for use in contraception products.,Drug Manufacturers,23,Industrials,7
131,AGS,PlayAGS,"PlayAGS Inc acts as a designer and supplier of gaming products and services for the gaming industry. It supplies electronic gaming machines (EGM), server-based systems and back-office systems which are used by casinos, and various gaming locations.",Travel & Leisure,64,Transportation & Logistics,12
132,AGTC,Applied Genetic,"Applied Genetic Technologies Corp is a clinical-stage biotechnology company focused on gene therapy through a nontoxic adeno-associated virus. The company also offers products such as promoters, expression cassettes, and capsids for gene therapy.",Biotechnology,10,Healthcare,6
133,AGX,Argan,"Argan Inc through its subsidiary operates in the power industry services segment. It provides a full range of engineering, procurement and construction services for power-generating projects. It also engages in industrial fabrication and field services.",Engineering & Construction,26,Industrials,7
134,AGYS,Agilysys,"Agilysys Inc develops industry-specific technology solutions for business management. The company offers solutions to manage business operations such as property management, dining reservations, labor management, and document management.",Application Software,4,Information Technology,8
136,AHH,Armada Hoffler Properties,"Armada Hoffler Properties Inc is a full service real estate company that develops, constructs & owns institutional grade office, retail & multifamily properties in the Mid-Atlantic United States. It also offers general contracting & development services.",REITs,55,Financials,5
139,AHT,Ashford Hospitality Trust,"Ashford Hospitality Trust Inc is engaged in the real estate sector. It is focused on investing in the hospitality industry, especially on full-service upscale and upper-upscale hotels.",REITs,55,Financials,5
140,AI,Arlington Asset Investment (new),Arlington Asset Investment Corp is an investment firm. It focuses on acquiring and holding a levered portfolio of residential mortgage-backed securities (MBS) consisting of agency MBS and private-label MBS.,Banks,7,Financials,5
142,AIG,American International,"American International Group Inc is an insurance company. The company through its subsidiaries provides property casualty insurance, life insurance, retirement products, mortgage insurance and other financial services in the United States and abroad.",Insurance,35,Healthcare,6
143,AIHS,Senmiao Technology Limited,Senmiao Technology Ltd is an online lending platform in China connecting Chinese investors with individual and small-to-medium-sized enterprise borrowers and creditors. It offers standard loans and assignment of loans.,Credit Services,22,Corporate Services,3
146,AIN,Albany International,"Albany International Corp engages in the business of advanced textiles and materials processing. The company operates across the world offering machine clothing products, engineered fabric, and engineered composites for automotive and aerospace industry.",Homebuilding & Construction,32,Energy & Utilities,4
147,AINC,Ashford (Holding Company),"Ashford Inc provides asset management and advisory services to other entities, within the hospitality industry.",Asset Management,5,Financials,5
150,AIR,AAR,"AAR Corp along with its subsidiaries is engaged in providing products & services including overhaul, repair & engineering services to aviation & government & defense markets. Its business segments are Aviation Services and Expeditionary Services.",Aerospace & Defense,1,Transportation & Logistics,12
151,AIRG,Airgain,"Airgain Inc provides embedded antenna technologies used to enable high performance wireless networking across home, enterprise, & industrial devices. It designs, develops, and engineers its antenna products for original equipment & design manufacturers.",Communication Equipment,16,Information Technology,8
152,AIRI,Air Industries,"Air Industries Group is an aerospace and defense company. It manufactures and designs structural parts and assemblies that focus on flight safety, including landing gear, flight controls, throttle quadrants, jet engines and other components.",Aerospace & Defense,1,Transportation & Logistics,12
153,AIRT,Air T,"Air T Inc provides overnight air freight service to the express delivery industry, manufactures and sells aircraft deicers and other special purpose industrial equipment, and provides ground support equipment and facilities maintenance to airlines.",Transportation & Logistics,63,Transportation & Logistics,12
154,AIT,Applied Industrial,"Applied Industrial Technologies Inc is an industrial distributor in North America, Australia, and New Zealand, serving MRO (maintenance, repair, and operations) and OEM (original equipment manufacturing) customers in diversified industries.",Industrial Distribution,33,Industrials,7
155,AIV,Apartment Investment and Management Company,"Apartment Investment & Management Co is a self-administered and self-managed real estate investment trust, or REIT, engaged in the ownership and operation of a diversified portfolio of apartment properties.",REITs,55,Financials,5
156,AIZ,Assurant,Assurant Inc is a provider of specialized insurance products and related services in North America and selected other international markets.,Insurance,35,Healthcare,6
157,AJG,Arthur J. Gallagher & Co.,Arthur J. Gallagher & Co is engaged in providing insurance brokerage and consulting services and third-party claims settlement and administration services to both domestic and international entities.,Brokers & Exchanges,11,Financials,5
158,AJRD,Aerojet Rocketdyne,"Aerojet Rocketdyne Holdings Inc manufactures aerospace and defense products and systems which develops and manufactures propulsion systems for defense and space applications, and armaments for precision tactical and long-range weapon systems applications.",Aerospace & Defense,1,Transportation & Logistics,12
159,AJX,Great Ajax,"Great Ajax Corp is engaged in acquiring, investing in and managing a portfolio of mortgage loans. The Company operates in a single segment focused on non-performing mortgages and re-performing mortgages.",REITs,55,Financials,5
160,AKAM,Akamai,"Akamai Technologies Inc is a United States based company which provides cloud services for delivering, optimizing and securing online content and business applications over the Internet.",Application Software,4,Information Technology,8
162,AKBA,Akebia Therapeutics,Akebia Therapeutics Inc is a biopharmaceutical company. It focuses on the development and commercialization of novel therapeutics to patients with kidney disease through hypoxia-inducible factor (HIF) biology.,Biotechnology,10,Healthcare,6
169,AKR,Acadia Realty Trust,"Acadia Realty Trust is a real estate investment trust which focuses on the ownership, acquisition, development, and management of high-quality retail properties located primarily in the United States.",REITs,55,Financials,5
172,AKTS,Akoustis,Akoustis Technologies Inc operates in the telecommunications and fiber optics sector. The company designs and manufactures innovative radio frequency (RF) filters enabling the RF front-end (RFFE) of Mobile Wireless devices.,Communication Equipment,16,Information Technology,8
173,AKTX,Akari Therapeutics Plc,"Akari Therapeutics PLC is a biopharmaceutical company in clinical stage. It is focused on developing inhibitors of acute and chronic inflammation which includes the complement system, the bioamine system and the eicosanoid system.",Biotechnology,10,Healthcare,6
174,AL,Air Lease,Air Lease Corp is a U.S based aircraft leasing company. Its main source of revenue comes through the leasing of narrow and wide-bodied jet aircrafts primarily in the European market.,Consulting & Outsourcing,20,Professional Services,11
175,ALB,Albemarle,"Albemarle Corp is a developer, manufacturer and marketer of engineered specialty chemicals. It provides services to end markets including petroleum refining, consumer electronics, construction, automotive, lubricants and pharmaceuticals.",Chemicals,14,Materials,9
177,ALCO,Alico,"Alico Inc is an agribusiness and land management company. It is engaged in production of citrus groves, improved farmland, cattle ranching and conservation, and related support operations.",Consumer Packaged Goods,21,Consumer Staples,2
179,ALDX,Aldeyra Therapeutics,"Aldeyra Therapeutics Inc is biotechnology company focused on the development of products for inflammation, inborn errors of metabolism, and other diseases, related to endogenously generated toxic and pro-inflammatory chemical species known as aldehydes.",Biotechnology,10,Healthcare,6
180,ALE,Allete,"ALLETE Inc is engaged in the genration, transmission and distribution of electric power in the United States.",Utilities - Regulated,67,Energy & Utilities,4
181,ALEX,Alexander & Baldwin REIT Holding Company,"Alexander & Baldwin Inc is primarily a real estate company. It operates through three segments namely Commercial real estate, land operations and materials and construction. Most of its revenue is derived from managing retail and office properties.",REITs,55,Financials,5
182,ALG,Alamo,"Alamo Group Inc is engaged in the design and manufacturing of agricultural equipment and infrastructure maintenance equipment. Its products include tractor-mounted mowing and other vegetation maintenance equipment, among others.",Farm & Construction Machinery,28,Industrials,7
183,ALGN,Align Technology,"Align Technology Inc designs, manufactures and markets a system of clear aligner therapy, intra-oral scanners and CAD/CAM digital services used in dentistry, orthodontics, and dental records storage. Its segments are Clear Aligner and Scanners & Services.",Medical Devices,40,Healthcare,6
184,ALGT,Allegiant Travel Company,"Allegiant Travel Co provides travel services in the United States. It sells air transportation on a stand-alone basis, or bundled with air-related and third-party services and products.",Airlines,3,Transportation & Logistics,12
185,ALIM,Alimera Sciences,"Alimera Sciences Inc is a biopharmaceutical company which is engaged in the research, development, and commercialization of ophthalmic pharmaceuticals.",Drug Manufacturers,23,Industrials,7
187,ALK,Alaska Air,"Alaska Air Group Inc operates Alaska, Virgin America and Horizon Air airlines. The company through its subsidiaries provides passenger air, freight and mail services within the state of Alaska and on the West Coast.",Airlines,3,Transportation & Logistics,12
188,ALKS,Alkermes plc,"Alkermes PLC is a fully integrated, biopharmaceutical company. It applies its scientific expertise and proprietary technologies to research, develop and commercialize pharmaceutical products to address unmet medical needs of patients.",Biotechnology,10,Healthcare,6
189,ALL,Allstate (The),"Allstate Corp, through its subsidiaries, is primarily engaged in the property-liability insurance business and the life insurance, retirement and investment products business. It offers its products in the United States and Canada.",Insurance - Property & Casualty,37,Healthcare,6
190,ALLE,Allegion plc,"Allegion PLC provides security products and solutions that keep people safe, secure and productive. Its products include door closers, exit devices, frames, biometrics, special surfaces, video surveillance, wireless connectivity, and cloud technology.",Consulting & Outsourcing,20,Professional Services,11
192,ALLY,Ally Financial,Ally Financial Inc is a US based financial service provider. It mainly serves automotive dealers and their retail customers. The company through its subsidiary operates insurance and corporate finance business.,Banks,7,Financials,5
194,ALNY,Alnylam Pharmaceuticals,"Alnylam Pharmaceuticals Inc is a biopharmaceutical company. It is engaged in developing novel therapeutics based on RNA interference, or RNAi. RNAi is a naturally occurring biological pathway within cells for regulating the expression of specific genes.",Biotechnology,10,Healthcare,6
196,ALOT,AstroNova,"AstroNova Inc designs, develops, manufactures and distributes specialty printers and data acquisition and analysis systems that acquire, store, analyze and present data in multiple formats.",Computer Hardware,18,Information Technology,8
197,ALPN,Alpine Immune Sciences,"Alpine Immune Sciences Inc is engaged in discovering and developing modern, protein-based immunotherapies targeting the immune synapse to treat cancer, inflammation, and other diseases.",Biotechnology,10,Healthcare,6
199,ALRM,Alarm.com,Alarm.com Holdings Inc is a cloud-based software platform solution for the connected property. The company through its cloud-based services makes connected home technology accessible to home and business owners.,Application Software,4,Information Technology,8
200,ALRN,Aileron Therapeutics,Aileron Therapeutics Inc is a clinical-stage biopharmaceutical company that is focused on developing and commercializing a novel class of therapeutics called stapled peptides. The company's lead candidate is ALRN-6924.,Biotechnology,10,Healthcare,6
202,ALSN,Allison Transmission,Allison Transmission Holdings Inc is engaged in the design amd manufacturing of commercial and defense fully-automatic transmissions. It manufactures transmissions for medium- and heavy-duty commercial vehicles and defense vehicles.,Autos,6,Industrials,7
203,ALT,Altimmune,"Altimmune Inc is a clinical stage immunotherapeutic biotechnology company. It is involved in the business of developing products that engage, stimulate and improve immune responses for the prevention and treatment of diseases.",Biotechnology,10,Healthcare,6
204,ALTM,Altus Midstream Company,"Kayne Anderson Acquisition Corp is a blank check company. The Company was formed for the purpose of effecting a merger, capital stock exchange, asset acquisition, stock purchase, reorganization or similar business combination.",Oil & Gas - Midstream,48,Energy & Utilities,4
205,ALTR,Altair Engineering,"Altair Engineering Inc is a provider of enterprise-class engineering software. It also provides services related to its software including consulting, training, implementation services, and support, along with technical services for product development.",Application Software,4,Information Technology,8
206,ALV,Autoliv,Autoliv Inc is involved in the auto parts industry. Its products mainly include passive and active safety systems.,Autos,6,Industrials,7
207,ALX,Alexander's,"Alexander's Inc is a real estate investment trust which leases, manages, and develops properties. The company's portfolio comprises retail and office properties located in metropolitan and suburban areas of New York City.",REITs,55,Financials,5
209,AM,Antero Midstream Partners representing limited partner interests,"Antero Midstream Partners LP is engaged in providing midstream services to Antero under a long-term, fixed-fee contract. Its assets consist of gathering pipelines and compressor stations.",Oil & Gas - Midstream,48,Energy & Utilities,4
211,AMAT,Applied Materials,"Applied Materials Inc is a supplier of semiconductor manufacturing equipment. It provides manufacturing equipment, services and software to the semiconductor, flat panel display, solar photovoltaic and related industries.",Semiconductors,60,Materials,9
212,AMBA,Ambarella,"Ambarella Inc is a developer of semiconductor processing solutions for video that enable high-definition (HD), video capture, analysis, sharing and display.",Semiconductors,60,Materials,9
213,AMBC,Ambac Financial,Ambac Financial Group Inc through its subsidiaries provides insurance and other financial services. The company's Financial Guarantee segment offers insurance policies and credit derivative contracts.,Insurance - Specialty,38,Healthcare,6
216,AMC,AMC Entertainment,"AMC Entertainment Holdings Inc is engaged in theatrical exhibition. It is principally involved in the theatrical exhibition business and owns, operates or has interests in theatres located in the United States.",Entertainment,27,Healthcare,6
218,AMCX,AMC Networks,AMC Networks Inc is a player in the media industry. The company owns and operates several of cable television's brands delivering high quality content to audiences and a valuable platform to distributors and advertisers.,Entertainment,27,Healthcare,6
219,AMD,Advanced Micro Devices,"Advanced Micro Devices Inc designs and produces microprocessors and low-power processor solutions for the computer, communications, and consumer electronics industries.",Semiconductors,60,Materials,9
220,AME,AMETEK,"AMETEK Inc is a manufacturer of electronic instruments and electromechanical devices with operations in North America, Europe, Asia and South America.",Industrial Products,34,Industrials,7
221,AMED,Amedisys,"Amedisys Inc is a provider of home health services to the chronic, co-morbid, aging American population. The company's operations include servicing patients through its segments home health, hospice and personal care.",Health Care Providers,31,Healthcare,6
222,AMEH,Apollo Medical,"Apollo Medical Holdings Inc is a physician-centric, integrated healthcare delivery company serving Medicare, Commercial and Medi-Cal beneficiaries in California. Its physician network consists of hospitalists, primary care and specialist physicians.",Health Care Providers,31,Healthcare,6
223,AMG,Affiliated Managers,"Affiliated Managers Group Inc is an asset management company. It has equity investments in boutique investment management firms. It provides centralized assistance in strategic matters, marketing, distribution, product development and operations.",Asset Management,5,Financials,5
224,AMGN,Amgen,"Amgen Inc is a U.S. based biotechnology company, with historical expertise in renal disease and cancer supportive care products. The firm discovers, develops, manufactures and delivers human therapeutics.",Biotechnology,10,Healthcare,6
226,AMH,American Homes 4 Rent of Beneficial Interest,"American Homes 4 Rent is an internally managed real estate investment trust (REIT) focused on acquiring, renovating, leasing and operating single-family homes as rental properties.",REITs,55,Financials,5
228,AMKR,Amkor Technology,"Amkor Technology Inc is a provider of outsourced semiconductor packaging and test services to integrated device manufacturers, fabless semiconductor companies, and contract foundries.",Semiconductors,60,Materials,9
229,AMN,AMN Healthcare Services,"AMN Healthcare Services Inc is a healthcare staffing firm. It provides healthcare workforce solutions and staffing services. AMN provides nurse and allied healthcare staffing, locum tenens staffing and physician permanent placement services.",Health Care Providers,31,Healthcare,6
230,AMNB,American National Bankshares,American National Bankshares Inc is a one-bank holding company which provides community banking which making loans to and generating deposits from individuals and Trust and investment services to its customers.,Banks,7,Financials,5
231,AMOT,Allied Motion,"Allied Motion Technologies Inc designs, manufactures and sells precision and speciality motion control components and systems. The firm's primary targets are vehicle, medical, aerospace, defense, electronics and industrial, pumps and robotics sectors.",Computer Hardware,18,Information Technology,8
233,AMP,Ameriprise Financial,Ameriprise Financial Inc is a diversified financial services company. It offers products and services designed to achieve the financial objectives of individual and institutional clients. It also has the largest branded advisor networks in the industry.,Asset Management,5,Financials,5
234,AMPE,Ampio Pharmaceuticals,Ampio Pharmaceuticals Inc is a biopharmaceutical company. The company is engaged in the development of therapies to treat prevalent inflammatory conditions for which there are limited treatment options.,Biotechnology,10,Healthcare,6
235,AMPH,Amphastar Pharmaceuticals,"Amphastar Pharmaceuticals Inc is a specialty pharmaceutical company engaged in developing, manufacturing, marketing and selling generic and proprietary injectable & inhalation products. Its products are used in hospitals or urgent care clinical settings.",Drug Manufacturers,23,Industrials,7
236,AMR,Alta Mesa Resources,"Alta Mesa Resources In, is a blank check company formed for the purpose of effecting a merger, capital stock exchange, asset acquisition, stock purchase, reorganization or similar business combination.",Conglomerates,19,Industrials,7
238,AMRC,Ameresco,"Ameresco, Inc. is an independent provider of comprehensive energy services including energy efficiency, infrastructure upgrades, energy security and resilience, asset sustainability and renewable energy solutions for businesses and organizations.",Engineering & Construction,26,Industrials,7
240,AMRK,A-Mark Precious Metals,"A-Mark Precious Metals Inc along with its subsidiaries is a full-service precious metals trading company. The Company offers products including gold, silver, platinum and palladium for storage and delivery in the form of coins, bars, wafers and grain.",Brokers & Exchanges,11,Financials,5
241,AMRN,Amarin plc,Amarin Corp PLC is a biopharmaceutical company with expertise in lipid science. The company is engaged in commercialization and development of therapeutics to improve cardiovascular health.,Biotechnology,10,Healthcare,6
242,AMRS,Amyris,"Amyris Inc is an industrial biotechnology company engaged in the engineering, manufacturing, and sales of products in markets such as cosmetics, flavors and fragrances, solvents and cleaners, polymers, lubricants, healthcare products, and fuels.",Chemicals,14,Materials,9
243,AMRX,Amneal Pharmaceuticals,"Amneal Pharmaceuticals Inc is a generic pharmaceutical manufacturer. The company manufacture and commercialize complex oral solids, injectables, ophthalmics, liquids, topicals, softgels, inhalation products.",Drug Manufacturers,23,Industrials,7
244,AMS,American Shared Hospital Services,American Shared Hospital Services mainly provides gamma knife stereotactic radiosurgery equipment and radiation therapy and related equipment various medical centers in the United States.,Health Care Providers,31,Healthcare,6
245,AMSC,American Superconductor,American Superconductor Corp provides megawatt-scale solutions that lower the cost of wind power and enhance the performance of the power grid. The Company's business segments are Wind and Grid.,Computer Hardware,18,Information Technology,8
246,AMSF,AMERISAFE,"AMERISAFE Inc is a specialty provider of workers' compensation insurance to employers engaged in hazardous industries, mainly construction, trucking, manufacturing, oil and gas and agriculture.",Insurance - Property & Casualty,37,Healthcare,6
247,AMSWA,American Software Common Stock,"American Software Inc develops enterprise management and supply chain related software and services. Its solutions consist of global sourcing, workflow management, customer service applications, and ERP solutions.",Application Software,4,Information Technology,8
248,AMT,American Tower (REIT),"American Tower Corp is a real estate investment trust and an owner, operator and developer of multitenant communications real estate. The company leases the space of communications sites to wireless service providers, and wireless data providers.",Communication Services,17,Corporate Services,3
250,AMTX,Aemetis,"Aemetis Inc is a renewable fuels and biochemical company. It is engaged in the production of fuels and chemicals through acquisition, development and commercialization of technologies that replace traditional petroleum based products.",Chemicals,14,Materials,9
251,AMWD,American Woodmark,American Woodmark Corp manufactures and distributes kitchen cabinets and vanities for the remodeling and new home construction markets.,Manufacturing - Apparel & Furniture,39,Industrials,7
253,AMZN,Amazon.com,"Amazon.com Inc is an online retailer. The Company sells its products through the website which provides services, such as advertising services and co-branded credit card agreements. It also offers electronic devices like Kindle e-readers and Fire tablets.",Retail - Apparel & Specialty,58,Commercial Services & Supplies,0
254,AN,AutoNation,"AutoNation Inc is an automotive retailer in the United States. The company offers all types of automotive products and services, including new vehicles, used vehicles, parts and accessories, automotive services, automotive finance and insurance products.",Autos,6,Industrials,7
255,ANAB,AnaptysBio,AnaptysBio Inc is a biotechnology company. The company is engaged in developing first-in-class antibody product candidates focused on unmet medical needs in inflammation and immuno-oncology. Its product include ANB020 and ANB019.,Biotechnology,10,Healthcare,6
257,ANDE,The Andersons,"Andersons Inc is predominantly an agricultural products distributor in the United States. It is also engaged in the manufacture of ethanol, fertilizers and rail operations.",Retail - Defensive,59,Consumer Discretionary,1
259,ANET,Arista Networks,"Arista Networks Inc is a supplier of cloud networking solutions that use software innovations to address the needs of large-scale Internet companies, cloud service providers, and next-generation data centers for enterprise support.",Computer Hardware,18,Information Technology,8
260,ANF,Abercrombie & Fitch Company,"Abercrombie & Fitch Co is a retailer that sells apparel, personal care products and accessories for men, women and kids under Abercrombie & Fitch, Abercrombie kids, and Hollister brands. It operates online stores as well as direct-to-consumer operations.",Retail - Apparel & Specialty,58,Commercial Services & Supplies,0
262,ANGI,ANGI Homeservices,"ANGI Homeservices Inc creates digital marketplace for home services, connecting millions of homeowners across the globe with home service professionals. It brands include HomeAdvisor, Angie's List, mHelpDesk, HomeStars (Canada), and MyHammer (Germany).",Online Media,51,"Media, Marketing & Sales",10
263,ANGO,AngioDynamics,"AngioDynamics Inc designs, manufactures and sells medical, surgical and diagnostic devices used by professional healthcare providers for the treatment of peripheral vascular disease and for use in oncology and surgical settings.",Medical Instruments & Equipment,43,Commercial Services & Supplies,0
265,ANIK,Anika Therapeutics,"Anika Therapeutics Inc develops, manufactures and commercializes therapeutic products for tissue protection, healing and repair.",Biotechnology,10,Healthcare,6
266,ANIP,ANI Pharmaceuticals,"ANI Pharmaceuticals Inc is a specialty pharmaceutical company. The Company, together with its subsidiary is engaged in developing, manufacturing, and marketing branded and generic prescription pharmaceuticals.",Biotechnology,10,Healthcare,6
267,ANIX,Anixa Biosciences,"ITUS Corp is engaged in developing a diagnostic platform called Cchek, for the early detection of tumor-based cancers.",Medical Diagnostics & Research,41,Healthcare,6
268,ANSS,ANSYS,"Ansys Inc functions in the software industry. It develops and markets engineering software and services catering to engineers, designers, researchers and students across a broad spectrum of industries and academia.",Application Software,4,Information Technology,8
270,ANY,Sphere 3D,Sphere 3D Corp is a technology development company. It delivers containerization and virtualization technologies along with data management products that enable workload-optimized solutions.,Application Software,4,Information Technology,8
273,AON,Aon plc (UK),"Aon PLC acts as a provider of risk management services, insurance and reinsurance brokerage, human resource consulting, and outsourcing solutions. The commercial risk solutions generate maximum revenue.",Brokers & Exchanges,11,Financials,5
274,AOS,A.O. Smith,"A.O. Smith Corp manufactures and markets water heaters and boilers, for residential and commercial end markets. The Company has two reporting segments; North America and Rest of World.",Industrial Products,34,Industrials,7
275,AOSL,Alpha and Omega Semiconductor Limited,"Alpha & Omega Semiconductor Ltd designs, develops and supplies a broad range of power semiconductors for computing, consumer electronics, communication and industrial applications.",Semiconductors,60,Materials,9
276,AP,Ampco-Pittsburgh,"Ampco-Pittsburgh Corp and its subsidiaries produces forged hardened steel rolls used in cold rolling by producers of steel, aluminum & other metals throughout the world. Its segments include Forged and Cast Engineered Products & Air and Liquid Processing.",Industrial Products,34,Industrials,7
277,APA,Apache,"Apache Corp is engaged in the oil and gas sector. As an independent energy company, its activities include exploration, development and production of natural gas, crude oil and natural gas liquids.",Oil & Gas - E&P,46,Energy & Utilities,4
278,APAM,Artisan Partners Asset Management,Artisan Partners Asset Management Inc is a global investment management firm offering investment strategies in asset classes such as equity and bonds to its clients and investors. The firm has approximately $95 billion in total assets under management.,Asset Management,5,Financials,5
280,APD,Air Products and Chemicals,"Air Products & Chemicals Inc is a supplier of hydrogen and helium. It also provides semiconductor materials, refinery hydrogen, natural gas liquefaction and coatings and adhesives.",Chemicals,14,Materials,9
281,APDN,Applied DNA Sciences,"Applied DNA Sciences Inc creates security solutions addressing the challenges of supply chain security, brand protection or law enforcement applications.",Consulting & Outsourcing,20,Professional Services,11
282,APEI,American Public Education,American Public Education Inc is a provider of online and campus-based postsecondary education.,Education,24,Healthcare,6
285,APH,Amphenol,"Amphenol Corp is engaged in the field of electronic components. It designs and manufactures electrical, electronic and fiber optic connectors, interconnect systems and coaxial and flat-ribbon cables.",Computer Hardware,18,Information Technology,8
288,APLE,Apple Hospitality REIT,Apple Hospitality REIT Inc is a real estate investment trust based in the United States. It invests mainly in hotel properties with the objective of acquiring income to be transferred to its investors.,REITs,55,Financials,5
289,APLS,Apellis Pharmaceuticals,Apellis Pharmaceuticals Inc is a clinical-stage biopharmaceutical company. The company is engaged in the discovery and development of novel therapeutic compounds for autoimmune and inflammatory diseases.,Biotechnology,10,Healthcare,6
290,APO,Apollo Global Management LLC Representing Limitied Liability Company Interests,"Apollo Global Management LLC is an alternative-asset management company. It invests and manages funds on behalf of prominent pension, endowment and sovereign wealth funds as well as other institutional and individual investors.",Asset Management,5,Financials,5
291,APOG,Apogee Enterprises,Apogee Enterprises Inc is engaged in the design and development of value-added glass solutions for enclosing commercial buildings and framing art.,Building Materials,12,Materials,9
293,APPF,AppFolio,"AppFolio Inc is a provider of industry-specific, cloud-based software solutions for small and medium-sized businesses (SMBs) in the property management and legal industries.",Application Software,4,Information Technology,8
294,APPN,Appian,Appian Corp provides low-code software development platform as a service that enables organizations to rapidly develop powerful and unique applications.,Application Software,4,Information Technology,8
295,APPS,Digital Turbine,"Digital Turbine Inc through its subsidiaries, delivers end-to-end products and solutions for mobile operators, app advertisers, device OEMs and other third parties. It reportable segments are Advertising and Content.",Application Software,4,Information Technology,8
296,APRN,Blue Apron,"Blue Apron Holdings Inc creates original recipes, which are sent along with fresh, seasonal ingredients, directly to customers for them to prepare, cook, and enjoy.",Retail - Apparel & Specialty,58,Commercial Services & Supplies,0
297,APT,Alpha Pro Tech,"Alpha Pro Tech Ltd develops, manufactures & markets disposable protective apparel & infection control products for cleanroom, industrial, pharmaceutical, medical & dental markets. It also manufactures building supply construction weatherization products.",Building Materials,12,Materials,9
298,APTO,Aptose Biosciences,Aptose Biosciences Inc is a clinical-stage biotechnology company committed to discovering and developing personalized therapies addressing unmet medical needs in oncology.,Biotechnology,10,Healthcare,6
300,APTV,Aptiv PLC,"Aptiv PLC primarily supplies components and systems that are used to build a vehicle's electrical system. The company also provides body controls, infotainment and connectivity systems for the automobile industry.",Autos,6,Industrials,7
301,APTX,Aptinyx,"Aptinyx Inc is a clinical-stage biopharmaceutical company focused on the discovery, development, and commercialization of novel, proprietary, synthetic small molecules for the treatment of brain and nervous system disorders.",Biotechnology,10,Healthcare,6
303,APVO,Aptevo Therapeutics,"Aptevo Therapeutics Inc is a biosciences company. The company is engaged in the discovery, development, commercialization and sale of novel oncology and hematology therapeutics.",Biotechnology,10,Healthcare,6
306,APYX,Apyx Medical,"Bovie Medical Corp develops, manufactures, and markets medical products and devices. Its medical products include electrosurgical generators and accessories, cauteries, medical lighting, nerve locators and other products.",Medical Instruments & Equipment,43,Commercial Services & Supplies,0
308,AQB,AquaBounty,AquaBounty Technologies Inc is a biotechnology company. The company is engaged in the business of conducting research and development of the commercial viability of a group of proteins known as antifreeze proteins.,Biotechnology,10,Healthcare,6
309,AQMS,Aqua Metals,"Aqua Metals Inc is engaged in recycling lead-acid batteries. The company has developed AquaRefining, a modular electrochemical process that produces ultra-pure lead from used lead-acid batteries.",Waste Management,68,Transportation & Logistics,12
311,AQUA,Evoqua Water,"Evoqua Water Technologies Corp is a provider of mission critical water treatment solutions. It operates in three segments namely: Industrial, Municipal and Products.",Industrial Products,34,Industrials,7
313,AR,Antero Resources,"Antero Resources Corp is an independent oil and natural gas company, which acquires, explores, produces, and develops natural gas, natural gas liquids, and oil properties in the United States.",Oil & Gas - E&P,46,Energy & Utilities,4
315,ARAV,Aravive,Versartis Inc is an endocrine-focused biopharmaceutical company initially developing long-acting recombinant human growth hormone for the treatment of growth hormone deficiency.,Biotechnology,10,Healthcare,6
316,ARAY,Accuray Incorporated,"Accuray Inc is a radiation oncology company that develops, manufactures, sells and supports precise treatment solutions. Its products includes the CyberKnife Systems and the TomoTherapy Systems.",Medical Devices,40,Healthcare,6
317,ARC,ARC Document Solutions,"ARC Document Solutions Inc engaged in providing document management solutions to businesses, including non-residential segment of architecture, engineering & construction industry. Its offering include; onsite, digital, color & traditional reprographics.",Business Services,13,Corporate Services,3
318,ARCB,ArcBest,"ArcBest Corp is a transportation company. The company provides freight transportation services and solutions. It operates through three segments namely Asset-Based, ArcBest and FleetNet.",Transportation & Logistics,63,Transportation & Logistics,12
319,ARCC,Ares Capital,"Ares Capital Corp is a specialty finance company that is a closed-end, non-diversified management investment company. Its investment objective is to generate both current income and capital appreciation through debt and equity investments.",Asset Management,5,Financials,5
320,ARCH,Arch Coal,"Arch Coal Inc is a coal producer in the United States, which sells coal to power plants, steel mills and industrial facilities.",Coal,15,Energy & Utilities,4
323,ARCT,Arcturus Therapeutics,"Arcturus Therapeutics Ltd is a biotechnology company developing novel RNA medicines. The company develops novel RNA medicines in therapeutic areas including infectious disease, cystic fibrosis, nonalcoholic steatohepatitis (NASH) and rare liver diseases.",Biotechnology,10,Healthcare,6
327,ARDX,Ardelyx,"Ardelyx Inc is a biotechnology company focused on the discovery, development, and commercialization of molecule and polymeric therapeutics to treat the gastrointestinal tract and cardiorenal diseases.",Biotechnology,10,Healthcare,6
328,ARE,Alexandria Real Estate Equities,"Alexandria Real Estate Equities Inc is an urban office REIT engaged in life science and technology campuses through ownership, operation, management and selective redevelopment and development of properties in office/laboratory space.",REITs,55,Financials,5
329,ARES,Ares Management,Ares Management LP is a global alternative asset manager. It offers its investor a range of investment strategies and seeks to deliver attractive performance to a growing investor base.,Asset Management,5,Financials,5
331,ARGO,Argo International,Argo Group International Holdings Ltd is an international underwriter of specialty insurance and reinsurance products in the property and casualty market.,Insurance - Property & Casualty,37,Healthcare,6
333,ARI,Apollo Commercial Real Estate Finance,"Apollo Commercial Real Estate Finance Inc invests, acquires, and manages various real-estate related debt investments across the United States. The subordinate loans and first-mortgage loans account for the vast majority of the portfolio on a cost basis.",REITs,55,Financials,5
334,ARKR,Ark Restaurants,Ark Restaurants Corp through its subsidiaries owns and operates restaurants and bars. The Company is also engaged in fast food concepts and catering operations.,Restaurants,57,Corporate Services,3
335,ARL,American Realty Investors,"American Realty Investors Inc acquires, develops and owns income-producing residential and commercial real estate properties.",Real Estate Services,56,Professional Services,11
336,ARLP,Alliance Resource Partners,"Alliance Resource Partners LP is a producer and marketer of coal in the United States. Most of its operations are prevalent in the Illinois Basin, which entails underground mining complexes in Illinois, Indiana, Kentucky, Maryland and West Virginia.",Coal,15,Energy & Utilities,4
337,ARMK,Aramark,"Aramark is engaged in the restaurant business. Apart from its core focus on providing food services, Aramark engages in providing facilities and uniform services. It caters to education, healthcare and leisure markets.",Restaurants,57,Corporate Services,3
340,AROC,Archrock,"Archrock Inc opeartes in the U.S. natural gas contract operations services business and provides natural gas compression services to customers in the oil and natural gas industry throughout the U.S., and supplies aftermarket services.",Oil & Gas - Services,50,Commercial Services & Supplies,0
341,AROW,Arrow Financial,"Arrow Financial Corp is a holding company. It provides various advisory and administrative services and coordinates the general policies and operation of the banks as well as online and mobile banking, mortgages, commercial loans, investments and other.",Banks,7,Financials,5
344,ARR,ARMOUR Residential REIT,ARMOUR Residential REIT Inc invests in and manages a leveraged portfolio of residential mortgage backed securities. It invests in residential mortgage backed securities issued or guaranteed by a United States Government-sponsored entity.,REITs,55,Financials,5
346,ARRY,Array BioPharma,"Array BioPharma Inc is a biopharmaceutical company. It is engaged in the discovery, development and commercialization of targeted small molecule drugs to treat patients afflicted with cancer.",Biotechnology,10,Healthcare,6
347,ARTNA,Artesian Resources Non-Voting Common Stock,"Artesian Resources Corp through its subsidiaries offers water, wastewater and other services on the Delmarva Peninsula. It distributes water for public and private fire protection, to residential, commercial, industrial, municipal and utility customers.",Utilities - Regulated,67,Energy & Utilities,4
348,ARTW,Art's-Way Manufacturing Co.,"Art's-Way Manufacturing Co Inc is a manufacturer of agricultural equipment. It has three reportable segments: Agricultural Products, Modular Buildings and Tools.",Farm & Construction Machinery,28,Industrials,7
350,ARW,Arrow Electronics,"Arrow Electronics Inc is a value-added distributor of electronic components, software, and data center infrastructure hardware. The company primarily sells semiconductors, software, storage, and servers to electronic equipment manufacturers and resellers.",Computer Hardware,18,Information Technology,8
351,ARWR,Arrowhead Pharmaceuticals,"Arrowhead Pharmaceuticals Inc is a biotechnology company. It is engaged in the development of medicine to treat diseases such as hepatitis B, and thrombosis with a genetic origin, primarily divided by the overproduction of one or more proteins.",Biotechnology,10,Healthcare,6
353,ASB,Associated Banc-Corp,Associated Banc-Corp is a commercial bank holding company. It provides banking and related financial services to consumer and commercial customers.,Banks,7,Financials,5
358,ASGN,ASGN Incorporated,"ASGN Inc, formerly On Assignment Inc provides skilled and professionals in the growing life sciences, healthcare, and technology sectors. The company's operating business segments are Apex and Oxford.",Employment Services,25,Professional Services,11
359,ASH,Ashland Global,Ashland Global Holdings Inc is engaged in the chemical industry. Its chemical based products find application in a diverse range of industries.,Chemicals,14,Materials,9
360,ASIX,AdvanSix,"AdvanSix Inc manufactures Nylon 6, a polymer resin used to produce engineered plastics, fibers, filaments & films that are used in end-products as automotive & electronic components, carpets, sports apparel, fishing nets & food and industrial packaging.",Chemicals,14,Materials,9
363,ASMB,Assembly Biosciences,"Assembly Biosciences Inc is a clinical stage biotechnology company advancing two innovative platform programs, a new class of oral therapeutics for the treatment of hepatitis B virus infection and novel class of oral synthetic live biotherapeutics.",Biotechnology,10,Healthcare,6
367,ASNS,Arsanis,"Arsanis Inc is a biopharmaceutical company. It is engaged in the discovery, development and commercialization of monoclonal antibodies for the targeted immunotherapy of serious infections.",Biotechnology,10,Healthcare,6
368,ASPN,Aspen Aerogels,"Aspen Aerogels Inc is an energy technology company that designs, develops and manufactures high-performance aerogel insulation used in energy infrastructure and construction facilities.",Building Materials,12,Materials,9
369,ASPS,Altisource Portfolio Solutions S.A.,"Altisource Portfolio Solutions SA is a marketplace and transaction solutions provider for the real estate, mortgage and consumer debt industries. It operates in segments including mortgage services, financial services and technology services.",Business Services,13,Corporate Services,3
370,ASPU,Aspen,"Aspen Group Inc, together with its subsidiaries, is engaged in offering distance-learning education services. Its Program offering includes; Associates, Bachelor's, Master's, Doctoral Degree & other Certification Programs.",Education,24,Healthcare,6
372,ASRT,Assertio Therapeutics,Depomed Inc is a specialty pharmaceutical company focused on pain and other conditions and diseases of the central nervous system.,Drug Manufacturers,23,Industrials,7
373,ASRV,AmeriServ Financial,"AmeriServ Financial Inc is a bank holding company. The company through its subsidiary provides an array of retail banking services, lending, depository, real estate mortgage loans, short and medium-term loans, and others.",Banks,7,Financials,5
375,ASTC,Astrotech,"Astrotech Corp is a science and technology development company. The firm invents, acquires, and commercializes technological innovations sourced from internal research, universities, laboratories, and research institutions.",Aerospace & Defense,1,Transportation & Logistics,12
376,ASTE,Astec Industries,"Astec Industries Inc designs, engineers, manufactures and markets equipment and components used in road building, utility and related construction activities as well as other products. It also serves the energy market by supplying various products.",Farm & Construction Machinery,28,Industrials,7
377,ASUR,Asure Software,Asure Software Inc provides cloud-based software-as-a-service time and labor management and workspace management solutions. It offers solutions including AsureSpace workplace management solutions and AsureForce time and labor management solutions.,Application Software,4,Information Technology,8
380,ASYS,Amtech Systems,"Amtech Systems Inc is a manufacturer of capital equipment, including thermal processing, silicon wafer handling automation, and related consumables used in fabricating solar cells, LED and semiconductor devices.",Semiconductors,60,Materials,9
382,ATAI,ATA,"ATA Inc is a computer-based testing service provider. The company offers testing systems such as test development, test delivery, and data management. It also provides test-based training, education programs, and test preparation courses to individuals.",Education,24,Healthcare,6
384,ATEC,Alphatec,"Alphatec Holdings Inc is a medical technology company. It is engaged in the design, development and promotion of products for the surgical treatment of spine disorders. Its product portfolio includes Biolocs, cervical, interbody, and others.",Medical Instruments & Equipment,43,Commercial Services & Supplies,0
385,ATEN,A10 Networks,"A10 Networks Inc provides application networking technologies. Its solutions enable enterprises, service providers, web giants and government organizations to accelerate, secure and optimize the performance of data center applications and networks.",Application Software,4,Information Technology,8
386,ATGE,Adtalem Global Education,"Adtalem Global Education Inc is a provider of educational services. The company offers programs in business, healthcare, professional education, and technology and business.",Education,24,Healthcare,6
390,ATHX,Athersys,Athersys Inc is a biopharmaceutical company engaged in the discovery and development of therapeutic product candidates designed to extend and improve the quality of human life.,Biotechnology,10,Healthcare,6
391,ATI,Allegheny Incorporated,"Allegheny Technologies Inc is a diversified specialty metals producer. Its products include titanium and titanium alloys, nickel-based alloys and specialty steels, precision forgings, castings and machined components, and zirconium.",Industrial Products,34,Industrials,7
393,ATKR,Atkore International,Atkore International Group Inc manufactures Electrical Raceway products for the non-residential construction and renovation markets and Mechanical Products & Solutions for the construction and industrial market.,Industrial Products,34,Industrials,7
394,ATLC,Atlanticus,Atlanticus Holdings Corp is focused on providing financial services. It offers financial products and services to a market represented by credits risks that regulators classify as sub-prime.,Credit Services,22,Corporate Services,3
395,ATLO,Ames National,"Ames National Corporation is a bank holding company providing savings accounts, demand deposits, money market accounts and loans comprising real estate, residential, equipment and personal and other services.",Banks,7,Financials,5
396,ATNI,ATN International,"ATN International Inc is a telecommunications and utilities company. It provides telecommunications services to rural, niche and other under-served markets and geographies in the United States, Bermuda and the Caribbean.",Communication Services,17,Corporate Services,3
397,ATNM,Actinium Pharmaceuticals (Delaware),Actinium Pharmaceuticals Inc is a biopharmaceutical company engaged in the development of innovative-targeted therapies for patients with cancers lacking effective treatment options. The company's product portfolio includes Iomab-B and Actimab-A.,Biotechnology,10,Healthcare,6
399,ATO,Atmos Energy,"Atmos Energy Corp is engaged in the utilities sector. It distributes natural gas to residential, commercial, public authority & industrial customers.",Utilities - Regulated,67,Energy & Utilities,4
400,ATOM,Atomera Incorporated,"Atomera Inc is engaged in the business of developing, commercializing and licensing proprietary processes and technologies for the semiconductor industry. Its Mears Silicon Technology that can be applied as a transistor channel enhancement.",Semiconductors,60,Materials,9
401,ATOS,Atossa Genetics,Atossa Genetics Inc mainly focuses on the development of novel therapeutics and delivery methods for the treatment of breast cancer and other breast conditions.,Medical Diagnostics & Research,41,Healthcare,6
402,ATR,AptarGroup,"AptarGroup, Inc. is a solution provider of packaging delivery solutions for the beauty, personal care, home care, prescription drug, consumer health care, injectables, food and beverage markets.",Packaging & Containers,52,Commercial Services & Supplies,0
403,ATRA,Atara Biotherapeutics,Atara Biotherapeutics Inc is engaged in the development of pharmaceutical products. The company's focus lies on developing therapies addressing serious-life threatening diseases in the United States.,Biotechnology,10,Healthcare,6
404,ATRC,AtriCure,"AtriCure Inc is a medical device company. It develops, manufactures and sells cardiac surgical ablation systems designed to create precise lesions, scars in cardiac, heart, and tissue. It generates revenue by selling disposable surgical devices.",Medical Instruments & Equipment,43,Commercial Services & Supplies,0
405,ATRI,Atrion,Atrion Corp supplies medical devices and related components. The company makes various products such as fluid delivery devices and sells it worldwide. It aims to serve the patients with heart disease and eye problems.,Medical Instruments & Equipment,43,Commercial Services & Supplies,0
406,ATRO,Astronics,"Astronics Corp supplies products to the aerospace, defense and other industries.The company has two reportable segments namely Aerospace and Test Systems. It generates a majority of its revenue from the Aerospace segment.",Aerospace & Defense,1,Transportation & Logistics,12
408,ATSG,Air Transport Services,"Air Transport Services Group Inc, through its subsidiaries, provides aircraft leasing, airline operations, aircraft maintenance and other support services to the air cargo transportation and package delivery industries.",Transportation & Logistics,63,Transportation & Logistics,12
412,ATUS,Altice USA,"Altice USA Inc operates in the telecommunications, media and entertainment business. The company has two segments: Cablevision and Cequel through which it provides digital cable television, high-speed Internet, voice, and data products and services.",Communication Services,17,Corporate Services,3
414,ATVI,Activision Blizzard,"Activision Blizzard is a developer and publisher of interactive entertainment content and services. It develops and distributes content and services on video game consoles, personal computers, and mobile devices.",Application Software,4,Information Technology,8
415,ATXI,Avenue Therapeutics,"Avenue Therapeutics Inc is a specialty pharmaceutical company focused on the development and commercialization of an intravenous, or IV, formulation of tramadol HCl, or IV Tramadol, for the management of moderate to moderately severe postoperative pain.",Drug Manufacturers,23,Industrials,7
417,AUBN,Auburn National Bancorporation,"Auburn National Bancorp Inc is the holding company for AuburnBank. It offers checking, savings, transaction deposit accounts and certificates of deposit, and is an active residential mortgage lender in its service area.",Banks,7,Financials,5
420,AUMN,Golden Minerals Company,"Golden Minerals Co is an exploration stage company. The company is engaged mining, construction and exploration of precious metals mineral properties in Mexico and Argentina.",Metals & Mining,44,Industrials,7
422,AUPH,Aurinia Pharmaceuticals,"Aurinia Pharmaceuticals Inc is a clinical stage pharmaceutical company. The firm is engaged in the development of a therapeutic drug to treat autoimmune diseases, in particular lupus nephritis.",Biotechnology,10,Healthcare,6
423,AUTL,Autolus Therapeutics plc,"Autolus Therapeutics PLC is a biopharmaceutical company. It is engaged in the development of next-generation programmed T cell therapies for the treatment of cancer. The company's pipeline includes AUTO1, AUTO2, AUTO3, AUTO4, and AUTO6.",Biotechnology,10,Healthcare,6
426,AVA,Avista,"Avista Corp is engaged in the utilities sector. Its business includes generation, transmission and distribution of natural gas to customers in the United States.",Utilities - Regulated,67,Energy & Utilities,4
428,AVAV,AeroVironment,"AeroVironment Inc designs, develops, produces, supports and operates technological portfolio of products and services for government agencies. It supplies unmanned aircraft systems, UAS, tactical missile systems and related services.",Aerospace & Defense,1,Transportation & Logistics,12
429,AVB,AvalonBay Communities,"AvalonBay Communities Inc operates in the real estate sector. As an investment trust, it develops multifamily communities in the United States.",REITs,55,Financials,5
431,AVD,American Vanguard ($0.10 Par Value),"American Vanguard Corp is a specialty chemical manufacturer that develops and markets safe and effective products for agricultural, commercial and commercial uses. It manufactures and formulates chemicals for crops, human and animal protection.",Agriculture,2,Industrials,7
432,AVDL,Avadel Pharmaceuticals plc,"Avadel Pharmaceuticals PLC is a specialty pharmaceutical company developing and commercializing pharmaceutical products. The company's products include Bloxiverz, Vazculep, Akovaz, Karbinal ER, AcipHex Sprinkle, Cefaclor and Flexichamber.",Biotechnology,10,Healthcare,6
434,AVGO,Broadcom,"Broadcom Inc is engaged in designing, developing and supplying analog and digital semiconductor connectivity solutions. Its product portfolio serves wired infrastructure, wireless communications, enterprise storage and industrial and other end markets.",Semiconductors,60,Materials,9
435,AVGR,Avinger,"Avinger Inc is a United States-based medical device company. It is engaged in designing, manufacturing and selling image-guided, catheter-based systems that are used by physicians to treat patients with peripheral artery disease.",Medical Devices,40,Healthcare,6
437,AVID,Avid Technology,Avid Technology Inc is a provider of technology solutions. Its products enable the creation and monetization of audio and video content for digital media content production.,Application Software,4,Information Technology,8
440,AVNS,Avanos Medical,Halyard Health Inc is a medical technology company which provides healthcare supplies and solutions that target the prevention of healthcare associated infections. Its business segments include Surgical and Infection Prevention and Medical Devices.,Medical Instruments & Equipment,43,Commercial Services & Supplies,0
441,AVNW,Aviat Networks,"Aviat Networks Inc is a networking solutions provider. It offers digital microwave radios and other short-haul communication products and systems to cellular telephone companies, large corporations, government and military agencies in the US and overseas.",Communication Equipment,16,Information Technology,8
443,AVRO,AVROBIO,Avrobio Inc is a clinical stage gene therapy company. It is engaged in the development of potentially curative ex vivo lentiviral-based gene therapies to treat rare diseases following a single dose.,Biotechnology,10,Healthcare,6
444,AVT,Avnet,"Avnet Inc is a value-added distributor of electronic components, enterprise computer and storage products, IT solutions and services and embedded systems. Its business segments are Electronics Marketing and Technology Solutions.",Computer Hardware,18,Information Technology,8
446,AVXL,Anavex Life Sciences,"Anavex Life Sciences Corp is a clinical stage bio-pharmaceutical company. The Company is engaged in the developments drug candidates to treat Alzheimer's disease, other central nervous system (CNS) diseases, and various types of cancer.",Biotechnology,10,Healthcare,6
447,AVY,Avery Dennison,"Avery Dennison Corp is a manufacturer of miscellaneous business equipment. It is engaged in the production of pressure-sensitive materials, office products and a variety of tickets, tags, labels and other converted products.",Industrial Products,34,Industrials,7
450,AWI,Armstrong World Industries,"Armstrong World Industries Inc manufactures and sells and designs flooring products and ceiling systems for use in the construction and renovation of residential, commercial and institutional buildings.",Building Materials,12,Materials,9
451,AWK,American Water Works Company,"American Water Works Co Inc provides water and wastewater services to residential, commercial and industrial customers in the United States and Canada.",Utilities - Regulated,67,Energy & Utilities,4
453,AWR,American States Water Company,"American States Water Co is engaged in the purchase, production, and distribution of water. It also provides water and/or wastewater services at various military installations. It operates in three segments water, electric and contracted service.",Utilities - Regulated,67,Energy & Utilities,4
454,AWRE,Aware,"Aware Inc is a software and services company. Its products are used in government and commercial biometrics systems. It also offers engineering services related to software customization, integration, and installation, and complete systems development.",Application Software,4,Information Technology,8
456,AWX,Avalon,"Avalon Holdings Corp is the US-based waste management company. It provides waste management services to industrial, commercial, municipal and governmental customers in selected northeastern and midwestern U.S. markets.",Waste Management,68,Transportation & Logistics,12
457,AX,Axos Financial,"BofI Holding Inc is a financial services company operating through its subsidiary. It provides financing for single and multi-family residential properties, small to medium-size businesses in certain sectors, and selected specialty finance receivables.",Banks,7,Financials,5
459,AXDX,Accelerate Diagnostics,"Accelerate Diagnostics Inc is an in vitro diagnostics company, dedicated in providing solutions that improve patient outcomes and lower healthcare costs through the rapid diagnosis of serious infections.",Medical Diagnostics & Research,41,Healthcare,6
461,AXGN,AxoGen,AxoGen Inc is a medical technology company dedicated to peripheral nerve repair. It provide products and education to improve surgical treatment algorithms for peripheral nerve injuries.,Medical Devices,40,Healthcare,6
462,AXL,American Axle & Manufacturing,"American Axle & Mfg Holdings Inc manufactures, engineers, designs and validates driveline systems and drivetrain components and chassis modules. Its products are mostly used in light trucks, Sports Utility Vehicles, commercial vehicles and passenger cars.",Autos,6,Industrials,7
463,AXON,Axovant Sciences,"Axovant Sciences Ltd is a clinical-stage biopharmaceutical company focused on the acquisition, development and commercialization of novel therapeutics for the treatment of dementia.",Biotechnology,10,Healthcare,6
464,AXP,American Express Company,"American Express Co is a payments, network and travel company. It provides charge and credit card products, travel services, network services, stored value products, loans, and other products and services to businesses and individuals.",Credit Services,22,Corporate Services,3
465,AXR,AMREP,"Amrep Corp, through its subsidiaries, is engaged in the Real Estate business and the Fulfillment Services business.",Business Services,13,Corporate Services,3
466,AXS,Axis Capital Limited,Axis Capital Holdings Ltd is a global property and casualty insurance company. The firm along with its subsidiaries provides its clients and distribution partners with various products and services around the world.,Insurance - Property & Casualty,37,Healthcare,6
467,AXSM,Axsome Therapeutics,Axsome Therapeutics Inc is a pharmaceutical company in the United States. It focuses on developing novel therapeutics for the redressal of diseases related to the central nervous system.,Biotechnology,10,Healthcare,6
468,AXTA,Axalta Coating Systems,"Axalta Coating Systems Ltd is a manufacturer, marketer, and distributor of high-performance coatings systems. It operates its business in two segments, performance coatings, and transportation coatings.",Chemicals,14,Materials,9
469,AXTI,AXT,"AXT Inc is a developer and producer of high-performance compound and single element semiconductor substrates known as wafers. It provides such alternative or specialty materials in the form of substrates or wafers, compound, and substrates.",Semiconductors,60,Materials,9
472,AYI,Acuity Brands,"Acuity Brands Inc through its subsidiaries provides lighting and building management solutions and services for commercial, institutional, industrial, and residential applications. Its products include luminaires, lighting controls and components etc.",Computer Hardware,18,Information Technology,8
473,AYR,Aircastle Limited,"Aircastle Ltd is a holding company. It mainly invests in aviation assets, including acquiring, leasing, managing and selling high-utility commercial jet aircraft.",Consulting & Outsourcing,20,Professional Services,11
474,AYTU,Aytu BioScience,"Aytu BioScience Inc is engaged in acquiring, developing and commercializing products in the field of urology. It focuses on hypogonadism, prostate cancer, urinary tract infections and male infertility.",Biotechnology,10,Healthcare,6
475,AYX,Alteryx,"Alteryx Inc is an American provider of self-service data analytics software. Its subscription-based platform allows organizations to easily prepare, blend, and analyze data from a multitude of sources and more quickly benefit from data-driven decisions.",Application Software,4,Information Technology,8
477,AZO,AutoZone,"AutoZone Inc is a retailer and distributor of automotive replacement parts in the United States. The company's store sell a diverse range of essentials and auto parts for cars, sport utility vehicles, vans and light trucks.",Retail - Apparel & Specialty,58,Commercial Services & Supplies,0
478,AZPN,Aspen Technology,Aspen Technology Inc is engaged in providing process optimization and asset performance management software solutions. It has two operating segments including subscription and software and services.,Application Software,4,Information Technology,8
482,AZZ,AZZ,"AZZ Inc is a provider of specialized products and services designed to support industrial, nuclear and electrical applications. The Company's business segments are Energy and Metal Coating.",Industrial Products,34,Industrials,7
483,B,Barnes,"Barnes Group Inc is engaged in the aerospace industry and provides industrial services. The company provides engineered products for aircraft, technologies, and solutions.",Industrial Products,34,Industrials,7
484,BA,The Boeing Company,"Boeing Co designs, develops, manufactures, sells, services and supports commercial jetliners, military aircraft, satellites, missile defense, human space flight and launch systems and services.",Aerospace & Defense,1,Transportation & Logistics,12
486,BABY,Natus Medical Incorporated,"Natus Medical Inc provides newborn care, neurology healthcare products and services used for screening, diagnosis, detection, treatment, monitoring and tracking of medical ailments in newborn care, epilepsy, and balance and mobility disorders.",Medical Devices,40,Healthcare,6
487,BAC,Bank of America,"Bank of America Corporation is a bank holding and a financial holding company. The company provides financial products and services to people, companies and institutional investors.",Banks,7,Financials,5
489,BAH,Booz Allen Hamilton Holding,"Booz Allen Hamilton Holding Corp provides management and technology consulting, engineering, analytics, digital solutions, and cyber expertise to U.S. and international governments, major corporations, and not-for-profit organizations.",Business Services,13,Corporate Services,3
491,BAM,Brookfield Asset Management,"Brookfield Asset Management Inc is an alternative asset management company focused on property, renewable energy, infrastructure and private equity.",Asset Management,5,Financials,5
492,BANC,Banc of California,"Banc of California Inc is a is a financial holding company. It offers banking and financial services. Its services include banking services, lending services and private banking services.",Banks,7,Financials,5
493,BAND,Bandwidth,Bandwidth Inc provides a cloud-based communications platform for enterprises in the United States. It offers solutions including software application programming interfaces for voice and text functionality.,Application Software,4,Information Technology,8
494,BANF,BancFirst,"BancFirst Corp through its subsidiaries provides retail & commercial banking services; It also offers trust services & acts as executor, administrator, trustee, transfer agent & provides item processing, research & other fiduciary services.",Banks,7,Financials,5
495,BANR,Banner,"Banner Corp operates through the Banner Bank and Islanders Bank. It provides commercial banking services and financial products to individuals, businesses, and public sector entities in its primary market areas.",Banks,7,Financials,5
500,BATRA,Liberty Media Series Liberty Braves Common Stock,"Liberty Braves Group through its subsidiary indirectly owns the Atlanta Braves Major League Baseball club, the Atlanta Braves' stadium and associated real estate projects.",Entertainment,27,Healthcare,6
502,BAX,Baxter International,"Baxter International Inc operates in the healthcare industry. It provides renal and hospital products such as infusion systems and systems, parenteral nutrition therapies, and biosurgery products.",Medical Instruments & Equipment,43,Commercial Services & Supplies,0
503,BB,BlackBerry Limited,"BlackBerry Ltd is a Canada-based designer, manufacturer and marketer of wireless solutions for the mobile communications market. It also owns QNX, a leader in software used in automotive infotainment systems.",Communication Equipment,16,Information Technology,8
506,BBDC,Barings BDC,Triangle Capital Corporation is a specialty finance company which provides customized finance to lower middle market companies. Its investment objective is to seek current income and capital appreciation by investing in debt and equity instruments.,Credit Services,22,Corporate Services,3
509,BBGI,Beasley Broadcast,Beasley Broadcast Group Inc is a radio broadcasting company. The company operates radio stations including FM and AM radio stations located in large and mid-sized markets in the United States.,Entertainment,27,Healthcare,6
513,BBSI,Barrett Business Services,Barrett Business Services Inc is a provider of staffing solutions in the United States. It conducts its business through two services; Professional Employer Service and Staffing.,Employment Services,25,Professional Services,11
517,BBW,Build-A-Bear Workshop,"Build-A-Bear Workshop Inc is a specialty retailer which offers ""make your own stuffed animal"" interactive entertainment experience in which guests visit a variety of stations to make and customize a stuffed animal.",Retail - Apparel & Specialty,58,Commercial Services & Supplies,0
519,BBY,Best Buy Co.,"Best Buy Co Inc is a U.S transnational consumer electronics company. Its products include tablets and computers, televisions, mobile phones, large and small appliances, entertainment products, digital imaging and related accessories.",Retail - Apparel & Specialty,58,Commercial Services & Supplies,0
520,BC,Brunswick,"Brunswick Corp is engaged in designing, manufacturing and marketing of recreation products including marine engines, boats, fitness and billiards equipment. Its products include sterndrive, yachts, deck boats, marine parts and cardiovascular equipment.",Travel & Leisure,64,Transportation & Logistics,12
522,BCBP,BCB Bancorp (NJ),BCB Bancorp Inc is a bank holding company. The company's primary business is the ownership and operation of BCB Community Bank. It offers FDIC-insured deposit products and invests funds held in deposit accounts at the Bank.,Banks,7,Financials,5
523,BCC,Boise Cascade L.L.C.,"Boise Cascade Co is a lumber and wood products manufacturer and distributor. It mainly caters to the construction industry through its array of products comprise of plywood, lumber, roofing and composite decking.",Forest Products,29,Materials,9
527,BCLI,Brainstorm Cell Therapeutics,"Brainstorm Cell Therapeutics Inc is a biotechnology company. The Company develops novel adult stem cell therapies for debilitating neurodegenerative disorders such as ALS, MS, and PD among others.",Biotechnology,10,Healthcare,6
528,BCML,BayCom,"BayCom Corp is a state chartered bank. It offers traditional commercial, personal and business banking products and services to businesses and individuals.",Banks,7,Financials,5
529,BCO,Brinks Company (The),"The Brink's Co along with its subsidiaries provides secure logistics & security solutions including cash-in-transit, ATM replenishment and maintenance, cash management services, including vault outsourcing, money processing, and intelligent safe services.",Consulting & Outsourcing,20,Professional Services,11
532,BCOV,Brightcove,"Brightcove Inc offers cloud solutions to deliver and monetize video across connected devices. The company supports its clients to effectively operate their businesses be it broadcasting, publishing, marketing, or enterprise communications.",Application Software,4,Information Technology,8
533,BCPC,Balchem,Balchem Corp is a chemical manufacturer. It develops and sells chemical based ingredients for the food and pharmaceutical industries.,Chemicals,14,Materials,9
535,BCRX,BioCryst Pharmaceuticals,"Biocryst Pharmaceuticals Inc is a pharmaceutical company that designs, optimizes and develops novel small-molecule drugs that block key enzymes involved in the infectious and inflammatory diseases. It has its focus on oral treatments for rare diseases.",Biotechnology,10,Healthcare,6
537,BCTF,Bancorp 34,"Bancorp 34 Inc provides a variety of banking services to individuals and businesses through its branches. Its products and services are demand deposits, certificate of deposits, savings and money market accounts, and others.",Banks,7,Financials,5
540,BDC,Belden,"Belden Inc is a part of the electronics components industry. Its range of solutions includes broadcast solutions, enterprise connectivity solutions, and industrial connectivity solutions.",Computer Hardware,18,Information Technology,8
543,BDL,Flanigan's Enterprises,Flanigan'S Enterprises Inc operates as a chain of small cocktail lounges and packages liquor stores throughout South Florida.,Restaurants,57,Corporate Services,3
547,BDX,Becton Dickinson and Company,"Becton, Dickinson and Co is a healthcare company. It manufacture and sales medical supplies, devices, laboratory equipment and diagnostic products. It operates in two segments BD Medical and BD Life Sciences.",Medical Instruments & Equipment,43,Commercial Services & Supplies,0
548,BEAT,BioTelemetry,"BioTelemetry Inc provides monitoring services and digital population health management for healthcare providers, medical device manufacturing and centralized core laboratory services for clinical research.",Medical Diagnostics & Research,41,Healthcare,6
549,BECN,Beacon Roofing Supply,Beacon Roofing Supply Inc is engaged in the distribution of residential and non-residential roofing materials in the United States and Canada.,Building Materials,12,Materials,9
552,BELFA,Bel Fuse Common Stock,"Bel Fuse Inc designs and manufactures electronic components that protect and connect electronic circuits. Its product portfolio is divided into three categories namely, magnetic solutions, power solutions and protection, and connectivity solutions.",Computer Hardware,18,Information Technology,8
554,BEN,Franklin Resources,"Franklin Resources Inc is an investment management organization which provides investment management and related services to retail, institutional and high net-worth clients under Franklin, Templeton, Franklin Mutual Series, Franklin Bissett brand names.",Asset Management,5,Financials,5
556,BERY,Berry Global,"Berry Global Group Inc is a plastics packaging products manufacturing company. It operates three segments and sells containers, plastic drink cups, printed bags for food products, and baby diapers, feminine hygiene products, tapes, and plastic films.",Packaging & Containers,52,Commercial Services & Supplies,0
559,BFAM,Bright Horizons Family Solutions,Bright Horizons Family Solutions Inc is a provider of high-quality child care and early education services as well as other services designed to help employers and families address the challenges of work and life.,Personal Services,53,Professional Services,11
560,BFC,Bank First National,"Bank First National Corp through its subsidiaries provides financial services. It offers loan, deposit and treasury management products and insurance services.",Banks,7,Financials,5
561,BFIN,BankFinancial,"BankFinancial Corp is a bank holding company of BankFinancial, F.S.B., which is a full-service, community-oriented federal savings bank principally engaged in the business of commercial, family and personal banking.",Banks,7,Financials,5
566,BFS,Saul Centers,"Saul Centers Inc is a self-managed real estate investment trust which invests in, operates, and develops retail and commercial properties. Its portfolio includes community and neighborhood shopping centers, office properties, and mixed-use properties.",REITs,55,Financials,5
567,BFST,Business First Bancshares,"Business First Bancshares Inc provides banking products and services. The company's services include personal and commercial banking, treasury management and wealth solutions.",Banks,7,Financials,5
570,BG,Bunge Limited,Bunge Ltd is an agribusiness and food company with integrated operations. It acts as an oilseed processor and seller of packaged vegetable oils. The company also grows and processes Brazilian sugarcane to produce sugar and ethanol.,Consumer Packaged Goods,21,Consumer Staples,2
572,BGCP,BGC Partners,"BGC Partners Inc is engaged in capital market operations. It caters mainly to the real estate market with products like fixed income securities, interest rate swaps, foreign exchange, equities and equity derivatives.",Brokers & Exchanges,11,Financials,5
573,BGFV,Big 5 Sporting Goods,"Big 5 Sporting Goods Corp is a sporting goods retailer. Products include athletic shoes, apparel & accessories, outdoor & athletic equipment for team sports, fitness, camping, hunting, fishing, tennis, golf, winter & summer recreation & roller sports.",Retail - Apparel & Specialty,58,Commercial Services & Supplies,0
578,BGNE,BeiGene,"BeiGene Ltd is a biopharmaceutical company engaged in the discovery and development of molecularly targeted and immuno-oncology drugs for the treatment of cancer. Its product includes BGB-3111, BGB-A317 and BGB-290 and one immuno-oncology agent.",Biotechnology,10,Healthcare,6
580,BGS,B&G Foods,"B&G Foods Inc processes and sells packaged food products in the United States. Through its brands such as Ac'cent, B&G, B&M and Baker's Joy it sells vegetables, canned meats, spices and other packaged food products.",Consumer Packaged Goods,21,Consumer Staples,2
581,BGSF,BG Staffing,"BG Staffing Inc provides temporary staffing services in the U.S. in Multifamily, Professional, and Commercial. Its temporary staffing services consist of on-demand or short-term staffing assignments, contract staffing, & on-site management administration.",Employment Services,25,Professional Services,11
587,BHB,Bar Harbor Bankshares,"Bar Harbor Bankshares Inc is a bank holding company. The company and its subsidiaries offer full range of financial services products, brokerage services through third party brokerage arrangement and also trust and investment management services.",Banks,7,Financials,5
589,BHC,Bausch Health Companies,"Valeant Pharmaceuticals International Inc is a specialty pharmaceutical and medical device company which develops, manufactures, and markets a range of generic and branded generic pharmaceuticals, over-the-counter products and medical devices.",Drug Manufacturers,23,Industrials,7
590,BHE,Benchmark Electronics,"Benchmark Electronics Inc is engaged in manufacturing, designing and engineering services and product life cycle solutions. The company offer its services to original equipment manufacturers of industrial equipment, and telecommunication equipment.",Computer Hardware,18,Information Technology,8
591,BHF,Brighthouse Financial,Brighthouse Financial Inc is a provider of annuity products and life insurance in the United States.,Insurance - Life,36,Healthcare,6
594,BHLB,Berkshire Hills Bancorp,"Berkshire Hills Bancorp Inc is a holding company for Berkshire Bank and Berkshire Insurance Group. It offers deposit, lending, investment, wealth management, and insurance services.",Banks,7,Financials,5
596,BHR,Braemar Hotels & Resorts,Braemar Hotels & Resorts Inc is a real estate investment trust. It invests in luxury hotels and resorts.,REITs,55,Financials,5
599,BHVN,Biohaven Pharmaceutical Holding Company,"Biohaven Pharmaceutical Holding Co Ltd is a clinical-stage biopharmaceutical company with a portfolio of innovative, late-stage product candidates targeting neurological diseases, including rare disorders.",Biotechnology,10,Healthcare,6
603,BIG,Big Lots,"Big Lots Inc is engaged in operating discount retail stores. It provides a broad range of merchandise, including food, consumables, soft home products, hard home products, furniture, electronics and accessories, and seasonal products.",Retail - Defensive,59,Consumer Discretionary,1
604,BIIB,Biogen,"Biogen Inc is a biopharmaceutical company. It is engaged in discovering, developing, manufacturing and delivering therapies to patients for the treatment of neurological, rare and autoimmune diseases.",Biotechnology,10,Healthcare,6
607,BIO,Bio-Rad Laboratories,"Bio-Rad Laboratories Inc manufactures and supplies the life science research, healthcare, analytical chemistry and other markets with a products and systems used to separate complex chemical and biological materials.",Medical Diagnostics & Research,41,Healthcare,6
609,BIOC,Biocept,Biocept Inc is an early commercial-stage molecular oncology diagnostics company. It develops and commercializes proprietary circulating tumor cell and circulating tumor DNA assays utilizing a standard blood sample.,Medical Diagnostics & Research,41,Healthcare,6
610,BIOL,Biolase,"Biolase Inc is a medical device company that develops, manufactures, and markets lasers in dentistry and medicine and also markets and distributes dental imaging equipment.",Medical Instruments & Equipment,43,Commercial Services & Supplies,0
611,BIOS,BioScrip,"BioScrip Inc provides home infusion & other home healthcare services to patients, physicians, hospitals, healthcare payors & pharmaceutical manufacturers to provide clinical management solutions & delivers cost-effective access to medications.",Health Care Providers,31,Healthcare,6
616,BJRI,BJ's Restaurants,BJ's Restaurants Inc is involved in the business of owning and operating restaurants.,Restaurants,57,Corporate Services,3
617,BK,Bank of New York Mellon (The),"Bank of New York Mellon Corporation is an investment company. The company provides investment management, investment services and wealth management that help institutions and individuals succeed in markets all over the world.",Asset Management,5,Financials,5
618,BKCC,BlackRock Capital Investment,BlackRock Capital Investment Corporation is an investment management enterprise. Its investment objective includes generating income and capital appreciation by investing in debt and equity instruments.,Asset Management,5,Financials,5
619,BKD,Brookdale Senior Living,"Brookdale Senior Living Inc is a leading operator of senior living communities throughout the United States. The company along with its ancillary services program offers a range of outpatient therapy, home health, personalized living and hospice services.",Health Care Providers,31,Healthcare,6
620,BKE,Buckle (The),"Buckle, Inc. is a retailer of casual apparel, footwear, and accessories for fashion conscious young men and women. It operates 468 stores located in 44 states throughout the continental United States.",Retail - Apparel & Specialty,58,Commercial Services & Supplies,0
622,BKH,Black Hills,"Black Hills Corp is a vertically-integrated energy company. The company operates in segments including regulated Electric Utilities segment, regulated Gas Utilities segment, Power Generation segment, and Mining Segment.",Utilities - Regulated,67,Energy & Utilities,4
623,BKI,Black Knight,"Black Knight Inc is a provider of software, data and analytics solutions to the mortgage and consumer loan, real estate and capital market verticals.The company's solutions include Software Solutions and Data and Analytics Solutions.",Application Software,4,Information Technology,8
627,BKNG,Booking,"Booking Holdings Inc is an online travel agency. The firm through its branded sites offer booking services for hotel rooms, airline tickets, rental restaurant reservations, cruises, and other vacation packages.",Travel & Leisure,64,Transportation & Logistics,12
629,BKSC,Bank of South Carolina,"Bank of South Carolina Corp, through its subsidiary, operates as an independent, community oriented, commercial bank providing a range of financial services and products.",Banks,7,Financials,5
631,BKTI,BK,"BK Technologies Inc is engaged in the designing, manufacturing and marketing wireless communications products consisting of two-way land mobile radios, repeaters, base stations, and related components.",Communication Equipment,16,Information Technology,8
632,BKU,BankUnited,"BankUnited Inc functions in the financial sector of the United States. As a commercial banking service provider, it caters to corporate and retail clients through lending and deposit products.",Banks,7,Financials,5
633,BKYI,BIO-key International,"BIO-key International Inc a fingerprint biometric technology company. It develops and markets advanced fingerprint biometric identification and identity verification technologies. Its products are SideSwipe, SideTouch, EcoID, Web-key, and ID director.",Consulting & Outsourcing,20,Professional Services,11
634,BL,BlackLine,"BlackLine Inc provides cloud-based software platform designed to transform and modernize accounting and finance operations for organizations of all types and sizes. Its products include journal entry, account reconciliations, and task management.",Application Software,4,Information Technology,8
635,BLBD,Blue Bird,Blue Bird Corp is an American bus manufacturing company. The company operates its business in two segments; Bus and Parts segment. Its primary business it to manufacture and designs school buses.,Autos,6,Industrials,7
636,BLCM,Bellicum Pharmaceuticals,"Bellicum Pharmaceuticals Inc is a clinical-stage biopharmaceutical company. The firm is primarily engaged in the research of cellular immunotherapies for hematological cancers, solid tumors, and orphan inherited blood diseases.",Biotechnology,10,Healthcare,6
637,BLD,TopBuild,TopBuild Corp is an installer and distributor of insulation products to the United States construction industry.,Building Materials,12,Materials,9
639,BLDR,Builders FirstSource,Builders FirstSource Inc is a supplier and manufacturer of structural and related building products for residential new construction in the United States.,Building Materials,12,Materials,9
641,BLFS,BioLife Solutions,"BioLife Solutions Inc manufactures proprietary and generic cGMP biopreservation media products, generic formulations of blood stem cell freezing media products, custom product formulation packaging services and contract aseptic manufacturing formulation.",Medical Instruments & Equipment,43,Commercial Services & Supplies,0
642,BLIN,Bridgeline Digital,"Bridgeline Digital Inc is a developer of web application management software and web applications to maximize the performance of critical websites, intranets, and online stores.",Application Software,4,Information Technology,8
643,BLK,BlackRock,"BlackRock Inc provides investment management services to institutional clients and to individual investors. Its products include single- and multi-asset portfolios investing in equities, fixed income, alternatives and money market instruments.",Asset Management,5,Financials,5
644,BLKB,Blackbaud,"Blackbaud Inc provides cloud software, services, expertise, and data intelligence. It provides its services to nonprofits, foundations, corporations, education institutions, healthcare institutions, and the individual change agents who support them.",Application Software,4,Information Technology,8
646,BLMN,Bloomin' Brands,"Bloomin Brands Inc operates restaurants under the brand name Outback Steakhouse, Carrabba's Italian Grill, Bonefish Grill, and Fleming's Prime Steakhouse and Wine Bar. The company has the presence in more than 18 countries.",Restaurants,57,Corporate Services,3
648,BLNK,Blink Charging Co.,"Blink Charging Co is an owner, operator, and provider of electric vehicle (EV) charging services. The company offers both residential and commercial EV charging equipment, enabling EV drivers to easily recharge at various location types.",Business Services,13,Corporate Services,3
649,BLPH,Bellerophon Therapeutics,Bellerophon Therapeutics Inc is a clinical-stage biotherapeutics company. It develops products that are focused on the treatment of various types of pulmonary hypertension disorder.,Biotechnology,10,Healthcare,6
651,BLUE,bluebird bio,bluebird bio Inc is a clinical-stage biotechnology company which develops gene therapies for severe genetic and rare diseases and in the field of T cell-based immunotherapy.,Biotechnology,10,Healthcare,6
657,BMI,Badger Meter,"Badger Meter Inc is a manufacturer and marketer of products incorporating liquid flow measurement and control technologies. It serves water utilities, municipalities and commercial and industrial customers.",Computer Hardware,18,Information Technology,8
659,BMRA,Biomerica,"Biomerica Inc develops, manufactures, and markets medical diagnostic products designed for the early detection and monitoring of chronic diseases and medical conditions.",Medical Instruments & Equipment,43,Commercial Services & Supplies,0
660,BMRC,Bank of Marin Bancorp,"Bank of Marin Bancorp is a bank holding company. It conducts business primarily through its wholly-owned subsidiary. The Bank, provides a wide range of financial services to customers predominantly professionals, small and middle-market businesses.",Banks,7,Financials,5
661,BMRN,BioMarin Pharmaceutical,Biomarin Pharmaceutical Inc is on rare-disease therapies. It develops and commercializes pharmaceuticals for serious diseases and medical conditions.,Biotechnology,10,Healthcare,6
664,BMY,Bristol-Myers Squibb Company,"Bristol-Myers Squibb Co is engaged in discovery, development, licensing, manufacturing, marketing, distribution and sale of biopharmaceuticals products. The company operates in one segment that is Biopharmaceuticals.",Drug Manufacturers,23,Industrials,7
666,BNED,Barnes & Noble Education,"Barnes & Noble Education, Inc. operates bookstores for college and university campuses in the United States. It also provides digital education services for enhancing the academic and social purpose of educational institutions.",Retail - Apparel & Specialty,58,Commercial Services & Supplies,0
670,BNTC,Benitec Biopharma Limited,Benitec Biopharma Ltd is active in the healthcare domain. It has a pipeline of in-house and partnered therapeutic programs based on its patented gene-silencing technology.,Drug Manufacturers,23,Industrials,7
674,BOH,Bank of Hawaii,"Bank of Hawaii Corp is a bank holding company. It provides a range of financial services and products primarily to customers in Hawaii, Guam and other Pacific Islands.",Banks,7,Financials,5
675,BOKF,BOK Financial,"BOK Financial Corp is a financial company providing full service banking in the United States. The company through its subsidiary BOKF, NA, operates in three segments, Commercial Banking, Consumer Banking and Wealth Management services.",Banks,7,Financials,5
676,BOLD,Audentes Therapeutics,"Audentes Therapeutics Inc is a biotechnology company. It is engaged in developing and commercializing gene therapy products for patients suffering from serious, life-threatening rare diseases caused by single gene defects.",Biotechnology,10,Healthcare,6
678,BOOM,DMC Global,"DMC Global Inc operates a diversified family of technical product and process businesses serving the energy, industrial and infrastructure markets.",Industrial Products,34,Industrials,7
679,BOOT,Boot Barn,Boot Barn Holdings Inc operates specialty retail stores that sell western and work boots and related apparel and accessories. The Company operates retail locations throughout the U.S. and sells its merchandise via the Internet.,Retail - Apparel & Specialty,58,Commercial Services & Supplies,0
682,BOTJ,Bank of the James Financial,"Bank of the James Financial Group Inc is a bank holding company which provides retail and commercial banking, deposit services, lending services and other banking services.",Banks,7,Financials,5
683,BOX,Box,"Box Inc provides cloud content management platform that enables organizations to securely manage cloud content while allowing easy, secure access and sharing of content from anywhere, on any device.",Application Software,4,Information Technology,8
684,BOXL,Boxlight,"Boxlight Corp designs, produces and distributes interactive projectors and 70"" HD and 84"" 4k interactive LED flat panels.",Communication Equipment,16,Information Technology,8
689,BPMC,Blueprint Medicines,"Blueprint Medicines Corp is a biopharmaceutical company. It is focused on improving the lives of patients with diseases driven by abnormal kinase activation. Its drug candidates include avapritinib, BLU 554, BLU-782 and BLU-667.",Biotechnology,10,Healthcare,6
692,BPOP,Popular,"Popular Inc is a publicly owned bank holding company, which offers retail and commercial banking services through its banking subsidiary, Banco Popular de Puerto Rico. The Bank also offers insurance and reinsurance services.",Banks,7,Financials,5
694,BPRN,The Bank of Princeton,The Bank of Princeton is a full service bank. The company provides personal and business lending and deposit services. Its personal banking and business banking services include checking accounts and savings accounts.,Banks,7,Financials,5
696,BPTH,Bio-Path,Bio-Path Holdings Inc is a clinical and preclinical stage oncology focused antisense drug development company utilizing novel technology achieving systemic delivery for specific protein inhibition for any gene product that is over-expressed in disease.,Drug Manufacturers,23,Industrials,7
699,BR,Broadridge Financial Solutions Inc.Common Stock,"Broadridge Financial Solutions Inc provides investor communications & technology-driven solutions to banks, broker-dealers and corporate issuers. Its services include investor & customer communications, securities processing & data & analytics solutions.",Business Services,13,Corporate Services,3
700,BRAC,Black Ridge Acquisition,Black Ridge Acquisition Corp is a blank check company.,Conglomerates,19,Industrials,7
701,BRC,Brady,"Brady Corp is a manufacturer and supplier of identification solutions and workplace safety products that identify and protect premises, products and people.",Consulting & Outsourcing,20,Professional Services,11
705,BRID,Bridgford Foods,"Bridgford Foods Corporation manufactures, markets, and distributes frozen and snack food products in the United States. The business segments are processing and distribution of frozen products, and processing and distribution of snack food products.",Consumer Packaged Goods,21,Consumer Staples,2
708,BRKL,Brookline Bancorp,"Brookline Bancorp Inc operates as a multi-bank holding company. Its offers commercial, business and retail banking services, including a full complement of cash management products, on-line banking services, consumer and residential loans.",Banks,7,Financials,5
709,BRKR,Bruker,"Bruker Corp is a developer, manufacturer and distributor of scientific instruments and analytical and dignostic solutions that enable customers to explore life and materials at microscopic, molecular and cellular levels.",Medical Diagnostics & Research,41,Healthcare,6
711,BRN,Barnwell Industries,"Barnwell Industries Inc is engaged in the acquisition and development of oil and natural gas properties. It business segments include oil and natural gas, land investment and contract drilling.",Oil & Gas - E&P,46,Energy & Utilities,4
712,BRO,Brown & Brown,"Brown & Brown Inc is an insurance agent and broker. It offers insurance products and services, primarily in the areas of property, casualty, and employee benefits, by connecting customers with insurance companies.",Brokers & Exchanges,11,Financials,5
717,BRT,BRT Apartments (MD),"BRT Apartments Corp, formerly BRT Realty Trust is engaged in ownership and operation and development of multi-family properties, real estate lending, and the ownership, operation and development of commercial, mixed use and other real estate assets.",REITs,55,Financials,5
718,BRX,Brixmor Property,"Brixmor Property Group Inc is a real estate investment trust. The company owns and operates a portfolio of grocery-anchored community and neighborhood shopping centers across the US. It leases its rentable areas to retailers, restaurants, and theatres.",REITs,55,Financials,5
719,BRY,Berry Petroleum,Berry Petroleum Corp is engaged in the production and development of oil and natural gas. Its properties are located in various states in USA.,Oil & Gas - E&P,46,Energy & Utilities,4
724,BSET,Bassett Furniture Industries Incorporated,"Bassett Furniture Industries Inc is a manufacturer, importer and retailer of mid-priced home furnishings. The company's business segments are Wholesale, Retail and Logistical services.",Manufacturing - Apparel & Furniture,39,Industrials,7
725,BSGM,BioSig,BioSig Technologies Inc is a development stage medical device company. It is developing a precise uninterrupted real-time evaluation of electrograms system.,Medical Devices,40,Healthcare,6
726,BSIG,BrightSphere Investment plc,"BrightSphere Investment Group PLC is a diversified, multi-boutique asset management company. The company's diverse affiliates offer leading, alpha generating investment products to investors around the world.",Asset Management,5,Financials,5
728,BSM,Black Stone Minerals representing limited partner interests,Black Stone Minerals LP is the owner of oil and natural gas mineral interests in the United States. The company also owns non-operated working interests in certain oil and natural gas properties.,Oil & Gas - E&P,46,Energy & Utilities,4
730,BSQR,BSQUARE,"BSQUARE Corp provides software solutions and related engineering services to companies that develop smart, connected systems. It offers asset utilization, warranty cost reduction and other solutions.",Application Software,4,Information Technology,8
731,BSRR,Sierra Bancorp,"Sierra Bancorp is a bank holding company to Bank of the Sierra which offers a range of retail and commercial banking services primarily in Tulare, Kern, Fresno, and Kings Counties in Central California, and in select markets in Southern California.",Banks,7,Financials,5
735,BSX,Boston Scientific,"Boston Scientific Corp is a developer, manufacturer, and marketer of medical devices. The firm markets its devices to health-care professionals and institutions globally. Foreign sales account for nearly half of the firm's total sales.",Medical Devices,40,Healthcare,6
738,BTAI,BioXcel Therapeutics,BioXcel Therapeutics Inc is a clinical-stage biopharmaceutical company which is focused on drug development utilizing novel artificial intelligence (AI) to identify the next wave of medicines across neuroscience and immuno-oncology.,Biotechnology,10,Healthcare,6
745,BTU,Peabody Energy,"Peabody Energy Corp is a coal company. It also markets and brokers coal, both as principal and agent, and trades coal and freight-related contracts. The company own interest in nearly 25 coal mines.",Coal,15,Energy & Utilities,4
751,BURL,Burlington Stores,"Burlington Stores Inc is a retailer of everyday apparel at low prices. It offers apparel including ladies sportswear, menswear, coats and family footwear as well as baby furniture, accessories, home decor and gifts.",Retail - Defensive,59,Consumer Discretionary,1
752,BUSE,First Busey,"First Busey Corporation is a financial holding company, whose subsidiaries provides retail and commercial banking services, remittance processing, and offers financial products and services.",Banks,7,Financials,5
756,BW,Babcock & Wilcox Enterprises,Babcock & Wilcox Enterprises Inc is engaged in the manufacturing of fossil and renewable power generation equipment. It offers a broad suite of boiler products and environmental systems and services for power and industrial uses.,Computer Hardware,18,Information Technology,8
757,BWA,BorgWarner,"BorgWarner Inc is a supplier of auto parts. Its products comprise technologies for combustion, hybrid and electric vehicles. The company operates in two business segments that are Engine and Drivetrain. The Engine segment generates maximum revenue.",Autos,6,Industrials,7
758,BWB,Bridgewater Bancshares,"Bridgewater Bancshares Inc is a financial holding company. The company provides retail and commercial loan and deposit services, to customers within the Minneapolis-St. Paul-Bloomington, MN-WI Metropolitan Statistical Area.",Banks,7,Financials,5
759,BWEN,Broadwind Energy,"Broadwind Energy Inc provides technologically value products and services to energy, mining and infrastructure sector customers in the U.S. It provides products & services to turbine manufacturers and wind farm developers & operators.",Industrial Products,34,Industrials,7
760,BWFG,Bankwell Financial,"Bankwell Financial Group Inc is a bank holding company which offers variety of financial services through its banking subsidiary, Bankwell Bank. Services offered by the company includes deposits, loans and advances, credit facilities and other.",Banks,7,Financials,5
763,BWXT,BWX,"BWX Technologies Inc supplies nuclear components and fuel to the U.S. government, provides technical, management and site services; and supplies precision manufactured components and services for the commercial nuclear power industry.",Aerospace & Defense,1,Transportation & Logistics,12
764,BX,The Blackstone Representing Limited Partnership Interests,"Blackstone Group LP is an alternative asset manager. Its alternative asset management businesses include investment vehicles focused on private equity, real estate, hedge fund solutions, non-investment grade credit and secondary funds.",Asset Management,5,Financials,5
765,BXC,Bluelinx,"BlueLinx Holdings Inc is a distributer of building products in the United States. The company operates through a network of warehouses, supplying products such as plywood, lumber, roofing and insulation.",Building Materials,12,Materials,9
768,BXMT,Blackstone Mortgage Trust,Blackstone Mortgage Trust Inc is a real estate company. It originates and purchases senior mortgage loans collateralized by properties in North America and Europe.,REITs,55,Financials,5
770,BXP,Boston Properties,"Boston Properties Inc is a fully integrated, self-administered and self-managed real estate investment trust. The company owns, develops and manages office properties in the United States.",REITs,55,Financials,5
772,BY,Byline Bancorp,"Byline Bancorp Inc is a bank holding company. It conducts all its business activities through its subsidiary, Byline Bank, a full service commercial bank.",Banks,7,Financials,5
773,BYD,Boyd Gaming,"Boyd Gaming Corp owns and operates more than twenty gaming properties in about seven states. Boyd operates its business into Gaming, Food and beverage and Room segment, out of which it derives majority of its revenue from Gaming segment.",Travel & Leisure,64,Transportation & Logistics,12
774,BYFC,Broadway Financial,"Broadway Financial Corp through its subsidiary, Broadway Federal Bank, f.s.b is engaged in the business of attracting deposits from the general public and investing those deposits in mortgage loans.",Banks,7,Financials,5
776,BYSI,BeyondSpring,BeyondSpring Inc is engaged in clinical stage biopharmaceutical activities focused on the development of cancer therapies.,Biotechnology,10,Healthcare,6
777,BZH,Beazer Homes USA,"Beazer Homes USA Inc is engaged in the construction industry. It specializes in residential construction, especially single-family housing and multi-unit building. The company also focuses on land purchasing and development.",Homebuilding & Construction,32,Energy & Utilities,4
780,C,Citigroup,"Citigroup Inc is a financial-services company with business spanning more than 100 countries. Its core business is providing banking services, investment banking, cash management, and various other products and services.",Banks,7,Financials,5
782,CAAS,China Automotive Systems,"China Automotive Systems Inc through its subsidiary is in the business of supplying steering systems and components to China automotive industry. Its products include Steering systems, steering columns, steering oil pumps and steering hoses.",Autos,6,Industrials,7
783,CABO,Cable One,"Cable One Inc mainly provides broadband, voice, and video services. It derives revenue from the provision of broadband, voice, and video services to residential and business customers.",Communication Services,17,Corporate Services,3
784,CAC,Camden National,Camden National Corporation provides banking services and products to individuals and commercial customers. Its services also comprise treasury and investment banking solutions.,Banks,7,Financials,5
785,CACC,Credit Acceptance,Credit Acceptance Corp is a consumer finance company that offers automobile dealers financing programs that enables them to sell vehicles to consumers regardless of their credit history.,Credit Services,22,Corporate Services,3
786,CACI,CACI International,CACI International Inc is a provider of information solutions and services to the U.S. government. Its segments include domestic operations and international operations.,Application Software,4,Information Technology,8
791,CAG,ConAgra Brands,"Conagra Brands Inc is in the business of trading and merchandising packaged food in a variety of categories and in various retail channels across frozen, refrigerated, and shelf-stable temperature classes in North America.",Consumer Packaged Goods,21,Consumer Staples,2
792,CAH,Cardinal Health,"Cardinal Health Inc is a healthcare services company. It provides services and products for hospital systems, pharmacies, ambulatory surgery centers, clinical laboratories and physician offices.",Medical Distribution,42,Healthcare,6
793,CAI,CAI International,"CAI International Inc is a transportation finance and logistics company. It purchases equipment and then leases it to container shipping lines, freight forwarders and other transportation companies.",Consulting & Outsourcing,20,Professional Services,11
795,CAKE,The Cheesecake Factory Incorporated,"Cheesecake Factory Inc operates casual dining restaurants. It also operates bakery production facilities which produce desserts for its restaurants, international licenses and third-party bakery customers.",Restaurants,57,Corporate Services,3
796,CAL,Caleres,"Caleres Inc is a global footwear retailer and wholesaler. Its business activities include the operation of retail shoe stores and e-commerce websites as well as the design, sourcing and marketing of footwear for women and men.",Manufacturing - Apparel & Furniture,39,Industrials,7
798,CALM,Cal-Maine Foods,"Cal-Maine Foods Inc is a producer and marketer of shell eggs in the United States. The Company's main business is the production, grading, packaging, marketing and distribution of shell eggs.",Consumer Packaged Goods,21,Consumer Staples,2
799,CALX,Calix,Calix Inc provides broadband communications access systems and software. It delivers the wide variety of services to residential and business customers domestically and internationally.,Communication Equipment,16,Information Technology,8
800,CAMP,CalAmp,CalAmp Corp provides wireless communications solutions applications to customers. Its business activities are organized into its Wireless DataCom and Satellite business segments.,Communication Equipment,16,Information Technology,8
803,CAPL,CrossAmerica Partners representing limited partner interests,"CrossAmerica Partners LP is engaged in the wholesale distribution of motor fuels, consisting of gasoline and diesel fuel. It also owns and leases real estate used in the retail distribution of motor fuels.",Oil & Gas - Refining & Marketing,49,"Media, Marketing & Sales",10
804,CAPR,Capricor Therapeutics,Capricor Therapeutics Inc is a clinical stage biotechnology company developing products for the treatment of cardiovascular diseases with a focus on heart failure.,Biotechnology,10,Healthcare,6
805,CAR,Avis Budget,"Avis Budget Group Inc provides automotive vehicle rental and car sharing services. It offers various rental services under the Avis, Budget, and Zipcar brands. The firm has its own network of rental locations and licenses its brands to franchisees.",Consulting & Outsourcing,20,Professional Services,11
806,CARA,Cara Therapeutics,Cara Therapeutics Inc is an emerging biotechnology company. It is focused on developing and commercializing new chemical entities designed to alleviate pain and pruritus by selectively targeting kappa opioid receptors.,Biotechnology,10,Healthcare,6
808,CARG,CarGurus,"CarGurus Inc is an online automotive marketplace connecting buyers and sellers of new and used cars. It operates online marketplaces in Canada, the United Kingdom, and Germany.",Online Media,51,"Media, Marketing & Sales",10
810,CARS,Cars.com,"Cars.com Inc is an online destination for buying and selling of new and used vehicles. The company also operates Auto.com, DealerRater.com, NewCars.com and PickupTrucks.com, websites directed towards different consumer segments.",Autos,6,Industrials,7
811,CART,Carolina Trust BancShares,"Carolina Trust BancShares Inc is a bank holding company. The Company provides banking needs of individuals and businesses in Lincoln, Gaston, Rutherford, and Catawba Counties and surrounding areas.",Banks,7,Financials,5
812,CARV,Carver Bancorp,"Carver Bancorp Inc through its banking subsidiary operates as a unitary savings and loan holding company. The Company is engaged in providing consumer and commercial banking services offering deposit products, including demand, savings and time deposits.",Banks,7,Financials,5
813,CASA,Casa Systems,"Casa Systems Inc provides software-centric infrastructure solutions that allow cable service providers to deliver voice, video and data services over a single platform at multi-gigabit speeds.",Communication Equipment,16,Information Technology,8
814,CASH,Meta Financial,"Meta Financial Group Inc is a unitary savings and loan holding company. The Company is engaged in two core businesses namely, retail banking and Meta Payment Systems.",Banks,7,Financials,5
817,CASS,Cass Information Systems,"Cass Information Systems Inc provides payment and information processing services to large manufacturing, distribution and retail enterprises across the United States.",Business Services,13,Corporate Services,3
818,CASY,Caseys General Stores,"Casey's General Stores Inc operates convenience stores under the Caseys General Store name in the United States. It provides self-service gasoline, grocery items, and processed foods such as pizza, donuts, and sandwiches.",Retail - Defensive,59,Consumer Discretionary,1
819,CAT,Caterpillar,"Caterpillar Inc caters to the farming industry in the United States. It manufactures construction & mining equipment, diesel & natural gas engines, industrial gas turbines and diesel-electric locomotives.",Farm & Construction Machinery,28,Industrials,7
821,CATC,Cambridge Bancorp,"Cambridge Bancorp is a state chartered, federally registered bank. The bank offers a full range of commercial and consumer banking services through its network of full-service banking offices in Massachusetts.",Banks,7,Financials,5
823,CATO,Cato (The),Cato Corp is a fashion specialty retailer. The Company operates women's fashion specialty retail stores in the southeastern United States under two segment: the operation of a fashion specialty stores segment and a credit card segment.,Retail - Apparel & Specialty,58,Commercial Services & Supplies,0
825,CATY,Cathay General Bancorp,"Cathay General Bancorp is a holding company for Cathay Bank, which offers various financial services for individuals, professionals, and small to medium-sized businesses in California. It provides loans, savings, time deposits, and others.",Banks,7,Financials,5
827,CB,Chubb Limited,"Chubb Ltd provides commercial and personal property and casualty insurance, personal accident and supplemental health insurance (A&H), reinsurance and life insurance to a diverse group of clients.",Insurance - Property & Casualty,37,Healthcare,6
828,CBAN,Colony Bankcorp,"Colony Bankcorp Inc is a bank holding company. The company, through its subsidiary, provides traditional banking products and services to commercial and consumer customers in its markets.",Banks,7,Financials,5
829,CBAT,CBAK Energy Technology,"CBAK Energy Technology Inc is engaged in the manufacture, commercialization and distribution of variety of standard and customized lithium ion (Li-ion) high power rechargeable batteries which are used in various applications.",Computer Hardware,18,Information Technology,8
830,CBAY,CymaBay Therapeutics,"CymaBay Therapeutics Inc is an American biotechnology enterprise. Its product candidates include Arhalofenate, MBX-8025, and MBX-2982, which are meant to combat serious metabolic diseases.",Biotechnology,10,Healthcare,6
833,CBFV,CB Financial Services,"CB Financial Services Inc, through its subsidiary Community Bank operates as a commercial bank offers residential & commercial real estate loans, industrial loans, consumer loans, as well as a variety of deposit products for individuals & businesses.",Banks,7,Financials,5
835,CBIO,Catalyst Biosciences,Catalyst Biosciences Inc focuses on developing novel medicines to address serious medical conditions for individuals in need of treatment options.,Biotechnology,10,Healthcare,6
837,CBL,CBL & Associates Properties,"CBL & Associates Properties Inc is a real estate investment trust. It owns, develops, acquires, leases, manages, and operates regional shopping malls, open-air and mixed-use centers, community centers and office properties and outlet centers.",REITs,55,Financials,5
842,CBOE,Cboe Global Markets,"Cboe Global Markets Inc is an exchange holding company. It offers trading options on various market indexes, futures, U.S. and European equities, exchange-traded products, and multi-asset volatility products.",Brokers & Exchanges,11,Financials,5
845,CBRE,CBRE,"CBRE Group Inc is a commercial real estate services and investment firm. It offers services including facilities management, property management, transaction management and strategic consulting.",Real Estate Services,56,Professional Services,11
846,CBRL,Cracker Barrel Old Country Store,"Cracker Barrel Old Country Store Inc operates full-service restaurants in the United States. It offers home-style country cooking featuring many of its own recipes for breakfast, lunch, and dinner.",Restaurants,57,Corporate Services,3
849,CBSH,Commerce Bancshares,"Commerce Bancshares Inc is engaged in banking business, providing a range of retail, corporate, investment, trust, and asset management products and services to individuals and businesses.",Banks,7,Financials,5
850,CBT,Cabot,"Cabot Corp is a specialty chemicals and performance materials Company. The Company offers rubber and specialty grade carbon blacks, fumed metal oxides, inkjet colorants, aerogel, cesium formate drilling fluids and activated carbon.",Chemicals,14,Materials,9
852,CBU,Community Bank System,"Community Bank System Inc is a provider of financial services. The company, in association with its subsidiaries offers community banking services to retail, commercial, and municipal customers.",Banks,7,Financials,5
853,CBZ,CBIZ,"CBIZ Inc through its subsidiaries, provides professional business services. Its business units have been aggregated into three practice groups: Financial Services, Benefits and Insurance Services and National Practices.",Business Services,13,Corporate Services,3
854,CC,Chemours Company (The),"The Chemours Co is a chemical manufacturing company that produces and develops titanium technologies, fluoroproducts and chemical solutions. It also produces refrigerants and industrial resins.",Chemicals,14,Materials,9
856,CCBG,Capital City Bank,"Capital City Bank Group Inc operates through its subsidiary Capital City Bank which provides traditional deposit and credit services, asset management, mortgage banking, merchant services, bank cards, data processing, and securities brokerage services.",Banks,7,Financials,5
860,CCF,Chase,"Chase Corp is a provider of industrial protective materials. Its products include tapes, laminates, sealants and coatings to be used as protective materials in the industrial segment and construction segment.",Chemicals,14,Materials,9
861,CCI,Crown Castle International (REIT),"Crown Castle International Corp operates wireless tower communication sites in the United States. It owns, operates and leases shared wireless infrastructure, including towers and other structures. Site rental generates maximum revenue for the company.",REITs,55,Financials,5
864,CCK,Crown,"Crown Holdings Inc is one of the world's largest producer of metal packaging products. The company manufactures beverage cans, metal food cans, and closures as well as aerosol cans. It operates mainly in US and Europe.",Packaging & Containers,52,Commercial Services & Supplies,0
865,CCL,Carnival,"Carnival Corp is leisure travel company providing vacations to major cruise destinations across the world. It operates over 100 cruise ships brands including Carnival Cruise Lines, Holland America, Princess Cruise, Seabourn and fathom, and Cunard Line.",Travel & Leisure,64,Transportation & Logistics,12
866,CCLP,CSI Compressco,"CSI Compressco LP provides compression services and equipment for natural gas and oil production, gathering, transportation, processing, and storage. It also sells standard and custom designed compressor packages and oilfield fluid pump systems.",Oil & Gas - Services,50,Commercial Services & Supplies,0
869,CCNE,CNB Financial,"CNB Financial Corp is a financial holding company. The company engaged in providing banking activities and services including checking, savings, and time deposit accounts, real estate, commercial, industrial, residential and consumer loans.",Banks,7,Financials,5
871,CCO,Clear Channel Outdoor,"Clear Channel Outdoor Holdings Inc is a outdoor advertising company. It is engaged in providing advertising opportunities through billboards, street furniture displays, transit displays and other out-of-home advertising displays to its clients.",Advertising & Marketing Services,0,"Media, Marketing & Sales",10
872,CCOI,Cogent Communications,Cogent Communications Holdings Inc is an enterprise Internet service provider offering Internet access and data transport using Internet Protocol. It mainly serves the small and medium sized businesses around the world.,Communication Services,17,Corporate Services,3
875,CCRN,Cross Country Healthcare,"Cross Country Healthcare Inc provides healthcare staffing, recruiting, and workforce solutions. The company operates business across three segments and mainly offers nurse and allied staffing, travel nurse, and branch-based local nurse in the US.",Employment Services,25,Professional Services,11
876,CCS,Century Communities,"Century Communities Inc is engaged in the development, design, construction, marketing & sale of single-family attached & detached homes in metropolitan areas in Colorado, Austin & San Antonio, Texas, Houston, Texas, Las Vegas, Nevada & Atlanta, Georgia.",Homebuilding & Construction,32,Energy & Utilities,4
879,CDAY,Ceridian HCM Holding,"Ceridian HCM Holding Inc. is a software company. Its flagship cloud (Human capital management) HCM platform provides human resources, payroll, benefits, workforce management, and talent management capabilities in a single solution.",Application Software,4,Information Technology,8
880,CDE,Coeur Mining,"Coeur Mining Inc is a silver, gold, and zinc producer. It has mines located in the United States, Mexico and Bolivia, a silver streaming interest in Australia and exploration projects in Mexico and Argentina.",Metals & Mining,44,Industrials,7
883,CDLX,Cardlytics,Cardlytics Inc is an operator of purchase intelligence platform. It solution Cardlytics Direct enables marketers to deliver advertising content to FI customers in the form of an opportunity to earn rewards.,Online Media,51,"Media, Marketing & Sales",10
884,CDMO,Avid Bioservices,Avid Bioservices Inc is engaged in development and cGMP manufacturing of biopharmaceutical products derived from mammalian cell culture.,Biotechnology,10,Healthcare,6
885,CDNA,CareDx,"CareDx Inc is a commercial stage company. It develops, markets and delivers a diagnostic surveillance solution for heart transplant recipients to help clinicians make personalized treatment decisions throughout a transplant patient's lifetime.",Medical Diagnostics & Research,41,Healthcare,6
886,CDNS,Cadence Design Systems,"Cadence Design Systems Inc develops system design enablement solutions that are used to design whole electronics systems, complex integrated circuits, and electronic devices. The firm provides maintenance services for its software, hardware, and others.",Application Software,4,Information Technology,8
889,CDTX,Cidara Therapeutics,"Cidara Therapeutics Inc mainly develops anti-infective drugs in the United States. It attends to serious fungal infections through its drug candidates and proprietary immunotherapy technology platform, Cloudbreak.",Biotechnology,10,Healthcare,6
890,CDW,CDW,"CDW Corp provides IT solutions to small, medium and large business, government, education and healthcare customers in the U.S. and Canada, and the UK. Its offerings include mobility, security, and data center optimization.",Application Software,4,Information Technology,8
891,CDXC,ChromaDex,"ChromaDex Corp is a natural products company. The company discovers, acquires, develops and commercializes patented and proprietary ingredient technologies that address the dietary supplement, food, beverage, skincare and pharmaceutical markets.",Biotechnology,10,Healthcare,6
892,CDXS,Codexis,Codexis Inc is a biotech company. It develops proprietary biocatalysts-enzymes or microbes that initiate or accelerate chemical reactions. It offers its products to the pharmaceutical industry. The company also develops advanced biofuels.,Biotechnology,10,Healthcare,6
893,CDZI,Cadiz,"Cadiz Inc US based company, acquires and develops land with water resources for various uses, including groundwater supply, groundwater storage and agriculture.",Utilities - Regulated,67,Energy & Utilities,4
894,CE,Celanese,Celanese Corp is a chemical producer. It focus is to produce industrial specialties and acetyl which are used in various end markets including coatings and adhesives. It also produces cellulose derivatives.,Chemicals,14,Materials,9
897,CECO,Career Education,"Career Education Corp is associated with the education industry. Its universities offer doctoral, master's, bachelor's and associate degrees, as well as diplomas and certificates.",Education,24,Healthcare,6
900,CEI,Camber Energy,Camber Energy Inc is an independent oil and gas company. It is engaged in the development of crude oil and natural gas in Texas and Oklahoma.,Oil & Gas - Drilling,45,Energy & Utilities,4
901,CEIX,CONSOL Energy,CONSOL Energy Inc is a Canonsburg-based producer and exporter of high-BTU bituminous thermal coal. It owns and operates longwall mining operations in the nation and export terminals on the Eastern seaboard.,Coal,15,Energy & Utilities,4
903,CELC,Celcuity,Celcuity Inc is a cellular analysis company. The company is discovering new cancer sub-types and commercializing diagnostic tests.,Medical Diagnostics & Research,41,Healthcare,6
905,CELH,Celsius,"Celsius Holdings Inc is engaged in the development, marketing, sale and distribution of functional calorie-burning fitness beverages under the Celsius brand name.",Beverages - Non-Alcoholic,9,Consumer Staples,2
910,CENT,Central Garden & Pet Company,Central Garden & Pet Co is a marketer and producer of branded products and distributor of third-party products in the pet and lawn and garden supplies industries in the United States.,Consumer Packaged Goods,21,Consumer Staples,2
912,CENX,Century Aluminum Company,"Century Aluminum Co is engaged in producing aluminum. It produces high purity aluminum, standard grade aluminum sow and tee bars, and value-added billet and foundry products which are traded internationally.",Metals & Mining,44,Industrials,7
915,CEQP,Crestwood Equity Partners,"Crestwood Equity Partners LP develops, acquires, owns or controls, and operates fee-based assets and operations within the energy midstream sector.",Oil & Gas - Midstream,48,Energy & Utilities,4
918,CERS,Cerus,Cerus Corp is a biomedical products company. It is engaged in developing and commercializing the INTERCEPT Blood System to enhance blood safety.,Biotechnology,10,Healthcare,6
921,CETX,Cemtrex,"Cemtrex Inc is a diversified technology company. The Company provides electronic manufacturing services of electronic system assemblies, instruments and emission monitors for industrial processes, industrial air filtration & environmental control systems.",Industrial Products,34,Industrials,7
923,CEVA,CEVA,"CEVA Inc is a licensor of cellular, multimedia and connectivity technologies to semiconductor companies and OEMs serving the mobile, consumer, automotive and Internet of things markets.",Semiconductors,60,Materials,9
924,CF,CF Industries,"CF Industries Holdings Inc is a leading producer and distributor of nitrogen fertilizers. The company operates various nitrogen facilities in America UK, and Canada. It primarily serves the international agriculture sector.",Agriculture,2,Industrials,7
926,CFBK,Central Federal,Central Federal Corp is a financial holding company for CFBank. The company through its subsidiary offers a variety of financial services including residential lending and full service retail banking services and products.,Banks,7,Financials,5
927,CFFI,C&F Financial,"C&F Financial Corp through its subsidiaries offers banking and related financial services to both individuals and businesses. It operates in three business activities: Retail Banking, Mortgage Banking and Consumer Finance.",Banks,7,Financials,5
928,CFFN,Capitol Federal Financial,"Capitol Federal Financial Inc is a financial services company operating through its subsidiary. It offers construction loans and other consumer loans and retail deposit accounts, including checking, savings, money market, IRA and certificates of deposit.",Banks,7,Financials,5
929,CFG,Citizens Financial,Citizens Financial Group Inc is a retail bank holding company. It provides retail and commercial banking products and services. Its business segments include Consumer Banking and Commercial Banking.,Banks,7,Financials,5
930,CFMS,Conformis,"Conformis Inc is a medical technology company which uses iFit Image-to-Implant technology platform to develop, manufacture and sells joint replacement implants that are individually sized and shaped to fit each patient's unique anatomy.",Medical Devices,40,Healthcare,6
931,CFR,Cullen/Frost Bankers,"Cullen/Frost Bankers Inc is a financial holding company and a bank holding company. It provides a range of products and services throughout Texas markets, with a concentration on the major metropolitan areas.",Banks,7,Financials,5
932,CFRX,ContraFect,"ContraFect Corp is a biotechnology company engaged in the development of protein and antibody therapeutic products for life-threatening infectious diseases. The Company's product candidates are CF-301, CF-404.",Biotechnology,10,Healthcare,6
934,CG,The Carlyle,"The Carlyle Group LP is a global alternative asset management firm. It operates business across, Corporate Private Equity, Global Credit, Real Assets, and Investment Solutions segments.",Asset Management,5,Financials,5
935,CGA,China Green Agriculture,"China Green Agriculture Inc is engaged in the research, development, production, and sale of fertilizers and distribution of agricultural products in the People's Republic of China. Its fertilizer business is the major revenue driver for the firm.",Agriculture,2,Industrials,7
936,CGBD,TCG BDC,"TCG BDC Inc is an externally managed, non-diversified closed-end investment company. Its objective is to generate current income and capital appreciation primarily through debt investments in U.S. middle market companies.",Asset Management,5,Financials,5
937,CGC,Canopy Growth,"Canopy Growth Corp through its subsidiaries is the licensed producer of medical marijuana in Canada. The company grows, produces and sells medical marijuana. It sells medical marijuana under various brand names including Tweed, Bedrocan, and Mettrum.",Drug Manufacturers,23,Industrials,7
940,CGNX,Cognex,Cognex Corp is a provider of machine vision products that capture and analyze visual information in order to automate tasks in manufacturing processes. Its products are used to automate the manufacture and tracking of discrete items.,Computer Hardware,18,Information Technology,8
944,CHCI,Comstock Holding Companies,"Comstock Holding Co Inc is a multi-faceted real estate development and construction service company. It operates in three segments namely Homebuilding, Multi-family and Real Estate services segment.",Real Estate Services,56,Professional Services,11
945,CHCO,City Holding Company,"City Holding Co, through its subsidiary, provides banking, trust and investment management and other financial solutions. It provides commercial banking, consumer banking, mortgage banking and wealth management and trust services.",Banks,7,Financials,5
946,CHCT,Community Healthcare Trust Incorporated,Community Healthcare Trust Inc is a real estate investment trust focusing on healthcare facilities in the United States. It leases its properties to hospitals or other healthcare service providers.,REITs,55,Financials,5
947,CHD,Church & Dwight Company,"Church & Dwight Co Inc is engaged in the household products industry. It manufactures and markets personal care products under brands like Oxiclean, Spinbrush, First Response and Trojan.",Consumer Packaged Goods,21,Consumer Staples,2
948,CHDN,Churchill Downs Incorporated,"Churchill Downs Inc is a gambling company operating the Churchill Downs racetrack. The reportable business segments are racing, casinos, twin spires, corporate, and other investments.",Travel & Leisure,64,Transportation & Logistics,12
949,CHE,Chemed,"Chemed Corp through its subsidiaries, provides hospice and palliative care services to its patients through a network of physicians, registered nurses, home health aides, social workers, clergy and volunteers and also plumbing and drain cleaning services.",Health Care Providers,31,Healthcare,6
950,CHEF,The Chefs' Warehouse,"The Chefs' Warehouse Inc is a distributor of specialty food products in the United States and Canada. It operates in one reportable segment, Food Product Distribution, which is concentrated on the East and West Coasts of the United States.",Retail - Defensive,59,Consumer Discretionary,1
954,CHGG,Chegg,Chegg Inc is a student-first connected learning platform empowering students to take control of their education to save time and money. It offers its products and services under Chegg services and required materials categories.,Education,24,Healthcare,6
955,CHH,Choice Hotels International,"Choice Hotels International Inc is a hotel franchisor. Its lodging properties include Comfort Inn, Comfort Suites, Quality, Clarion, Sleep Inn, Econo Lodge, Rodeway Inn, MainStay Suites, Suburban Extended Stay Hotel, Cambria hotels and suites.",Travel & Leisure,64,Transportation & Logistics,12
957,CHK,Chesapeake Energy,"Chesapeake Energy Corp is a natural gas and oil exploration, development, acquisition and production company. It also owns an oil and natural gas marketing business. Its portfolio includes unconventional oil and natural gas assets in U.S. onshore plays.",Oil & Gas - E&P,46,Energy & Utilities,4
963,CHMG,Chemung Financial,"Chemung Financial Corp provides financial services, including demand, savings and time deposits, commercial, residential and consumer loans, and wealth management services.",Banks,7,Financials,5
964,CHMI,Cherry Hill Mortgage Investment,Cherry Hill Mortgage Investment Corp is a real estate investment company. It invests in residential mortgage assets with the objective of generating current yields for its stockholders.,REITs,55,Financials,5
967,CHRA,Charah Solutions,Charah Solutions Inc provides environmental and maintenance services to the power generation industry. It provides on-site essential services that enable customers to continue its operations and provide necessary electric power to communities nationwide.,Waste Management,68,Transportation & Logistics,12
968,CHRS,Coherus BioSciences,Coherus BioSciences Inc is a biotechnology company that develops biosimilar therapeutics. The company seeks to ensure successful drug development and manufacturing under very aggressive timelines.,Biotechnology,10,Healthcare,6
969,CHRW,C.H. Robinson Worldwide,C.H. Robinson Worldwide Inc is a non-asset-based third-party logistics provider. The company provides domestic freight brokerage services. It also operates a growing air and ocean forwarding unit and a legacy produce-sourcing operation.,Transportation & Logistics,63,Transportation & Logistics,12
970,CHS,Chico's FAS,"Chico's FAS Inc is an apparel retailer of women's private branded clothing and accessories through products through retail stores, catalog and via Internet. The brands include Chico's, White House/Black Market, Soma Intimates, and Boston Proper.",Retail - Apparel & Specialty,58,Commercial Services & Supplies,0
973,CHTR,Charter Communications,"Charter Communications Inc is a providers of cable services in the United States. The company offers entertainment, information and communications solutions to residential and commercial customers.",Communication Services,17,Corporate Services,3
975,CHUY,Chuy's,"Chuy's Holdings Inc is a full-service restaurant concept. It offers menu of authentic, freshly-prepared Mexican and Tex Mex inspired food.",Restaurants,57,Corporate Services,3
978,CI,Cigna,"Cigna Corp operates in the healthcare industry. It provides medical, dental, disability, life and accident insurance products.",Health Care Plans,30,Healthcare,6
979,CIA,Citizens ($1.00 Par),"Citizens Inc is an insurance holding company. The company through its subsidiaries provides life insurance to the individuals in the United States. It has life insurance, home service, and other non-insurance enterprises segments.",Insurance - Life,36,Healthcare,6
982,CIDM,Cinedigm,"Cinedigm Corp powers custom content solutions to the world's largest retail, media & technology companies. It has emerged as a leader in the fast-growing over-the-top channel business, while providing content and service expertise to the OTT ecosystem.",Entertainment,27,Healthcare,6
983,CIEN,Ciena,"Ciena Corp is a network strategy and technology company. It provides network hardware, software and services that support the transport, switching, aggregation, service delivery and management of video, data, and voice traffic on communications networks.",Communication Equipment,16,Information Technology,8
991,CIM,Chimera Investment,Chimera Investment Corp is a real estate investment trust that invests in a portfolio of mortgage assets. Its investments include various government-sponsored agency such as residential mortgage-backed securities and commercial mortgage-backed securities.,REITs,55,Financials,5
992,CINF,Cincinnati Financial,"Cincinnati Financial Corp is a property casualty insurance company. It provides coverage for commercial casualty, commercial property, commercial auto, workers' compensation, personal auto and life insurance.",Insurance - Property & Casualty,37,Healthcare,6
994,CIO,City Office REIT,"City Office REIT Inc is engaged in managing, operating, owning and acquiring office properties located within a specified target markets, located in metropolitan areas in the Southern and Western United States.",REITs,55,Financials,5
995,CIR,CIRCOR International,"Circor International Inc designs, manufactures and markets engineered products and sub-systems used in the Oil & Gas, power generation, aerospace, defense, and other industrial markets. Its segments are CIRCOR Energy & CIRCOR Aerospace & Defense.",Industrial Products,34,Industrials,7
998,CIVB,Civista Bancshares,"Civista Bancshares Inc is a financial holding company which is involved in collecting customer deposits, making loans, purchasing securities, and offering trust services to its clients.",Banks,7,Financials,5
999,CIVI,Civitas Solutions,"Civitas Solutions Inc is a provider of home- and community-based health and human services to must-serve individuals with intellectual, developmental, physical or behavioral disabilities and other special needs.",Health Care Providers,31,Healthcare,6
1000,CIX,CompX International,"Compx International Inc is engaged in manufacturing of security products used in the recreational transportation, postal, office and institutional furniture's; and also manufactures stainless steel exhaust systems, and throttle controls.",Consulting & Outsourcing,20,Professional Services,11
1001,CIZN,Citizens Holding Company,"Citizens Holding Co is a one-bank holding company. It is engaged in commercial and personal banking activities such as deposits, loans, letters of credit, mortgage loans, personal & corporate trust services, credit life insurance & title insurance.",Banks,7,Financials,5
1005,CKPT,Checkpoint Therapeutics,"Checkpoint Therapeutics Inc is an immuno-oncology biopharmaceutical company which focuses on the acquisition, development, and commercialization of novel, non-chemotherapy, immune-enhanced combination treatments for patients with solid tumor cancers.",Biotechnology,10,Healthcare,6
1006,CKX,CKX Lands,"CKX Lands Inc owns land, timber, and mineral interests and collects income through its ownership in the form of oil and gas royalties, timber sales, and surface leases for farming, right of way and other uses.",Oil & Gas - E&P,46,Energy & Utilities,4
1007,CL,Colgate-Palmolive Company,"Colgate-Palmolive Co is a consumer products company. It provides services such as oral care, personal care, home care and pet nutrition.",Consumer Packaged Goods,21,Consumer Staples,2
1008,CLAR,Clarus,"Clarus Corp is engaged in designing, manufacturing, and marketing outdoor performance equipment and apparel for climbing, mountaineering, backpacking, skiing, cycling, and other year-round outdoor recreation activities.",Travel & Leisure,64,Transportation & Logistics,12
1009,CLB,Core Laboratories N.V.,"Core Laboratories NV is a provider of proprietary and patented reservoir description, production enhancement & reservoir management services to the oil and gas industry. The company operates in more than 50 countries.",Oil & Gas - Services,50,Commercial Services & Supplies,0
1010,CLBK,Columbia Financial,"Columbia Finl Inc is a holding company of Columbia Bank. It serves the financial needs of depositors and the local community as a community-minded, customer service-focused institution.",Banks,7,Financials,5
1016,CLDT,Chatham Lodging Trust (REIT) of Beneficial Interest,Chatham Lodging Trust is an internally-managed real estate investment trust. The company is organized to invest in upscale extended-stay and premium-branded select-service hotels.,REITs,55,Financials,5
1017,CLDX,Celldex Therapeutics,Celldex Therapeutics Inc is a biopharmaceutical company. The company is engaged in the development and commercialization of immunotherapy technologies for the treatment of cancer and other difficult-to-treat diseases.,Biotechnology,10,Healthcare,6
1018,CLF,Cleveland-Cliffs,"Cleveland-Cliffs Inc, formerly Cliffs Natural Resources Inc is an iron ore producer. The company operates mining properties in North America, United States, Canada and Australia. It also owns a large chromite project in Canada.",Metals & Mining,44,Industrials,7
1019,CLFD,Clearfield,"Clearfield Inc manufactures and sells fiber management and enclosure platform that consolidates, distributes and protects fiber as it moves from the inside plant to the outside plant and all the way to the home, business and cell site.",Communication Equipment,16,Information Technology,8
1022,CLH,Clean Harbors,"Clean Harbors Inc along with its subsidiaries, provides environmental, energy and industrial services.",Waste Management,68,Transportation & Logistics,12
1024,CLIR,ClearSign Combustion,ClearSign Combustion Corp through its Duplex and Electrodynamic Combustion Control technology develops high-performance combustion systems. The company offers Duplex Plug and Play burner for use in refinery heaters and steam generation engines.,Industrial Products,34,Industrials,7
1027,CLMT,Calumet Specialty Products Partners,"Calumet Specialty Products Partners LP is engaged in processing crude oil into specialty products including lubricating oils, solvents, and waxes, and fuel products including gasoline, diesel, and jet fuel.",Oil & Gas - Refining & Marketing,49,"Media, Marketing & Sales",10
1029,CLNE,Clean Energy Fuels,"Clean Energy Fuels Corp is a natural gas marketer and retailer operating in the United States and Canada. The company supplies compressed natural gas, liquefied natural gas, and renewable natural gas as an alternative fuel for vehicles.",Oil & Gas - Refining & Marketing,49,"Media, Marketing & Sales",10
1031,CLPR,Clipper Realty,"Clipper Realty Inc is a self-administered and self-managed real estate company that acquires, owns, manages, operates and repositions multi-family residential and commercial properties in the New York metropolitan area.",REITs,55,Financials,5
1034,CLRB,Cellectar Biosciences,"Cellectar Biosciences Inc is a biopharmaceutical company. It is engaged in developing compounds for treatment and imaging of cancer. Its portfolio consists of PET imaging agents, optical imaging agents, and therapeutic agents.",Biotechnology,10,Healthcare,6
1035,CLRO,ClearOne,"ClearOne Inc designs, develops and sells conferencing, collaboration, streaming and digital signage solutions for audio/voice and visual communication. Its products inlcude Digital Signage, Media Carts, Microphone , and UC Voice.",Communication Equipment,16,Information Technology,8
1036,CLS,Celestica,"Celestica Inc is a US-based electronic manufacturing service company. It delivers supply chain solutions to customers in the communications, industrial, aerospace and defense, healthcare, solar, semiconductor equipment and other sectors.",Computer Hardware,18,Information Technology,8
1037,CLSD,Clearside Biomedical,Clearside Biomedical Inc is a clinical biopharmaceutical company. It is engaged in developing drug therapies to treat blinding diseases of the eye. Its product candidates focuses on diseases affecting the retina.,Biotechnology,10,Healthcare,6
1041,CLW,Clearwater Paper,"Clearwater Paper Corp is a producer of tissue and paperboard products. The company manufactures consumer tissue, away-from-home tissue, parent roll tissue, bleached paperboard and pulp at manufacturing facilities across the nation.",Forest Products,29,Materials,9
1043,CLX,Clorox Company (The),"Clorox Co is engaged in the household product market. The Company sells its products primarily through grocery stores, e-commerce channels and medical supply distributors.",Consumer Packaged Goods,21,Consumer Staples,2
1044,CLXT,Calyxt,"Calyxt Inc is an agricultural biotechnology firm. The company engages in the development of food and agricultural business. It develops specialty food ingredients, such as oils and high fiber wheat, and food crops.",Consumer Packaged Goods,21,Consumer Staples,2
1046,CMA,Comerica Incorporated,"Comerica Inc is a financial services company. It operates in three business segments, The Business Bank, The Retail Bank, and Wealth Management. It operates in geographic markets including Michigan, California and Texas, Arizona and Florida.",Banks,7,Financials,5
1047,CMC,Commercial Metals Company,"Commercial Metals Co manufactures, recycles and markets steel and metal products and related materials and services. Its products and services include metal recycling, mill products, fabrication,construction products etc.",Steel,61,Materials,9
1050,CMCO,Columbus McKinnon,"Columbus McKinnon Corp is a designer, manufacturer and marketer of hoists, rigging tools, cranes, actuators, and other material handling products serving commercial and industrial end-user markets.",Farm & Construction Machinery,28,Industrials,7
1051,CMCSA,Comcast Common Stock,"Comcast Corp is a media and technology company. It mainly involves in the cable industry and owns Comcast Cable, E!, NBCUniversal, and the NBC broadcast network.",Communication Services,17,Corporate Services,3
1052,CMCT,CIM Commercial Trust,"CIM Commercial Trust Corp is a real estate investment trust. The company along with its subsidiaries is engaged in acquiring, owning, and operating Class A and creative office properties in urban communities throughout the United States.",REITs,55,Financials,5
1054,CME,CME,CME Group Inc is an operator of financial exchanges. It offers products like futures & options and foreign exchange.,Brokers & Exchanges,11,Financials,5
1056,CMG,Chipotle Mexican Grill,"Chipotle Mexican Grill Inc together with its subsidiaries operates Chipotle Mexican Grill restaurants, which serves a menu of burritos, tacos, burrito bowls and salads, made using fresh ingredients.",Restaurants,57,Corporate Services,3
1057,CMI,Cummins,"Cummins Inc designs, manufactures, distributes, and services diesel and natural gas engines and engine-related component products, including filtration, after treatment, turbochargers, fuel systems, controls systems, air handling systems, and others.",Industrial Products,34,Industrials,7
1058,CMLS,Cumulus Media,"Cumulus Media Inc is a radio broadcasting company. It combines high-quality local programming with iconic, nationally syndicated media, sports and entertainment brands to deliver premium content choices.",Entertainment,27,Healthcare,6
1060,CMP,Compass Minerals Intl,"Compass Minerals International Inc is associated with the mining industry. It produces minerals, including salt, sulfate of potash specialty fertilizer and magnesium chloride.",Metals & Mining,44,Industrials,7
1061,CMPR,Cimpress N.V,"Cimpress NV is a Dutch company that focuses on the mass customization of physical products, such as embroidered apparel, signage, marketing materials, and photo products.",Advertising & Marketing Services,0,"Media, Marketing & Sales",10
1063,CMRX,Chimerix,"Chimerix Inc is a biopharmaceutical company which focuses on the discovery, development, and commercialization of novel, oral antivirals in areas of unmet medical needs.",Biotechnology,10,Healthcare,6
1064,CMS,CMS Energy,CMS Energy Corp is utility company operating in Michigan. It is engaged in independent power production and owns power generation facilities fueled by natural gas and renewable sources.,Utilities - Regulated,67,Energy & Utilities,4
1066,CMT,Core Molding,Core Molding Technologies Inc along with its subsidiaries operates in the plastics market in a family of products known as reinforced plastics. The company is a manufacturer of sheet molding compound and molder of fiberglass reinforced plastics.,Autos,6,Industrials,7
1068,CMTL,Comtech Telecommunications,"Comtech Telecommunications Corp is engaged in designing, developing, producing and marketing products, systems and services for communications solutions. It is engaged in two business segments, Commercial Solutions and Government Solutions Segment.",Communication Equipment,16,Information Technology,8
1070,CNA,CNA Financial,"CNA Financial Corp is a property and casualty insurance company managing its core business into three segments Specialty, Commercial and International. Its services include risk management, information services, warranty and claims administration.",Insurance - Property & Casualty,37,Healthcare,6
1074,CNC,Centene,"Centene Corp offers healthcare plans to United States government sponsored healthcare programs. The company primarily focuses on uninsured individuals and helps them access care facilities, and social services through government subsidized programs.",Health Care Plans,30,Healthcare,6
1076,CNDT,Conduent Incorporated,"Conduent Inc is engaged in providing business process services with expertise in transaction-intensive processing, analytics, and automation to healthcare, transportation, and other industries. It operates its business in US, Europe, and other areas.",Business Services,13,Corporate Services,3
1077,CNET,ChinaNet Online,"ChinaNet Online Holdings Inc is a B2B, integrated internet service provider for expanding small & medium enterprises sales networks in China. It is engaged in advertising industry conducting its business through its subsidiaries and operating entities.",Advertising & Marketing Services,0,"Media, Marketing & Sales",10
1078,CNFR,Conifer,Conifer Holdings Inc is an insurance company. It provides insurance coverage for commercial and personal product lines.,Insurance - Property & Casualty,37,Healthcare,6
1079,CNHI,CNH Industrial N.V.,"CNH Industrial NV is engaged in capital goods sector. It designs, manufactures and sells agricultural and construction equipment such as trucks, commercial vehicles, buses, engines and transmissions for vehicles and engines for marine applications.",Farm & Construction Machinery,28,Industrials,7
1081,CNK,Cinemark,"Cinemark Holdings Inc is a motion picture exhibitor operating in the United States. The company operates over 4,000 screens across the country mainly in midsize cities or suburbs of large cities.",Entertainment,27,Healthcare,6
1082,CNMD,CONMED,"Conmed Corp is a medical technology company with an emphasis on surgical devices and equipment for minimally invasive procedures and monitoring. The Company's products serve the clinical areas, surgeons and physicians.",Medical Devices,40,Healthcare,6
1083,CNNE,Cannae,"Cannae Holdings Inc is a diversified holding company. The company holds investments in a variety of industries including Restaurants, Technology Enabled Healthcare Services, Financial Services and more.",Asset Management,5,Financials,5
1084,CNO,CNO Financial,"CNO Financial Group Inc is a holding company for a group of insurance companies. It develops, markets and administers health insurance, annuity, individual life insurance and other insurance products.",Insurance - Life,36,Healthcare,6
1085,CNOB,ConnectOne Bancorp,"ConnectOne Bancorp Inc is a holding company. The company through its holding provides banking services including lending, depository and related financial services to commercial, industrial and governmental customers.",Banks,7,Financials,5
1086,CNP,CenterPoint Energy (Holding Co),CenterPoint Energy Inc owns and operates a portfolio of energy-related businesses. The company primarily provides transmission and distribution services and has natural gas distribution systems in the United States.,Utilities - Regulated,67,Energy & Utilities,4
1088,CNS,Cohen & Steers,"Cohen & Steers Inc is an investment manager engaged in real assets, including real estate, infrastructure, and commodities, along with preferred securities and other income solutions. North America generates maximum revenue for the company.",Asset Management,5,Financials,5
1089,CNSL,Consolidated Communications,"Consolidated Communications Holdings Inc is a provider of telecom services in the United States. The company's offering spans local and long-distance services, broadband Internet access and cloud data services.",Communication Services,17,Corporate Services,3
1091,CNTY,Century Casinos,"Century Casinos Inc is an casino entertainment company that develops and operates gaming establishments, as well as related lodging, restaurant and entertainment facilities around the world.",Travel & Leisure,64,Transportation & Logistics,12
1092,CNX,CNX Resources,"CNX Resources Corp is a Pittsburgh-based energy producer. The company is engaged in natural gas exploration, development and production with operations centered in the major shale formations of the Appalachian basin.",Oil & Gas - E&P,46,Energy & Utilities,4
1094,CNXN,PC Connection,"PC Connection Inc is a provider of information technology or IT solutions. It provides IT products including computer systems, software and peripheral equipment, networking communications that it purchases from manufacturers and distributors.",Computer Hardware,18,Information Technology,8
1096,COCP,Cocrystal Pharma,Cocrystal Pharma Inc develops novel medicines for the treatment of human viral diseases. It focuses on the development and commercialization of broad-spectrum antiviral drug candidates that transforms the treatment and prophylaxis of diseases in humans.,Biotechnology,10,Healthcare,6
1097,CODA,Coda Octopus,"Coda Octopus Group Inc designs and manufactures patented real time 3D sonar solutions and other products for sale to the subsea, defense, mining and marine sciences markets. Its segments are Marine Technology Business, and Marine Engineering Business.",Aerospace & Defense,1,Transportation & Logistics,12
1098,CODI,Compass Diversified Shares of Beneficial Interest,"Compass Diversified Holdings is a diversified businesses conglomerate. Through its holdings in multiple companies, it provides waste management services, baby products, hemp-based foods, printed circuit boards and others.",Conglomerates,19,Industrials,7
1099,CODX,Co-Diagnostics,"Co-Diagnostics Inc is a molecular diagnostics company that has developed, and intends to sell molecular diagnostic technology such as lab systems and manufacture and sell reagents used for tests.",Medical Diagnostics & Research,41,Healthcare,6
1101,COF,Capital One Financial,"Capital One Financial Corp operates in the financial domain. Through its banking and non-banking subsidiaries, it markets financial products and services.",Credit Services,22,Corporate Services,3
1103,COHN,Cohen & Company,"Cohen & Co Inc is engaged in providing investment industry services, private company services, and management advisory services to various mutual funds, private companies, and business owners.",Brokers & Exchanges,11,Financials,5
1104,COHR,Coherent,"Coherent Inc is a supplier of photonics-based solutions in a range of commercial and scientific research applications. It designs, manufactures, services and markets lasers and related accessories for a diverse group of customers.",Computer Hardware,18,Information Technology,8
1105,COHU,Cohu,"Cohu Inc is a supplier of semiconductor test and inspection handlers, micro-electro mechanical system (MEMS) test modules, test contactors and thermal sub-systems used by semiconductor manufacturers and test subcontractors.",Semiconductors,60,Materials,9
1106,COKE,Coca-Cola Consolidated,"Coca-Cola Bottling Co Consolidated together with its subsidiaries, produces, markets, and distributes nonalcoholic beverages.",Beverages - Non-Alcoholic,9,Consumer Staples,2
1107,COLB,Columbia Banking System,"Columbia Banking System Inc is active in the financial services domain. It is the holding company for Columbia State Bank, which provides products for the small and medium sized business. It also provides services to professionals and individuals.",Banks,7,Financials,5
1108,COLD,Americold Realty Trust,Americold Realty Trust mainly owns and operates temperature-controlled warehouses. It provides its customers with handling and other warehouse services related to the products stored in buildings.,REITs,55,Financials,5
1109,COLL,Collegium Pharmaceutical,Collegium Pharmaceutical Inc is a specialty pharmaceutical company which is engaged in developing and planning to commercialize abuse-deterrent products through its patented DETERx platform technology.,Drug Manufacturers,23,Industrials,7
1110,COLM,Columbia Sportswear Company,"Columbia Sportswear Co is engaged in designing, sourcing, marketing and distributing outdoor and active lifestyle apparel, footwear, accessories and equipment. It sells under four brands, Columbia, Sorel, Mountain Hardwear, and prAna.",Manufacturing - Apparel & Furniture,39,Industrials,7
1111,COMM,CommScope Holding Company,CommScope Holding Co Inc provides infrastructure solutions for communication networks. The company's portfolio of network infrastructure includes wireless and fiber optic solutions. Its segments are CommScope Connectivity and CommScope Mobility Solutions.,Communication Equipment,16,Information Technology,8
1113,CONN,Conn's,Conn's Inc is a holding company engaged in specialty retail. It is a specialty retailer that offers branded consumer goods and related services and also credit solutions for consumers. The firm operates its business through retail stores and website.,Retail - Apparel & Specialty,58,Commercial Services & Supplies,0
1114,COO,The Cooper Companies,The Cooper Companies Inc is a medical device company operating through its subsidiaries. It manufactures products for contact lens wearers and supplies women's health clinicians with products and treatment options to improve the delivery of healthcare.,Medical Instruments & Equipment,43,Commercial Services & Supplies,0
1115,COOP,Mr. Cooper,"WMIH Corp is a reinsurance company. It owns a legacy reinsurance business that is currently operated in runoff mode by WM Mortgage Reinsurance Company, Inc.",Banks,7,Financials,5
1116,COP,ConocoPhillips,ConocoPhillips operates in the oil & gas sector. Its primary business involves exploration and production of crude oil and natural gas.,Oil & Gas - E&P,46,Energy & Utilities,4
1117,COR,CoreSite Realty,"CoreSite Realty Corp is a fully integrated, self-administered and self-managed real estate investment trust. The Company is engaged in the business of owning, acquiring, constructing and operating data centers.",REITs,55,Financials,5
1119,CORR,CorEnergy Infrastructure Trust,CorEnergy Infrastructure Trust Inc is engaged in acquiring and financing midstream and downstream real estate assets within the U.S. energy infrastructure sector.,REITs,55,Financials,5
1120,CORT,Corcept Therapeutics Incorporated,"Corcept Therapeutics Inc is engaged in the discovery, development and commercialization of drugs for the treatment of severe metabolic, psychiatric and oncologic disorders by modulating the effects of cortisol.",Biotechnology,10,Healthcare,6
1122,COST,Costco Wholesale,Costco Wholesale Corp and its subsidiaries operate membership warehouses. The company offers its members low prices on a limited selection of nationally branded and select private-label products in merchandise categories.,Retail - Defensive,59,Consumer Discretionary,1
1124,COTY,Coty,"Coty Inc is an American cosmetics company. Its products include fragrances, color cosmetics, hair, body and skin care products. The company markets its products under Calvin Klein, Chloe, Clairol, Marc Jacobs, Wella, Rimmel, and Bourjois brands worldwide.",Consumer Packaged Goods,21,Consumer Staples,2
1125,COUP,Coupa Software Incorporated,Coupa Software Inc is a US-based firm that offers spend management solutions through the Software-as-a-Service business model. The company primarily offers cloud-based spend management platforms through various applications to its clients.,Application Software,4,Information Technology,8
1127,CP,Canadian Pacific Railway Limited,"Canadian Pacific Railway Ltd is engaged in rail transportation. It provides freight transportation services, logistics solutions, and supply chain expertise in Canada and the United States.",Transportation & Logistics,63,Transportation & Logistics,12
1131,CPB,Campbell Soup Company,"Campbell Soup Co operates in the packaged foods industry. The products within its scope include meals and beverages, biscuits and snacks.",Consumer Packaged Goods,21,Consumer Staples,2
1132,CPE,Callon Petroleum Company,"Callon Petroleum Co is engaged in the exploration, development, acquisition, and production of oil and natural gas properties. The company generates its revenue from the sale of Oil.",Oil & Gas - E&P,46,Energy & Utilities,4
1133,CPF,Central Pacific Financial New,"Central Pacific Financial Corp provides financial services, especially banking products. As a holding company of Central Pacific Bank, it renders loans and treasury products to individuals and corporates in the United States.",Banks,7,Financials,5
1135,CPHC,Canterbury Park Holding,"Canterbury Park Holding Corp is involved in pari-mutual wagering on horse races and unbanked card games. It is also engaged in related services and activities such as food and beverage, publication sales, catering, and events.",Travel & Leisure,64,Transportation & Logistics,12
1136,CPHI,China Pharma,"China Pharma Holding Inc is mainly engaged in the development, manufacture and marketing of pharmaceutical products for human use in connection with a variety of high-incidence and high-mortality diseases and medical conditions prevalent in China.",Drug Manufacturers,23,Industrials,7
1137,CPIX,Cumberland Pharmaceuticals,"Cumberland Pharmaceuticals Inc is a specialty pharmaceutical company. It is engaged in the acquisition, development and commercialization of branded prescription products. Its target markets are hospital acute care and gastroenterology.",Drug Manufacturers,23,Industrials,7
1138,CPK,Chesapeake Utilities,"Chesapeake Utilities Corp is a diversified energy company engaged, through its operating divisions and subsidiaries, in regulated and unregulated energy businesses.",Utilities - Regulated,67,Energy & Utilities,4
1142,CPRI,Capri Limited,"Michael Kors Holdings Ltd is a designer, marketer, distributor and retailer of women's apparel and accessories and men's apparel. The Company's business consists of retail, wholesale and licensing segments.",Manufacturing - Apparel & Furniture,39,Industrials,7
1143,CPRT,Copart,"Copart Inc provides online auctions and vehicle remarketing services in United States, Canada, United Kingdom and Brazil. The company offers vehicle sellers with services to process and sell vehicles over the internet.",Autos,6,Industrials,7
1144,CPRX,Catalyst Pharmaceuticals,"Catalyst Pharmaceuticals Inc is a biopharmaceutical company. The company is engaged in the development and commercialization of therapies for people with rare debilitating diseases, chronic neuromuscular and neurological diseases.",Drug Manufacturers,23,Industrials,7
1145,CPS,Cooper-Standard,"Cooper-Standard Holdings Inc is engaged in manufacturing sealing, fuel and brake delivery, fluid transfer and anti-vibration systems components subsystems, and modules. Its products are used in passenger vehicles and light trucks.",Autos,6,Industrials,7
1146,CPSH,CPS,"CPS Technologies Corp provides material solutions to the transportation, automotive, energy, computing/Internet, telecommunications, aerospace, defense, and oil and gas end markets.",Computer Hardware,18,Information Technology,8
1147,CPSI,Computer Programs and Systems,Computer Programs and Systems Inc is engaged in providing healthcare solutions and services for community hospitals and post-acute care facilities.,Application Software,4,Information Technology,8
1148,CPSS,Consumer Portfolio Services,"Consumer Portfolio Services Inc is a specialty finance company. It purchases & services retail automobile contracts originated by franchised automobile and independent dealers in USA in the sale of new & used automobiles, light trucks & passenger vans.",Credit Services,22,Corporate Services,3
1150,CPT,Camden Property Trust,"Camden Property Trust a Texas real estate investment trust engaged in the ownership, management, development, redevelopment, acquisition, and construction of multifamily apartment communities.",REITs,55,Financials,5
1152,CQP,Cheniere Energy Partners,Cheniere Energy Partners LP engages in the liquified natural gas export business. The firm operates through its Sabine Pass liquefaction/terminal/pipeline facilities in Louisiana.,Oil & Gas - Midstream,48,Energy & Utilities,4
1153,CR,Crane Co.,"Crane Co is a diversified manufacturer of engineered industrial products. The company maintains a wide product portfolio of valves, payment acceptance and dispensing products and aerospace components.",Industrial Products,34,Industrials,7
1154,CRAI,CRA InternationalInc.,"CRA International, Inc. is a global consulting firm offering economic, financial, and strategic consulting services. The company offers services to major law firms, corporations, accounting firms, and governments in the US and international markets.",Business Services,13,Corporate Services,3
1156,CRBP,Corbus Pharmaceuticals,"Corbus Pharmaceuticals Holdings Inc is a biopharmaceutical company. Its business involves the development of therapeutics to address serious inflammatory diseases such as cystic fibrosis, systemic sclerosis and skin-predominant dermatomyositis.",Biotechnology,10,Healthcare,6
1157,CRC,California Resources,"California Resources Corp is an oil and natural gas exploration and production company, which operates within the State of California. It explores, produces, gathers, processes and markets crude oil, natural gas and natural gas liquids.",Oil & Gas - E&P,46,Energy & Utilities,4
1162,CREG,China Recycling Energy,"China Recycling Energy Corp through its subsidiaries, sells and leases energy saving systems and equipment to its customers, in the People's Republic of China.",Waste Management,68,Transportation & Logistics,12
1164,CREX,Creative Realities,"Creative Realities Inc is a digital marketing technology and solutions company providing shopper marketing and digital marketing technology and solutions to retail companies, individual retail brands, enterprises and organizations.",Application Software,4,Information Technology,8
1166,CRH,CRH PLC American Depositary Shares,"CRH PLC manufactures and distributes building materials products. It sells frame elements, and value-added exterior products primarily to nonresidential projects.",Building Materials,12,Materials,9
1168,CRI,Carter's,"Carter's Inc is an apparel manufacturing company that sells its products through branded retail stores, company websites, and department stores and other locations. Its brands include Carter's, Child of Mine, Just One You, Precious Firsts, and OshKosh.",Manufacturing - Apparel & Furniture,39,Industrials,7
1169,CRIS,Curis,"Curis Inc is a biotechnology company engaged in developing and commercializing drug candidates for the treatment of human cancers. Its pipeline products include CUDC-907, CA-170, CA-4948, CA-327, and Erivedge.",Biotechnology,10,Healthcare,6
1170,CRK,Comstock Resources,"Comstock Resources Inc along with its subsidiaries is engaged in the acquisition, development, production and exploration of oil and natural gas.",Oil & Gas - E&P,46,Energy & Utilities,4
1171,CRL,Charles River Laboratories International,"Charles River Laboratories International Inc is a pharmaceutical company providing drug discovery and development services. The company provides animal models for laboratory testing, and offers manufacturing testing services to various industries.",Medical Diagnostics & Research,41,Healthcare,6
1172,CRM,Salesforce.com,"Salesforce.com Inc is a software-as-a-service company that provides enterprise cloud computing solutions, offering social and mobile cloud apps and platform services, as well as professional services to facilitate the adoption of its solutions.",Application Software,4,Information Technology,8
1173,CRMD,CorMedix,Cormedix Inc is a commercial-stage biopharmaceutical company. It focuses on development and commercializing therapeutic products for the prevention and treatment of infectious and inflammatory diseases.,Biotechnology,10,Healthcare,6
1174,CRMT,America's Car-Mart,America's Car-Mart Inc is an automotive retailing company. It sells older model used vehicles & provides financing for customers.,Autos,6,Industrials,7
1176,CRON,Cronos,Cronos Group Inc is a diversified and vertically integrated cannabis company. It produces and sells legal marijuana in the Canadian medical market.,Drug Manufacturers,23,Industrials,7
1177,CROX,Crocs,"Crocs Inc is engaged in the design, development, manufacturing, marketing and distribution of consumer products including footwear and accessories for men, women and children. The business activity is functioned through retail chains.",Manufacturing - Apparel & Furniture,39,Industrials,7
1179,CRS,Carpenter Technology,"Carpenter Technology Corp manufactures, fabricates and distributes specialty metals that include nickel, cobalt, titanium, and chromium. It operates in two business segments: Specialty Alloys Operations and Performance Engineered Products.",Industrial Products,34,Industrials,7
1180,CRSP,CRISPR Therapeutics AG,CRISPR Therapeutics AG is a gene editing company. It is engaged in the development of CRISPR/Cas9-based therapeutics.,Biotechnology,10,Healthcare,6
1182,CRTO,Criteo S.A.,Criteo SA is a technology company providing digital performance marketing. It sells internet display advertisements featuring product-level recommendations either directly to clients or to advertising agencies.,Online Media,51,"Media, Marketing & Sales",10
1183,CRUS,Cirrus Logic,"Cirrus Logic Inc is a provider of integrated circuits for audio and voice signal processing applications. It products include analog and mixed-signal components targeting mobile devices, and applications in the automotive, energy, and industrial markets.",Semiconductors,60,Materials,9
1184,CRVL,CorVel,"CorVel Corp provides case management, claims administration, and medical bill review services to payors to administer, manage and control the cost of workers compensation and other healthcare benefits.",Brokers & Exchanges,11,Financials,5
1185,CRVS,Corvus Pharmaceuticals,Corvus Pharmaceuticals Inc is a clinical stage biopharmaceutical company. It is engaged in development and commercialization of novel immuno-oncology therapies that are designed to harness the immune system to attack cancer cells.,Biotechnology,10,Healthcare,6
1186,CRWS,Crown Crafts,"Crown Crafts Inc through its subsidiaries operates in the infant and toddler products segment within the consumer products industry. It designs and distributes, infant and toddler bedding and blankets, bibs, disposable products and accessories.",Manufacturing - Apparel & Furniture,39,Industrials,7
1190,CSBR,Champions Oncology,Champions Oncology Inc is engaged in the development and sale of advanced technology solutions and products to personalize the development and use of oncology drugs.,Biotechnology,10,Healthcare,6
1191,CSCO,Cisco Systems,"Cisco Systems Inc is a supplier of data networking equipment and software. Its products include routers, switches, access equipment, and security and network management software which allow data communication among dispersed computer networks.",Communication Equipment,16,Information Technology,8
1193,CSGP,CoStar,"CoStar Group Inc provides commercial real estate data covering over 4 million properties from various subsectors from commercial areas. It operates five flagship brands: CoStar, LoopNet, Apartments.com, BizBuySell, and LandsofAmerica.",Real Estate Services,56,Professional Services,11
1194,CSGS,CSG Systems International,"CSG Systems International Inc provides business support solutions mainly to the communications industry. It offers cable and satellite care, content management, convergent rating, mediation and data management, as well as routing services in the US.",Application Software,4,Information Technology,8
1195,CSII,Cardiovascular Systems,"Cardiovascular Systems Inc is a medical technology company developing solutions for vascular and coronary disease. It treats patients suffering from peripheral and coronary artery diseases, including those with arterial calcium.",Medical Devices,40,Healthcare,6
1197,CSL,Carlisle Companies Incorporated,"Carlisle Companies Inc manufactures construction materials. Its products include insulation materials, rubber, thermoplastic polyolefin, and polyvinyl chloride roofing membranes used predominantly on non-residential low-sloped roofs.",Conglomerates,19,Industrials,7
1200,CSPI,CSP,"CSP Inc and its subsidiaries are engaged in developing and marketing IT integration solutions, security and managed services and purpose built network adapters, as well as cluster computer systems.",Application Software,4,Information Technology,8
1203,CSSE,Chicken Soup for the Soul Entertainment,Chicken Soup for the Soul Entertainment Inc is a producer and distributor of television and online video programs.,Entertainment,27,Healthcare,6
1205,CSTM,Constellium N.V.,"Constellium NV designs and manufactures innovative specialty rolled and extruded aluminium products, serving primarily the packaging, aerospace, and automotive end-markets. Constellium operates production sites in Europe, North America and China.",Metals & Mining,44,Industrials,7
1206,CSTR,CapStar Financial,"CapStar Financial Holdings Inc is a bank holding company. The Company operates as a commercial bank providing products and services including, commercial and industrial loans, private banking and wealth management services.",Banks,7,Financials,5
1208,CSV,Carriage Services,"Carriage Services Inc is a provider of death care services and merchandise in the United States. It operates Funeral Home Operations and Cemetery Operations. It provides funeral services and sell related merchandise, such as caskets and urns.",Personal Services,53,Professional Services,11
1209,CSWC,Capital Southwest,Capital Southwest Corporation is an investment company in USA. Its investment objective to produce attractive risk-adjusted returns by generating current income from debt investments and capital appreciation from equity and equity related investments.,Asset Management,5,Financials,5
1210,CSWI,CSW Industrials,"CSW Industrials Inc is a diversified industrial growth company with well-established, scalable platforms and domain expertise across three segments, Industrial Products, and Specialty Chemicals.",Industrial Products,34,Industrials,7
1211,CSX,CSX,"CSX Corp is a railroad operating company with operations spread across the Eastern United States. The company hauls shipments of coal products, chemicals, intermodal containers, and a diverse mix of other merchandise.",Transportation & Logistics,63,Transportation & Logistics,12
1212,CTAS,Cintas,"Cintas Corp is a provider of corporate identity uniforms. It products include rental and sale of entrance mats, mops, shop towels, and restroom supplies. The company also offers safety supplies, fire-suppression systems maintenance and others.",Business Services,13,Corporate Services,3
1214,CTBI,Community Trust Bancorp,Community Trust Bancorp Inc is a bank holding company. The company provides commercial and personal banking and trust and wealth management activities.,Banks,7,Financials,5
1216,CTG,Computer Task Incorporated,Computer Task Group Inc is an IT solutions and staffing services company with operations in North America and Europe. The company's services include IT solutions and IT and other staffing.,Application Software,4,Information Technology,8
1217,CTHR,Charles & Colvard,"Charles & Colvard Ltd is engaged in manufacturing, marketing and distribution of moissanite jewels, finished jewelry and fashion finished jewelry for sale in the international jewelry market.",Retail - Apparel & Specialty,58,Commercial Services & Supplies,0
1221,CTLT,Catalent,"Catalent Inc is a drug development, delivery and supply partner company. It engages in advanced delivery technologies and development solutions for drugs, biologics, and consumer health products across US, Europe and other international markets.",Drug Manufacturers,23,Industrials,7
1222,CTMX,CytomX Therapeutics,CytomX Therapeutics Inc is an oncology-focused biopharmaceutical company which is engaged in developing antibody therapeutics based on probody technology platform.,Biotechnology,10,Healthcare,6
1223,CTO,Consolidated-Tomoka Land Co.,"Consolidated-Tomoka Land Co. is a diversified real estate operating company. Principally, it owns and manages commercial real estate properties in the United States.",Real Estate Services,56,Professional Services,11
1225,CTRA,Contura Energy,"Contura Energy Inc is engaged in mining operations across multiple coal basins in Pennsylvania, Virginia, West Virginia and Wyoming. It supplies both metallurgical coal to the steel industry and thermal coal to generate power.",Coal,15,Energy & Utilities,4
1227,CTRE,CareTrust REIT,"CareTrust REIT Inc is engaged in the ownership, acquisition and leasing of healthcare-related properties. The company also owns and operates independent living facilities.",REITs,55,Financials,5
1229,CTRN,Citi Trends,"Citi Trends Inc is a retailer of urban fashion apparel and accessories for the entire family. The Company's merchandise offerings are designed to appeal to the preferences of fashion conscious consumers, particularly African-Americans.",Retail - Apparel & Specialty,58,Commercial Services & Supplies,0
1232,CTS,CTS,"CTS Corp is a designer and manufacturer of electronic components and actuators to OEMs in the automotive, communications, medical, defense and aerospace, industrial and computer markets. The company manufactures products in North America, Europe and Asia.",Computer Hardware,18,Information Technology,8
1233,CTSH,Cognizant Technology Solutions,"Cognizant Technology Solutions Corp is an IT services provider. The company provides services such as technology consulting, application outsourcing, systems integration, business process services, and cloud services.",Application Software,4,Information Technology,8
1234,CTSO,CytoSorbents,CytoSorbents Corp is a immunotherapy company. The Company uses blood purification to modulate inflammation with the goal of preventing or treating multiple organ failure in life-threatening illnesses and cardiac surgery.,Medical Diagnostics & Research,41,Healthcare,6
1237,CTXR,Citius Pharmaceuticals,Citius Pharmaceuticals Inc is a specialty pharmaceutical company engaged in development and commercialization of therapeutic products for markets using patented or proprietary formulations and modified drug delivery technology.,Biotechnology,10,Healthcare,6
1239,CUB,Cubic,"Cubic Corp caters to the defense industry. It designs and develops of technology systems and products, which are made to suit defense requirements.",Aerospace & Defense,1,Transportation & Logistics,12
1241,CUBE,CubeSmart,"CubeSmart is a real estate investment trust that acquires, owns, and manages self-storage facilities throughout the United States. Its portfolio consists of buildings with numerous enclosed storage areas for both residential and commercial customers.",REITs,55,Financials,5
1242,CUBI,Customers Bancorp,"Customers Bancorp Inc through its wholly-owned subsidiary Customers Bank provides financial products and services to small and middle-market businesses, not-for-profits, and consumers. It also provides lending to mortgage banking businesses.",Banks,7,Financials,5
1243,CUE,Cue Biopharma,Cue Biopharma Inc is a biopharmaceutical company developing a novel and proprietary class of biologic drugs for the selective modulation of the human immune system to treat a broad range of cancers and autoimmune disorders.,Biotechnology,10,Healthcare,6
1245,CUK,Carnival Plc ADS ADS,"Carnival PLC is an UK-based cruise company providing leisure travel to major cruise destinations throughout the world. Its portfolio of cruise brands includes AIDA, Carnival Cruise Line, Costa, Cunard, Holland America Line, and other.",Travel & Leisure,64,Transportation & Logistics,12
1246,CULP,Culp,"Culp Inc manufacturers, sources, and markets mattress fabrics and sewn covers used for covering mattresses & box springs and upholstery fabrics including cut and sewn kits used in production of upholstered furniture.",Homebuilding & Construction,32,Energy & Utilities,4
1249,CURO,CURO,"CURO Group Holdings Corp is a consumer finance company. It offers a broad range of consumer finance products including unsecured installment loans, secured installment loans, open-end loans and single-pay loans.",Credit Services,22,Corporate Services,3
1250,CUTR,Cutera,"Cutera Inc is a medical device company. The company is engaged in designing, development, manufacturing, marketing and servicing of laser and other energy based aesthetics systems for practitioners.",Medical Devices,40,Healthcare,6
1251,CUZ,Cousins Properties Incorporated,"Cousins Properties Inc is a real estate investment trust engaged in developing, acquiring, leasing, managing and owning office properties and opportunistic mixed-use developments. Its properties are located mainly in North Carolina, Texas and Georgia.",REITs,55,Financials,5
1253,CVBF,CVB Financial,"CVB Financial Corp is a bank holding company for Citizens Business Bank, which provides banking, lending, and investment services. It also provides trust and investment-related services to customers through its CitizensTrust Division.",Banks,7,Financials,5
1254,CVCO,Cavco Industries,"Cavco Industries Inc designs and produces factory-built homes under the Cavco Homes, Fleetwood Homes, and Palm Harbor Homes brands. It also produces modular homes, park model homes and vacation cabins, as well as commercial structures, among others.",Homebuilding & Construction,32,Energy & Utilities,4
1255,CVCY,Central Valley Community Bancorp,"Central Valley Community Bancorp is a bank holding company, which through its subsidiary provides financial services in its main market area in California. Its services include personal banking and business banking services.",Banks,7,Financials,5
1257,CVEO,Civeo (Canada),"Civeo Corp is an integrated provider of long-term and temporary remote site accommodations, logistics and facility management services to the natural resource industry. It generates most of its revenues from Australia and the United States.",Business Services,13,Corporate Services,3
1258,CVGI,Commercial Vehicle,Commercial Vehicle Group Inc is a supplier of cab related products and systems for the global commercial vehicle market. The operating segments are global truck and bus (GTB) segment and global construction and agriculture (GCA) segment.,Autos,6,Industrials,7
1259,CVGW,Calavo Growers,"Calavo Growers Inc is in the avocado industry and an expanding provider of value-added fresh food. It sells avocados to a group of supermarket chains, wholesalers, food service and other distributors, under brand labels, as well as private labels.",Consumer Packaged Goods,21,Consumer Staples,2
1260,CVI,CVR Energy,CVR Energy Inc through its subsidiaries is engaged in the petroleum refining and nitrogen fertilizer manufacturing industries. Its business segments include petroleum and nitrogen fertilizer.,Oil & Gas - Refining & Marketing,49,"Media, Marketing & Sales",10
1262,CVLT,Commvault Systems,"CommVault Systems Inc is a provider of data and information management software applications and related services. It develops, markets and sells software applications and services in North America, Europe, Australia and Asia.",Application Software,4,Information Technology,8
1263,CVLY,Codorus Valley Bancorp,"Codorus Valley Bancorp Inc is a bank holding company. The Company through its subsidiaries offers business and consumer banking services. It also provides personal banking, mortgage banking, wealth management and real estate settlement services.",Banks,7,Financials,5
1264,CVM,Cel-Sci ($0.001 Par Value),"CEL-SCI Corp is a biotechnology company. It is engaged in the research and development directed at improving the treatment of cancer and other diseases by utilizing the immune system, the body's natural defense system.",Biotechnology,10,Healthcare,6
1265,CVNA,Carvana Co.,"Carvana Co is an eCommerce platform for buying used cars. It uses proprietary algorithms to optimize its nationally pooled inventory of over 7,300 vehicles, inspect and recondition our vehicles and operate its own logistics network.",Retail - Apparel & Specialty,58,Commercial Services & Supplies,0
1266,CVR,Chicago Rivet & Machine Co.,"Chicago Rivet & Machine Co is in the fastener industry in North America. It manufactures rivets, cold-formed fasteners and parts and screw machine products. It operates in two segments of the fastener industry, fasteners and assembly equipment.",Industrial Products,34,Industrials,7
1268,CVS,CVS Health,"CVS Health Corp operates in the healthcare sector. Its primary business is that of operating retail pharmacies. The company has three reportable segments namely Pharmacy Services, Retail/LTC, and Corporate.",Health Care Plans,30,Healthcare,6
1270,CVU,CPI Aerostructures,CPI Aerostructures Inc is engaged in the contract production of structural aircraft parts for fixed wing aircraft and helicopters in both the commercial and defense markets.,Aerospace & Defense,1,Transportation & Logistics,12
1271,CVV,CVD Equipment,"CVD Equipment Corp designs and manufactures chemical vapor deposition, gas control and other equipment and process solutions used to develop and manufacture materials and coatings for research and industrial applications.",Industrial Products,34,Industrials,7
1272,CVX,Chevron,"Chevron Corp engages in the exploration, production, and refining operations worldwide. Its oil refineries are spread across the United States, South Africa, and Asia with an approximate capacity of 2 million barrels of oil a day.",Oil & Gas - Integrated,47,Energy & Utilities,4
1273,CW,Curtiss-Wright,"Curtiss-Wright Corp is a diversified manufacturing and service company. It designs, manufactures, and overhauls precision components and provides engineered products and services to the aerospace, defense, automotive, and metalworking industries.",Industrial Products,34,Industrials,7
1274,CWBC,Community West Bancshares,Community West Bancshares is a bank holding company in the United States. It earns revenue through the interest income derived from the provision of lending products.,Banks,7,Financials,5
1275,CWBR,CohBar,CohBar Inc is a research stage biotechnology company. The company conducts investigational research into Mitochondrial-Derived Peptides to evaluate their therapeutic potential through in vitro and in vivo models.,Biotechnology,10,Healthcare,6
1276,CWCO,Consolidated Water Co.,"Consolidated Water Co Ltd develops and operates seawater desalination plants. The company's operating segment includes Retail, bulk, services and manufacturing. It generates a majority of its revenue from the Bulk segment.",Utilities - Regulated,67,Energy & Utilities,4
1277,CWEN,Clearway Energy C,"NRG Yield Inc is a dividend growth-oriented company. The company owns, operates and acquires contracted renewable and conventional generation and thermal infrastructure assets.",Utilities - Regulated,67,Energy & Utilities,4
1279,CWH,Camping World Commom Stock,"Camping World Holdings Inc provides services, protection plans, products and resources for recreational vehicle enthusiasts across the United States. The firm offers its products and services through the Good Sam and Camping World brands across the US.",Autos,6,Industrials,7
1280,CWST,Casella Waste Systems,"Casella Waste Systems Inc is a vertically-integrated solid waste, recycling, and resource management services company. It provides resource management expertise and services to residential, commercial, municipal and industrial customers.",Waste Management,68,Transportation & Logistics,12
1281,CWT,California Water Service,"California Water Service Group is engaged in the production, purchase, storage, treatment, testing, distribution and sale of water for domestic, industrial, public and irrigation uses, and for fire protection.",Utilities - Regulated,67,Energy & Utilities,4
1288,CXW,CoreCivic,"CoreCivic Inc is a real estate investment trust that offers site, design, build, finance, own, maintain and lease core real estate assets to government partners. The company is involved in the ownership and operation of private prisons.",REITs,55,Financials,5
1291,CYAN,Cyanotech,Cyanotech Corp cultivates and produces natural products derived from microalgae for the nutritional supplements market. The Company's products include Spirulina Pacifica and natural astaxanthin.,Consumer Packaged Goods,21,Consumer Staples,2
1294,CYCC,Cyclacel Pharmaceuticals,Cyclacel Pharmaceuticals Inc mainly develops targeted medicines for cancer and other proliferative diseases. The company focuses in hematology and oncology-based development pipeline of novel drug candidates.,Biotechnology,10,Healthcare,6
1296,CYH,Community Health Systems,Community Health Systems Inc is a operators of general acute care hospitals. The company operates in hospital operations which includes its general acute care hospitals and related healthcare entities.,Health Care Providers,31,Healthcare,6
1299,CYRX,CryoPort,"CryoPort Inc provides cryogenic logistics solutions to the life sciences industry through its proprietary packaging, information technology, and cold chain logistics expertise. It offers logistics solutions for stem cells and CAR-T cells.",Packaging & Containers,52,Commercial Services & Supplies,0
1300,CYTK,Cytokinetics Incorporated,Cytokinetics Inc is a biopharmaceutical company. It is engaged in the discovery and development of novel small molecule therapeutics that modulate muscle function for the potential treatment of serious diseases and medical conditions.,Biotechnology,10,Healthcare,6
1304,CZNC,Citizens & Northern,"Citizens & Northern Corp is a Pennsylvania based community bank operating through its subsidiaries. It provides banking services, including deposit and loan products for personal and commercial customers.",Banks,7,Financials,5
1305,CZR,Caesars Entertainment,"Caesars Entertainment Corp along is engaged in providing casino-entertainment and hospitality services. Its facilities include gaming offerings, food and beverage outlets, hotel and convention space, and non-gaming entertainment options.",Travel & Leisure,64,Transportation & Logistics,12
1306,CZWI,Citizens Community Bancorp,"Citizens Community Bancorp Inc is a bank holding company. It provides consumer banking products and services in Wisconsin, Minnesota, and Michigan.",Banks,7,Financials,5
1308,D,Dominion Energy,"Dominion Energy Inc is a producer and transporter of energy. It manages its daily operations through three operating segments namely Dominion Virginia Power of DVP, Dominion Energy and Dominion Generation.",Utilities - Regulated,67,Energy & Utilities,4
1310,DAIO,Data I/O,"Data I/O Corp is a provider of advanced programming and intellectual property management solutions which are used in the manufacturing of flash memory, microcontrollers and flash-memory based intelligent devices.",Computer Hardware,18,Information Technology,8
1311,DAKT,Daktronics,"Daktronics Inc along with its subsidiaries is engaged in the design, manufacture and sale of electronic display systems and related products for Commercial, Live Events, Schools and Theatres, and Transportation.",Computer Hardware,18,Information Technology,8
1312,DAL,Delta Air Lines,Delta Air Lines Inc provides scheduled air transportation for passengers and cargo throughout the United States and across the world.,Airlines,3,Transportation & Logistics,12
1313,DAN,Dana Incorporated,"Dana Inc provides technology driveline, sealing and thermal-management products for vehicle manufacturers in the light vehicle, medium/heavy vehicle and off-highway markets.",Autos,6,Industrials,7
1314,DAR,Darling Ingredients,"Darling Ingredients Inc is a developer and producer of natural ingredients from edible and inedible bio-nutrients, creating customized specialty solutions for customers in pharmaceutical, food, pet food, fuel, and fertilizer industries.",Waste Management,68,Transportation & Logistics,12
1315,DARE,Dare Bioscience,"Dare Bioscience Inc is a healthcare company. The company develops and commercializes products in women's reproductive health. Its segment includes spectrum of categories like: contraception, vaginal health, pain and fertility.",Biotechnology,10,Healthcare,6
1317,DAVE,Famous Dave's of America,"Famous Dave's of America Inc is a casual dining barbeque bar-and-grill chain. It develops, owns, and operates restaurants in US which offers smoked, barbeque, grilled meat, and entree items using prepared proprietary seasonings, sauces, and mixes.",Restaurants,57,Corporate Services,3
1319,DBD,Diebold Nixdorf Incorporated,"Diebold Nixdorf Inc provides integrated software, financial self-service delivery and security systems to the financial, commercial retail and other markets. The company generates a majority of its revenue from the United States.",Application Software,4,Information Technology,8
1321,DBVT,DBV S.A.,DBV Technologies SA is a biopharmaceutical company. It is engaged in research and development of patient-friendly therapy for food and pediatric allergy patients.,Biotechnology,10,Healthcare,6
1322,DBX,Dropbox,"Dropbox Inc offers security software. It is a collaboration platform where more and more of the content is created, accessed, and shared with the world.",Application Software,4,Information Technology,8
1325,DCI,Donaldson Company,"Donaldson Co Inc is a provider of industrial goods. It manufactures filtration systems such as dust, fume, and mist collectors.",Industrial Products,34,Industrials,7
1327,DCO,Ducommun Incorporated,"Ducommun Inc through its subsidiaries provides engineering and manufacturing services for high-performance products and high-cost-of failure applications used in the aerospace, defense, industrial, natural resources, medical and other industries.",Aerospace & Defense,1,Transportation & Logistics,12
1328,DCOM,Dime Community Bancshares,Dime Community Bancshares Inc operates as the holding company for The Dime Savings Bank of Williamsburgh. It provides financial services and loans for multifamily housing in the United States.,Banks,7,Financials,5
1330,DCPH,Deciphera Pharmaceuticals,Deciphera Pharmaceuticals Inc is a clinical-stage biopharmaceutical company developing new drugs to improve the lives of cancer patients.,Biotechnology,10,Healthcare,6
1331,DDD,3D Systems,"3D Systems Corp is a developer of computer systems and components. Its suite of products includes 3-D printers, print materials, digital design software and on-demand manufacturing services.",Computer Hardware,18,Information Technology,8
1334,DDS,Dillard's,"Dillard's Inc is an American fashion apparel, cosmetics and home furnishings retailer. The company also operates a general contracting construction company engaged in constructing and remodeling stores of the company.",Retail - Apparel & Specialty,58,Commercial Services & Supplies,0
1335,DE,Deere & Company,"Deere & Co is engaged in manufacturing agricultural, construction, turf, and forestry machinery. It also provides secured and lease-based financing to support dealer inventory and customer purchases.",Farm & Construction Machinery,28,Industrials,7
1336,DEA,Easterly Government Properties,"Easterly Government Properties Inc is a real estate investment trust. The company is engaged in the acquisition, development and management of Class A commercial properties that are leased to U.S. Government agencies.",REITs,55,Financials,5
1337,DECK,Deckers Outdoor,"Deckers Outdoor Corp is engaged in designing, marketing and distribution of footwear, apparel and accessories developed for both everyday casual lifestyles use. Its primary brands include UGG, Teva, and Sanuk.",Manufacturing - Apparel & Furniture,39,Industrials,7
1338,DEI,Douglas Emmett,"Douglas Emmett Inc acquires, develops, and manages office and multifamily properties in United States. The company mainly focuses on owning office buildings in communities with large supply constraints, such as Los Angeles.",REITs,55,Financials,5
1340,DENN,Denny's,Denny's Corp operates as a full-service restaurant chain. The Company through its wholly-owned subsidiary owns and operates the Denny's restaurant brand.,Restaurants,57,Corporate Services,3
1342,DERM,Dermira,"Dermira Inc is a biopharmaceutical company. It is engaged in identifying, developing and commercializing therapies to improve the lives of patients with dermatologic diseases.",Biotechnology,10,Healthcare,6
1349,DFIN,Donnelley Financial Solutions,"Donnelley Financial Solutions Inc is a global integrated communications provider. The company helps organizations communicate by creating, managing, producing, distributing and processing content for its clients globally.",Brokers & Exchanges,11,Financials,5
1352,DFS,Discover Financial Services,"Discover Financial Services is engaged in direct consumer banking business. It mainly provides banking services such as accepting deposits, offering credit card, residential mortgage, loans and other banking facilities to its customers.",Credit Services,22,Corporate Services,3
1353,DG,Dollar General,"Dollar General Corp is a discount retailer in the United States. It offers a selection of merchandise, including consumables, seasonal, home products and apparel.",Retail - Defensive,59,Consumer Discretionary,1
1354,DGICA,Donegal Common Stock,"Donegal Group Inc is an US-based insurance holding company offering personal and commercial lines of property and casualty insurance to businesses and individuals. It products include protection against automobile accidents, theft and other.",Insurance - Property & Casualty,37,Healthcare,6
1356,DGII,Digi International,"Digi International Inc is a provider of Machine to Machine and Internet of Things (IoT) networking hardware products and solutions that enable the connection, monitoring and control of local or remote physical assets by electronic means.",Communication Equipment,16,Information Technology,8
1357,DGLY,Digital Ally,"Digital Ally Inc produces digital video imaging and storage products for use in law enforcement, security and commercial applications.",Consulting & Outsourcing,20,Professional Services,11
1359,DGX,Quest Diagnostics Incorporated,"Quest Diagnostics Inc provides diagnostic testing, information, and services, providing insights that enable patients and physicians to make healthcare decisions. It provides diagnostics for insurers and healthcare information technology businesses.",Medical Diagnostics & Research,41,Healthcare,6
1361,DHI,D.R. Horton,"D.R. Horton Inc is a residential homebuilder. It constructs for the purpose of sale, homes in the states and metropolitan markets of the United States, under the names of D.R. Horton, America's Builder, Emerald Homes and Breland Homes.",Homebuilding & Construction,32,Energy & Utilities,4
1362,DHIL,Diamond Hill Investment,"Diamond Hill Investment Group Inc sponsors, markets, and provides investment advisory and related services to various U.S. and foreign clients including mutual funds, separate accounts and private investment funds.",Asset Management,5,Financials,5
1363,DHR,Danaher,"Danaher Corp designs, manufactures and markets professional, medical, industrial and commercial products and services. It markets its products under the brand of Beckman Coulter, Aperio, Dexis, Chemtreat and others.",Medical Diagnostics & Research,41,Healthcare,6
1365,DHX,DHI,"DHI Group Inc is a provider of data, insights and employment connections through its specialized services including technology and security clearance, financial services, energy, healthcare, and hospitality.",Employment Services,25,Professional Services,11
1369,DIN,Dine Brands Global,"Dine Brands Global Inc, formerly DineEquity Inc, owns, franchises and operates restaurant concepts, Applebee's Neighborhood Grill and Bar within the casual dining category and International House of Pancakes in the family dining category of restaurants.",Restaurants,57,Corporate Services,3
1370,DIOD,Diodes Incorporated,"Diodes Inc is a manufacturer & supplier of application-specific standard products within the broad discrete, logic, analog & mixed-signal semiconductor markets, serving the consumer electronics, computing, communications, industrial & automotive markets.",Semiconductors,60,Materials,9
1371,DIS,The Walt Disney Company,"Walt Disney Co together with its subsidiaries is a diversified worldwide entertainment company with operations in four business segments: Media Networks, Parks and Resorts, Studio Entertainment, and Consumer Products & Interactive Media.",Entertainment,27,Healthcare,6
1375,DISH,DISH Network,DISH Network Corp provides a direct broadcast satellite subscription television service in the United States. It offers pay-TV services under the DISH brand and the Sling brand.,Communication Services,17,Corporate Services,3
1376,DIT,AMCON Distributing Company,"Amcon Distributing Co and its subsidiaries is in the wholesale distribution of consumer products including cigarettes & tobacco products, candy & confectionery, beverages, foodservice, groceries, paper products, automotive & health & beauty care products.",Retail - Defensive,59,Consumer Discretionary,1
1377,DJCO,Daily Journal (S.C.),Daily Journal Corp publishes newspapers and web sites covering California and Arizona and produces several specialized information services. It also serves as a newspaper representative specializing in public notice advertising.,Publishing,54,"Media, Marketing & Sales",10
1378,DK,Delek US,"Delek US Holdings Inc is an oil and gas company that is engaged in petroleum refining, transportation, storage and wholesale of crude oil and intermediate and refined products and convenience store retailing.",Oil & Gas - Refining & Marketing,49,"Media, Marketing & Sales",10
1379,DKL,Delek Logistics Partners representing Limited Partner Interests,"Delek Logistics Partners LP owns and operates logistics and marketing assets for crude oil, and intermediate and refined products. It operates in two segments, Pipelines and Transportation, and Wholesale Marketing and Terminalling.",Oil & Gas - Midstream,48,Energy & Utilities,4
1380,DKS,Dick's Sporting Goods,"Dick's Sporting Goods Inc is sporting goods retailer offering an extensive assortment of authentic, high-quality sports equipment, apparel, footwear and accessories through associates, in-store services and unique specialty shop-in-shops.",Retail - Apparel & Specialty,58,Commercial Services & Supplies,0
1382,DLA,Delta Apparel,"Delta Apparel Inc is an international apparel design, marketing, manufacturing and sourcing company that offers a diverse portfolio of lifestyle basics and branded activewear apparel, headwear and related accessory products.",Manufacturing - Apparel & Furniture,39,Industrials,7
1383,DLB,Dolby Laboratories,"Dolby Laboratories Inc is an audio and imaging technologies company that transforms entertainment and communications at the cinema, at home, at work and on mobile devices. It derives its revenue from licensing audio technologies.",Entertainment,27,Healthcare,6
1384,DLHC,DLH,DLH Holdings Corp is a a payroll staffing company. It provides services and solutions in two market areas: Healthcare Delivery Solutions and Logistics & Technical Services.,Employment Services,25,Professional Services,11
1387,DLPN,Dolphin Entertainment,Dolphin Entertainment Inc is in the business of production and distribution of digital entertainment content. It produces digital series and also launched feature film division dedicated to the production of motion pictures for family audiences.,Online Media,51,"Media, Marketing & Sales",10
1388,DLR,Digital Realty Trust,Digital Realty Trust Inc is a real estate investment trust. It owns and operates IT-related properties includes datacenter infrastructure that supports the applications and day-to-day operations of social networking and mobile communications.,REITs,55,Financials,5
1389,DLTH,Duluth,"Duluth Holdings Inc is an apparel company. Its products comprise of shirts, pants, and casual wear under brands like Alaskan Hardgear, Armachillo, Ballroom, Buck Naked, Cab Commander, Crouch Gusset, Dry on the Fly and Duluth Trading company.",Retail - Apparel & Specialty,58,Commercial Services & Supplies,0
1390,DLTR,Dollar Tree,"Dollar Tree Inc operates discount retail stores in the United States and Canada. It operates the stores under the names of Dollar Tree, Family Dollar and Dollar Tree Canada.",Retail - Defensive,59,Consumer Discretionary,1
1391,DLX,Deluxe,"Deluxe Corp provides various business solutions. It provides printed forms to businesses, including checks, deposit tickets, billing forms, invoices and personnel forms. It also provides marketing services including web design and hosting.",Business Services,13,Corporate Services,3
1392,DMAC,DiaMedica Therapeutics,DiaMedica Therapeutics Inc is a clinical-stage biopharmaceutical company. It is focused on the business activity of developing treatments for unmet clinical need or where no therapies are available with the focus on neurological and kidney diseases.,Biotechnology,10,Healthcare,6
1395,DMLP,Dorchester Minerals,"Dorchester Minerals LP is engaged in the acquisition, ownership and administration of producing and nonproducing natural gas and crude oil royalty, overriding royalty, net profits and leasehold interests in properties.",Oil & Gas - E&P,46,Energy & Utilities,4
1398,DMRC,Digimarc,"Digimarc Corp is an Information Technology company. It develops solutions, licenses intellectual property, and provides development services to global business partners across industries.",Application Software,4,Information Technology,8
1399,DNB,Dun & Bradstreet (The),"Dun & Bradstreet Corp is a source of commercial data, analytics and insight on businesses. Its business segments are Americas including USA, and Canada and Non-Americas including UK, China, India and other European and Asia Pacific regions.",Business Services,13,Corporate Services,3
1404,DNLI,Denali Therapeutics,"Denali Therapeutics Inc is a clinical-stage biopharmaceutical company. The company is engaged in developing therapeutics for neurodegenerative diseases, including Alzheimer's disease, Parkinson's disease and amyotrophic lateral sclerosis.",Biotechnology,10,Healthcare,6
1406,DNOW,NOW,"NOW Inc is a distributor to energy products and products for industrial applications. Its products includes consumable maintenance, repair and operating supplies, pipe, valves, fittings, flanges, electrical, artificial lift solutions, pumps, mill tools.",Oil & Gas - Services,50,Commercial Services & Supplies,0
1409,DO,Diamond Offshore Drilling,"Diamond Offshore Drilling Inc is engaged in the oil and gas sector. Its business involves offshore oil and gas drilling. The company offers a range of services in various markets, including the deep water and harsh environment.",Oil & Gas - Drilling,45,Energy & Utilities,4
1410,DOC,Physicians Realty Trust of Beneficial Interest,"Physicians Realty Trust is a real estate investment trust. It focusses its investments on healthcare facilities such as hospitals, medical office buildings and diagnostic facilities located in the United States.",REITs,55,Financials,5
1411,DOCU,DocuSign,"DocuSign Inc offers e-signature solution. It allows companies and users to make every agreement, approval process, or transaction digital from any device, virtually anywhere in the world in a secured manner.",Application Software,4,Information Technology,8
1414,DOOR,Masonite International (Canada),Masonite International Corp manufactures and distributes interior and exterior doors used for residential and commercial properties. The company operates its business worldwide and generates most of its revenues from North America.,Building Materials,12,Materials,9
1415,DORM,Dorman Products,"Dorman Products Inc is a supplier of replacement parts and fasteners for passenger cars, light trucks, and heavy duty trucks in the automotive aftermarket.",Autos,6,Industrials,7
1416,DOV,Dover,"Dover Corp is a multi-business operator in North America. It has footprint in engineered systems, energy, fluids and refrigeration and food equipment businesses.",Industrial Products,34,Industrials,7
1422,DPZ,Domino's Pizza,"Domino's Pizza Inc is a quick service pizza restaurant chain. It is engaged in retail sales of food, equipment and supplies to company-owned and franchised Domino's Pizza stores, and receipt of royalties and fees from Domino's Pizza franchisees.",Restaurants,57,Corporate Services,3
1427,DRH,Diamondrock Hospitality Company,"Diamondrock Hospitality Co functions in the real estate sector. As a real estate investment trust, the company primarily focuses on a portfolio of lodging facilities such as hotels and resorts.",REITs,55,Financials,5
1428,DRI,Darden Restaurants,"Darden Restaurants Inc is engaged in the food & beverage industry. Its primary occupation involves the operation of dining restaurants under trade names such as Olive Garden, LongHorn Steakhouse and Bahama Breeze.",Restaurants,57,Corporate Services,3
1429,DRIO,DarioHealth,DarioHealth Corp is a digital health company. It is engaged in development of the Dario Smart Diabetes Management Solution platform for diabetes management.,Medical Diagnostics & Research,41,Healthcare,6
1431,DRQ,Dril-Quip,Dril-Quip Inc is in the oil and gas industry. It manufactures offshore drilling and production equipment for use in deepwater.,Oil & Gas - Services,50,Commercial Services & Supplies,0
1432,DRRX,DURECT,Durect Corp is a biopharmaceutical company. It develops pharmaceutical products based on two categories which include new chemical entities and drug delivery programs. The lead candidate for the company is DUR-928.,Drug Manufacturers,23,Industrials,7
1437,DSKE,Daseke,Daseke Inc is an owner of open deck equipment and provider of open deck transportation and logistics solutions in North America. Its operating segment includes Flatbed Solutions and Specialized Solutions.,Transportation & Logistics,63,Transportation & Logistics,12
1441,DSS,Document Security Systems,"Document Security Systems Inc operates in the security and commercial printing, packaging and plastic ID markets. It develops, markets, manufactures and sells paper and plastic products designed to protect valuable information.",Business Services,13,Corporate Services,3
1446,DTE,DTE Energy Company,DTE Energy Co operates in the utilities sector. The company mainly involves in the business of power generation. It also provides natural gas distribution services.,Utilities - Regulated,67,Energy & Utilities,4
1447,DTEA,DAVIDsTEA,"DAVIDsTEA Inc is a retailer of packaged tea products in Canada. It sells loose-leaf teas, pre-packaged teas, tea sachets, tea accessories and beverages through its stores and website.",Consumer Packaged Goods,21,Consumer Staples,2
1449,DTSS,Datasea,Datasea Inc.is a development stage company engaged in the Internet security products in China.,Conglomerates,19,Industrials,7
1451,DUK,Duke Energy (Holding Company),Duke Energy Corp operates regulates utilities across the US. The company distributes electricity and gas to its customers and engages in three segments: electric utilities and infrastructure; gas utilities and infrastructure; and commercial renewables.,Utilities - Regulated,67,Energy & Utilities,4
1452,DVA,DaVita,DaVita Inc is engaged in operating kidney dialysis centers and providing related lab services in dialysis centers and in contracted hospitals across USA. It also operates other ancillary services and strategic initiatives.,Health Care Providers,31,Healthcare,6
1453,DVAX,Dynavax,"Dynavax Technologies Corp is a clinical-stage biopharmaceutical company. The company focuses on leveraging the power of the body's innate and adaptive immune responses through toll-like receptor (""TLR"") stimulation.",Biotechnology,10,Healthcare,6
1456,DVN,Devon Energy,"Devon Energy Corp is engaged in the oil and gas sector. It is an independent energy company involved in the exploration, development and production of oil, natural gas and NGLs.",Oil & Gas - E&P,46,Energy & Utilities,4
1458,DWSN,Dawson Geophysical Company,Dawson Geophysical Co is a provider of seismic data acquisition services throughout the continental United States and Canada. The company acquires geophysical data using the latest in 3-D survey techniques.,Oil & Gas - Services,50,Commercial Services & Supplies,0
1459,DX,Dynex Capital,"Dynex Capital Inc is a real estate investment trust. It internally manages mortgage real estate investment trust, or mortgage REIT, which invests in residential and commercial mortgage-backed securities on a leveraged basis.",REITs,55,Financials,5
1460,DXC,DXC Technology Company,"DXC Technology Co is an independent, end-to-end IT services company. It provides information technology and consulting services and solutions to enterprise clients.",Application Software,4,Information Technology,8
1461,DXCM,DexCom,"DexCom Inc designs, develops and commercializes continuous glucose monitoring systems for ambulatory use by people with diabetes and for use by healthcare providers in the hospital for the treatment of both diabetic and non-diabetic patients.",Medical Diagnostics & Research,41,Healthcare,6
1463,DXLG,Destination XL,"Destination XL Group Inc is a retailer of men's clothing. It operates through brands like Polo, Reebok, Oak Hill, Robert Graham, Lacoste, Levi's and True Nation.",Retail - Apparel & Specialty,58,Commercial Services & Supplies,0
1464,DXPE,DXP Enterprises,"DXP Enterprises Inc is engaged in the business of distributing, maintenance, repair and operating products, and service to industrial customers.",Industrial Distribution,33,Industrials,7
1466,DXYN,The Dixie,"The Dixie Group Inc manufactures and sells carpet and rugs to high-end residential and commercial customers. The company's brands include Fabrica, Masland Residential, Dixie Home, Masland Contract and Avant Contract.",Homebuilding & Construction,32,Energy & Utilities,4
1467,DY,Dycom Industries,"Dycom Industries Inc provides specialty contracting services throughout the United States and in Canada. Its services include engineering, construction, maintenance and installation services to telecommunications providers.",Engineering & Construction,26,Industrials,7
1468,DYNT,Dynatronics,"Dynatronics CorP is engaged in designing, manufacturing and distributing medical devices, therapeutic and medical treatment tables, rehabilitation equipment, custom athletic training treatment tables and equipment, institutional cabinetry and others.",Medical Devices,40,Healthcare,6
1470,DZSI,DASAN Zhone Solutions,"DASAN Zhone Solutions Inc designs, develops and manufactures communications network equipment for telecommunications operators and enterprises.",Communication Equipment,16,Information Technology,8
1472,EA,Electronic Arts,"Electronic Arts Inc operates in the technology sector. It develops, markets, publishes and distributes video game software and content of various platforms.",Application Software,4,Information Technology,8
1474,EAF,GrafTech International,"GrafTech International Ltd manufactures graphite electrodes. The Company also produces needle coke products & manufactures carbon, graphite, semi-graphite refractory products, and flexible graphite products.",Industrial Products,34,Industrials,7
1476,EARN,Ellington Residential Mortgage REIT of Beneficial Interest,"Ellington Residential Mortgage REIT acquires, invests in and manages residential mortgage- and real estate-related assets, with a primary focus on residential mortgage-backed securities through its wholly owned subsidiaries.",REITs,55,Financials,5
1478,EAST,Eastside Distilling,"Eastside Distilling Inc is a producer and marketer of hand-crafted spirits in beverage alcohol categories like bourbon, American whiskey, rum, and vodka.",Beverages - Alcoholic,8,Industrials,7
1479,EAT,Brinker International,Brinker International Inc operates casual-dining restaurants. It franchises brands includes Maggiano's and Chili's Grill & Bar.,Restaurants,57,Corporate Services,3
1480,EBAY,eBay,"eBay Inc is a commerce platform and provides online marketplace for sale of goods. Its marketplace platforms include its online marketplace located at www.ebay.com, its localized counterparts and the eBay mobile apps.",Retail - Apparel & Specialty,58,Commercial Services & Supplies,0
1481,EBF,Ennis,"Ennis Inc provides business equipment to various industries. It is engaged in manufacturing, designing and selling business forms and other printed business products.",Industrial Products,34,Industrials,7
1482,EBIX,Ebix,"Ebix Inc provides software and e-commerce solutions to the insurance, finance and healthcare industries.",Application Software,4,Information Technology,8
1483,EBMT,Eagle Bancorp Montana,Eagle Bancorp Montana Inc is a bank holding company. The company through its subsidiary is engaged in providing banking services including accepting deposits and investing in loans and securities.,Banks,7,Financials,5
1486,EBS,Emergent Biosolutions,Emergent BioSolutions Inc is a biotechnology company operating in two divisions: biodefense and biosciences. The company focuses on countermeasures that address public health threats around hematology and oncology therapeutics.,Biotechnology,10,Healthcare,6
1488,EBTC,Enterprise Bancorp,"Enterprise Bancorp Inc is an American banking service provider. It specializes in savings and cooperative banking products such as commercial and consumer loan products, deposit products and cash management services.",Banks,7,Financials,5
1494,ECL,Ecolab,"Ecolab Inc produces and markets cleaning and sanitation products for the hospitality, healthcare, and industrial markets. It offers a variety of products and services, which include dish and laundry washing systems, pest control, and repair services.",Chemicals,14,Materials,9
1497,ECOR,electroCore,Electrocore Inc is a commercial-stage bioelectronic medicine company with a platform for non-invasive vagus nerve stimulation therapy initially focused on neurology and rheumatology.,Medical Instruments & Equipment,43,Commercial Services & Supplies,0
1498,ECPG,Encore Capital,Encore Capital Group Inc is a specialty finance company. The Company provides debt recovery solutions for consumers and property owners across a broad range of financial assets.,Asset Management,5,Financials,5
1501,ED,Consolidated Edison,"Consolidated Edison Inc functions in the utilities market. It owns energy infrastructure projects and its main business operations are its regulated electric, gas and steam delivery businesses. The CECONY segment generates maximum revenue.",Utilities - Regulated,67,Energy & Utilities,4
1507,EDIT,Editas Medicine,Editas Medicine Inc is a genome editing company which is engaged in treating patients with genetically defined diseases by correcting disease-causing genes.,Biotechnology,10,Healthcare,6
1512,EDUC,Educational Development,Educational Development Corp is the United States trade publisher of the line of educational children's books produced in the United Kingdom by Usborne Publishing Limited. It has two reportable segments: EDC Publishing and UBAM .,Publishing,54,"Media, Marketing & Sales",10
1513,EE,El Pasoectric Company,"El Paso Electric Co is a public utility company which is engaged in the generation, transmission and distribution of electricity in in the Southwestern U.S.",Utilities - Regulated,67,Energy & Utilities,4
1515,EEFT,Euronet Worldwide,"Euronet Worldwide Inc is an electronic payments provider. It offers payment and transaction processing and distribution solutions to financial institutional, retailers, service providers and individual consumers.",Business Services,13,Corporate Services,3
1517,EEX,Emerald Expositions Events,Emerald Expositions Events Inc is an operator of B2B trade shows in the United States by NSF.,Business Services,13,Corporate Services,3
1519,EFC,Ellington Financial LLC representing Limitied Liability Company Interests no par valu,"Ellington Financial LLC is a specialty finance company in United States. Its objective is to generate attractive, risk-adjusted total returns by making investments in residential mortgage-backed securities, corporate debt and other commercial debt.",Banks,7,Financials,5
1523,EFOI,Energy Focus,"Energy Focus Inc along with its subsidiaries is engaged in the design, development, manufacturing, marketing, and installation of lighting systems and solutions. Its product offerings include military maritime, globe lights, berth lights and others.",Manufacturing - Apparel & Furniture,39,Industrials,7
1525,EFSC,Enterprise Financial Services,"Enterprise Financial Services Corporation is a financial holding company. It offers banking and wealth management services to individuals and business customers located in the St. Louis, Kansas City and Phoenix metropolitan markets.",Banks,7,Financials,5
1527,EFX,Equifax,"Equifax Inc provides information solutions and human resources business process outsourcing services for businesses, governments and consumers. It also provides database management, fraud detection, marketing, business credit, and analytical services.",Business Services,13,Corporate Services,3
1528,EGAN,eGain,"eGain Corp provides cloud-based and on-site customer engagement software solutions. The Company is engaged in development, license, implementation and support of its customer service infrastructure software solutions.",Application Software,4,Information Technology,8
1529,EGBN,Eagle Bancorp,"Eagle Bancorp Inc is a part of the financial services domain. The company functions through its wholly-owned subsidiary, EagleBank in providing community banking solutions to businesses and professionals.",Banks,7,Financials,5
1531,EGHT,8x8,"8x8 Inc is a technology company. It provides cloud-based, enterprise-class software solutions that transform the way businesses communicate and collaborate globally. The company operates through two segments: America and Europe.",Communication Services,17,Corporate Services,3
1534,EGLE,Eagle Bulk Shipping,"Eagle Bulk Shipping Inc owns fleets of Supramax/Ultramax dry bulk vessels. The company transports major and minor bulk cargoes, including coal, grain, ore, petcoke, cement and fertilizer with its 41 owned and operated fleet of Handymax dry bulk vessels.",Transportation & Logistics,63,Transportation & Logistics,12
1537,EGP,EastGroup Properties,"EastGroup Properties Inc is an equity real estate investment trust. It is engaged in the acquisition, development, and operation of industrial properties in major urban areas within the Sunbelt region of the United States.",REITs,55,Financials,5
1538,EGRX,Eagle Pharmaceuticals,"Eagle Pharmaceuticals Inc is a specialty pharmaceutical company. The company develops and commercializes injectable products in the areas of critical care, orphan diseases, and oncology.",Drug Manufacturers,23,Industrials,7
1539,EGY,VAALCO Energy,"VAALCO Energy Inc is an independent energy company. It is engaged in the acquisition, exploration, development and production of crude oil and natural gas.",Oil & Gas - E&P,46,Energy & Utilities,4
1540,EHC,Encompass Health,"Encompass Health Corp, formerly Healthsouth Corp provides post-acute healthcare services in the US through a network of inpatient rehabilitation hospitals, home health and hospice agencies. It operates Inpatient Rehabilitation and Home Health and Hospice.",Health Care Providers,31,Healthcare,6
1544,EHTH,eHealth,"eHealth Inc is a health insurance exchange where individuals, families and small businesses compare health insurance products from insurers side-by-side and purchase and enroll in coverage through its website or customer care centers.",Brokers & Exchanges,11,Financials,5
1546,EIG,Employers,"Employers Holdings Inc is engaged in the commercial property and casualty insurance industry. The company provides workers' compensation insurance and related services to select, small American businesses.",Insurance - Specialty,38,Healthcare,6
1548,EIGR,Eiger BioPharmaceuticals,Eiger BioPharmaceuticals Inc is a clinical stage biopharmaceutical company. It is focused on bringing to market novel product candidates for the treatment of orphan diseases.,Biotechnology,10,Healthcare,6
1551,EIX,Edison International,"Edison International is engaged in the utilities sector. The company's business mainly involves generation and distribution of electric power. It also invests in infrastructure and energy assets, including renewable energy.",Utilities - Regulated,67,Energy & Utilities,4
1552,EKSO,Ekso Bionics,"Ekso Bionics Holdings Inc designs, develops and sells wearable bionic human exoskeletons that have applications in healthcare, industrial, military, and consumer markets.",Medical Instruments & Equipment,43,Commercial Services & Supplies,0
1553,EL,Estee Lauder Companies (The),"The Estee Lauder Companies Inc is a beauty products manufacturer providing Skin care, Makeup, Fragrance and Hair care services.",Consumer Packaged Goods,21,Consumer Staples,2
1554,ELF,e.l.f. Beauty,"e.l.f. Beauty Inc is a cosmetic company based in the United States. It mainly cosmetic accessories for women such as eyeliner, mascara, lipstick, the foundation for face, moisturizer, and cleanser under the e.l.f brand.",Consumer Packaged Goods,21,Consumer Staples,2
1558,ELMD,Electromed,"Electromed Inc develops, manufactures, markets and sells products that provide airway clearance therapy, including the SmartVest Airway Clearance System and related products.",Medical Devices,40,Healthcare,6
1559,ELOX,Eloxx Pharmaceuticals,Eloxx Pharmaceuticals Inc is a United States-based clinical-stage pharmaceutical company. It is focused on building and developing a portfolio of therapeutics for the treatment of cancer and immunological diseases.,Biotechnology,10,Healthcare,6
1561,ELS,Equity Lifestyle Properties,Equity Lifestyle Properties Inc is a real estate company. It owns and operates lifestyle-oriented properties consisting of manufactured home communities and recreational vehicle resorts.,REITs,55,Financials,5
1562,ELSE,Electro-Sensors,"Electro-Sensors Inc is engaged in manufacturing and selling variety of monitoring systems that measure actual machine production and operation rates, as well as systems that regulate the speed of related machines in production processes.",Computer Hardware,18,Information Technology,8
1566,EMAN,eMagin,"eMagin Corp is a manufacturer of microdisplays using OLED technology. The Company designs, develops, manufactures, and markets OLED on silicon microdisplays, virtual imaging products and related products.",Semiconductors,60,Materials,9
1570,EME,EMCOR,"EMCOR Group Inc an electrical and mechanical construction and facilities services firms. It services include installation of electrical distribution systems, voice and data communication systems, and environmental controls within buildings.",Engineering & Construction,26,Industrials,7
1574,EMKR,EMCORE,"EMCORE Corp is a provider of compound semiconductor-based components and subsystems for the broadband, fibre optic, satellite and terrestrial solar power markets.",Semiconductors,60,Materials,9
1575,EML,Eastern Company (The),"The Eastern Co is a manufacturer and seller of industrial hardware, security products and metal castings. It operates in three business segments: Industrial Hardware, Security Products and Metal Products.",Industrial Products,34,Industrials,7
1577,EMN,Eastman Chemical Company,"Eastman Chemical Co is a advanced materials and specialty additives company that is engaged in producing and selling a portfolio of chemicals, plastics and fibers.",Chemicals,14,Materials,9
1579,EMR,Emerson Electric Company,"Emerson Electric Co is engaged in designing and supplying products and technology, and delivering engineering services and solutions in industrial, commercial and consumer markets.",Industrial Products,34,Industrials,7
1581,ENB,Enbridge,Enbridge Inc serves the oil & gas industry. Its key activity involves gathering and transportation of crude oil and natural gas.,Oil & Gas - Midstream,48,Energy & Utilities,4
1585,ENG,ENGlobal,"ENGlobal Corp is a provider of engineering and other professional project services related to design, fabrication, procurement, maintenance, environmental and other governmental compliance and construction management.",Engineering & Construction,26,Industrials,7
1588,ENLC,EnLink Midstream LLC representing Limited Partner Interests,"EnLink Midstream LLC is an integrated midstream company. The company, through its subsidiaries, is engaged in the gathering, transmission, processing, fractionation, brine services and marketing, to producers of natural gas, crude oil and condens.",Oil & Gas - Midstream,48,Energy & Utilities,4
1589,ENOB,Enochian Biosciences,Enochian BioSciences Inc is an immunotherapy company engaged in developing cures and providing prevention for infectious diseases and cancer. It is also engaged in developing HIV preventative vaccine and cures and Cellular immune-oncology products.,Biotechnology,10,Healthcare,6
1590,ENPH,Enphase Energy,"Enphase Energy Inc delivers energy management technology for the solar industry. The company designs, develops, manufactures and sells home energy solutions that connect solar generation, energy storage, and management on one intelligent platform.",Semiconductors,60,Materials,9
1591,ENR,Energizer,"Energizer Holdings Inc is a manufacturer, marketer, and distributor of household batteries, specialty batteries and lighting products. It offers batteries using many technologies including lithium, alkaline, carbon zinc, and silver oxide.",Computer Hardware,18,Information Technology,8
1592,ENS,EnerSys,"EnerSys manufactures, markets and distributes industrial batteries and related products such as chargers, power equipment and battery accessories.",Computer Hardware,18,Information Technology,8
1593,ENSG,The Ensign,"Ensign Group Inc offers skilled nursing, assisted and independent living, home health and hospice and other ancillary services. The Transitional and Skilled Services generates maximum revenue for the company.",Health Care Providers,31,Healthcare,6
1594,ENSV,Enservco,"Enservco Corp and its wholly-owned subsidiaries provides well enhancement and fluid management services to the domestic onshore oil and natural gas industry. These services include frac water heating, hot oiling and acidizing among others.",Oil & Gas - Services,50,Commercial Services & Supplies,0
1596,ENTA,Enanta Pharmaceuticals,Enanta Pharmaceuticals Inc is a biotechnology company. It is engaged in the research and development of small molecule drugs for infectious diseases. The Group uses its chemistry-driven approach & drug discovery capabilities to develop its products.,Biotechnology,10,Healthcare,6
1597,ENTG,Entegris,"Entegris Inc is a developer, manufacturer and supplier of products and materials used in processing and manufacturing in the semiconductor and other technology industries. The company sells its products through a direct salesforce and distributors.",Semiconductors,60,Materials,9
1598,ENTX,Entera Bio,Entera Bio Ltd is a biotechnology company specializing in the oral delivery of large molecules and biologics. It conducts clinical trials on its proprietary technology which allows oral delivery of large molecules and biologics.,Biotechnology,10,Healthcare,6
1599,ENV,Envestnet,"Envestnet Inc provides wealth-management technology and services to financial advisors, investors and financial service providers. It engages in unifying financial advisors' applications and services, and provides personalized financial apps and services.",Brokers & Exchanges,11,Financials,5
1600,ENVA,Enova International,"Enova International Inc is a technology and analytics company focused on providing online financial services. It originates, guarantees or purchases consumer loans including short-term loans, the line of credit accounts and installment loans.",Credit Services,22,Corporate Services,3
1602,ENZ,Enzo Biochem ($0.01 Par Value),"Enzo Biochem Inc is engaged in research, development, manufacturing and marketing of health care products, platforms and services. The Company's business segments are Enzo Clinical Labs, Enzo Life Sciences, and Enzo Therapeutics.",Medical Diagnostics & Research,41,Healthcare,6
1604,EOG,EOG Resources,"EOG Resources Inc explores, develops, produces and markets crude oil and natural gas in the USA, Trinidad and Tobago, United Kingdom, China, Argentina and, from time to time, select other international areas.",Oil & Gas - E&P,46,Energy & Utilities,4
1606,EOLS,Evolus,Evolus Inc is engaged in providing physicians and their patients with expanded choices in medical aesthetic treatments and procedures. Its product candidate is an injectable formulation of a 900 kDa Botulinum toxin Type A complex.,Drug Manufacturers,23,Industrials,7
1609,EPAM,EPAM Systems,"EPAM Systems Inc is a provider of software engineering solutions and information technology services to clients in different locations. Its services include software development, application maintenance & support, application testing, & licensing.",Application Software,4,Information Technology,8
1611,EPC,Edgewell Personal Care Company,"Edgewell Personal Care Co is a manufacturer and marketer of personal care products in the wet shave, sun and skin care, feminine care and infant care categories. It has a portfolio of over 25 brands and a broad global footprint in more than 50 countries.",Consumer Packaged Goods,21,Consumer Staples,2
1612,EPD,Enterprise Products Partners,"Enterprise Products Partners LP is a limited partnership which is engaged in transports and processes natural gas, natural gas liquids, crude oil, refined products and petrochemicals.",Oil & Gas - Midstream,48,Energy & Utilities,4
1614,EPIX,ESSA Pharma,"ESSA Pharma Inc is a pharmaceutical company. The company is in preclinical stage, focused on the development of small molecule drugs for the treatment of castration-resistant prostate cancer.",Drug Manufacturers,23,Industrials,7
1615,EPM,Evolution Petroleum,"Evolution Petroleum Corp is a petroleum company engaged in the acquisition, exploitation and development of properties for the production of crude oil and natural gas in United States.",Oil & Gas - E&P,46,Energy & Utilities,4
1616,EPR,EPR Properties,"EPR Properties is a self-administered real estate investment trust that invests in, develops, and manages properties in the United States and Canada. The company primarily invests in three segments of properties: entertainment, recreation, and education.",REITs,55,Financials,5
1617,EPRT,Essential Properties Realty Trust,"Essential Properties Realty Trust Inc is a real estate investment trust. It acquires, owns and manages single-tenant properties that are net leased on a long-term basis to middle-market companies operating service-oriented or experience-based businesses.",REITs,55,Financials,5
1619,EQBK,Equity Bancshares,"Equity Bancshares Inc is a full-service community bank. It offers services such as commercial loans, consumer banking, mortgage loans & treasury management services. The bank generates a majority of its revenue from the interest income, fees, & interest.",Banks,7,Financials,5
1620,EQC,Equity Commonwealth of Beneficial Interest,Equity Commonwealth is an internally managed and self-advised real estate investment trust. The company is engaged in the ownership and operation of office and industrial buildings throughout the United States.,REITs,55,Financials,5
1621,EQH,AXA Equitable,"AXA Equitable Holdings Inc is engaged in providing variable annuity products, deferred investment and retirement plans, diversified investment management, research and related services, variable universal life and indexed universal life insurance.",Insurance,35,Healthcare,6
1622,EQIX,Equinix,"Equinix Inc is a network-neutral provider of retail data center, co-location, and interconnection services. Its client base includes network services firms, cloud and IT service providers, financial service firms, digital, and media content providers.",REITs,55,Financials,5
1625,EQR,Equity Residential of Beneficial Interest,"Equity Residential is a real estate investment trust which is focused on the acquisition, development and management of rental apartment properties in urban and high-density suburban coastal gateway markets in the US.",REITs,55,Financials,5
1627,EQT,EQT,"EQT Corp is a natural gas exploration and production company. It produces natural gas from the proved natural gas, natural gas liquid and crude oil reserves; and also provides gathering, transmission and storage services for the company's produced gas.",Oil & Gas - E&P,46,Energy & Utilities,4
1634,ERIE,Erie Indemnity Company,"Erie Indemnity Co provides sales, underwriting and policy issuance services to the policyholders of Erie Insurance Exchange. It also operates as a property & casualty insurer through its wholly-owned subsidiaries.",Brokers & Exchanges,11,Financials,5
1635,ERII,Energy Recovery,"Energy Recovery Inc manufactures products that are used in the desalination process. The company serves the oil and gas, chemical processing and water industries across the world.",Industrial Products,34,Industrials,7
1639,ES,Eversource Energy (D/B/A),"Eversource Energy is a public utility holding company, which is engaged in the energy delivery business. The company operates through electric distribution, electric transmission and natural gas distribution segments.",Utilities - Regulated,67,Energy & Utilities,4
1640,ESBA,Empire State Realty OP Series ES Operating Partnership Units Representing Limited Partnership Interests,"Empire State Realty OP LP owns, operates, acquires and repositions properties such as Empire State Building, One Grand Central Place in Manhattan and the greater New York metropolitan area. It operates in two segments, Real Estate and Observatory.",REITs,55,Financials,5
1642,ESCA,Escalade Incorporated,"Escalade Inc manufactures and distributes sporting goods. The types of sports for which products are offered include archery, table tennis, basketball, play systems, fitness, game tables, billiards, darting, and other outdoor games.",Travel & Leisure,64,Transportation & Logistics,12
1643,ESE,ESCO,"ESCO Technologies Inc designs and manufactures specialty filtration products including hydraulic filter elements and fluid control devices used in commercial aerospace applications, filter mechanisms used in micro-propulsion devices for satellites.",Computer Hardware,18,Information Technology,8
1645,ESGR,Enstar Limited,"Enstar Group Ltd acquires and manages insurance and reinsurance companies in run-off and portfolios of insurance and reinsurance business in run-off, and providing management, consulting and other services to the insurance and reinsurance industry.",Insurance,35,Healthcare,6
1646,ESI,Element Solutions,Platform Specialty Products Corp is a producer of high technology specialty chemical products and provider of post-sale technical services.,Chemicals,14,Materials,9
1650,ESNT,Essent,Essent Group Ltd is a housing finance provider offering credit protection to lenders and mortgage investors by covering a portion of the unpaid principal balance of a mortgage in the event of a default.,Banks,7,Financials,5
1651,ESP,Espey Mfg. & Electronics,"Espey Manufacturing & Electronics Corp is a power electronics design & original equipment manufacturing company. It manufactures electronic equipment including filters, power transformers, magnetic components used in military and industrial applications.",Computer Hardware,18,Information Technology,8
1652,ESPR,Esperion Therapeutics,"Esperion Therapeutics Inc is a pharmaceutical company focused on developing and commercializing oral, low-density lipoprotein cholesterol, or LDL-C, lowering therapies for the treatment of patients with elevated LDL-C.",Biotechnology,10,Healthcare,6
1653,ESQ,Esquire Financial,"Esquire Financial Holdings Inc is a registered bank holding company. It is an independent, full-service national bank that serves the banking needs of law professionals, professional service firms, small to mid-sized businesses and individuals.",Banks,7,Financials,5
1654,ESRT,Empire State Realty Trust,"Empire State Realty Trust Inc owns, operates, acquires and repositions properties such as Empire State Building, One Grand Central Place in Manhattan and the greater New York metropolitan area. It operates in two segments, Real Estate and Observatory.",REITs,55,Financials,5
1655,ESS,Essex Property Trust,"Essex Property Trust Inc owns and develops multifamily apartments. Its portfolio comprises of garden-style, midrise, and high-rise multifamily assets in the United States.",REITs,55,Financials,5
1656,ESSA,ESSA Bancorp,"ESSA Bancorp Inc is a bank holding company. The Company through its subsidiary ESSA Bank & Trust provides financial services to individuals, families and businesses. ESSA Bank & Trust is a community-oriented savings association.",Banks,7,Financials,5
1657,ESTE,Earthstone Energy,"Earthstone Energy Inc is an independent oil and natural gas development and production company. The company primarily focuses on the acquisition, development, exploration, and production of onshore, crude oil and natural gas reserves.",Oil & Gas - E&P,46,Energy & Utilities,4
1661,ET,Energy Transfer,"Energy Transfer Equity LP is a limited partnership company. The Company through its subsidiaries, owns and operates, natural gas gathering systems, natural gas intrastate pipeline systems and gas processing plants.",Oil & Gas - Midstream,48,Energy & Utilities,4
1665,ETH,Ethan Allen Interiors,"Ethan Allen Interiors Inc operates in the home furnishing industry. Its suite of products includes furniture, bedding, lighting and rugs.",Manufacturing - Apparel & Furniture,39,Industrials,7
1668,ETN,Eaton PLC,"Eaton Corp PLC is a power management company. It provides energy-efficient solutions that help its customers effectively manage electrical, hydraulic and mechanical power. Eaton's products include UPS systems, cylinders, circuit breakers, among others.",Industrial Products,34,Industrials,7
1670,ETR,Entergy,"Entergy Corp is an energy company. It is engaged in electric power production and retail electric distribution operations in portions of Arkansas, Mississippi, Texas, and Louisiana, including the City of New Orleans.",Utilities - Regulated,67,Energy & Utilities,4
1671,ETSY,Etsy,"Etsy Inc operates a marketplace where people around the world connect, both online and offline, to make, sell and buy goods.",Retail - Apparel & Specialty,58,Commercial Services & Supplies,0
1678,EVA,Enviva Partners representing limited partner interests,Enviva Partners LP is a producer and supplier of Biomass products. The company procure wood fiber and process it into utility-grade wood pellets. It owns and operates six industrial-scale production plants in the Southeastern United States.,Forest Products,29,Materials,9
1679,EVBG,Everbridge,Everbridge Inc is a software company that provides critical communications and enterprise safety applications that enable customers to automate and accelerate the process of keeping people safe and businesses running during critical events.,Application Software,4,Information Technology,8
1680,EVBN,Evans Bancorp,"Evans Bancorp Inc, through its wholly owned subsidiaries, provides banking services to consumer and commercial customers in Western New York as well as sells various premium-based insurance policies on a commission basis.",Banks,7,Financials,5
1681,EVC,Entravision Communications,"Entravision Communications Corp is a media company. Its business activities include integrated media and marketing solutions comprised of acclaimed television, radio, digital properties, events, and data analytics services.",Entertainment,27,Healthcare,6
1683,EVFM,Evofem Biosciences,"Evofem Biosciences Inc provides woman-controlled protection from sexually transmitted infections. It addresses women's unmet medical needs through the discovery, development and commercialization of healthcare products.",Biotechnology,10,Healthcare,6
1686,EVH,Evolent Health,Evolent Health Inc is engaged in healthcare delivery and payment. It markets and sells its services to providers throughout the United States.,Application Software,4,Information Technology,8
1687,EVI,EVI Industries,"EnviroStar Inc through its subsidiary sells commercial and industrial laundry and drycleaning equipment and steam and hot water boilers manufactured by others, as well as related replacement parts and accessories. It also provides maintenance services.",Personal Services,53,Professional Services,11
1690,EVLO,Evelo Biosciences,Evelo Biosciences Inc operates as a bio-technology company. The firm develops therapies for the treatment of the gut-body network. Evelo Biosciences also offers treatment for cancer and inflammatory diseases.,Biotechnology,10,Healthcare,6
1691,EVLV,EVINE Live,"EVINE Live Inc is a multiplatform video commerce company that offers a mix of proprietary, exclusive and name brands directly to consumers in an engaging and informative shopping experience through TV, online and mobile devices. It operates Evine.",Retail - Apparel & Specialty,58,Commercial Services & Supplies,0
1694,EVOK,Evoke Pharma,Evoke Pharma Inc is a specialty pharmaceutical company which focuses on the development of drugs to treat gastrointestinal (GI) disorders and diseases. It is engaged in developing an investigational metoclopramide nasal spray called Gimoti.,Drug Manufacturers,23,Industrials,7
1697,EVR,Evercore,"Evercore Inc is an investment banking and investment management firm. It provides financial advisory services to clients on mergers, acquisitions, divestitures and other strategic corporate transactions.",Brokers & Exchanges,11,Financials,5
1698,EVRG,Evergy,"Westar Energy Inc, through its subsidiaries, acts as an electricity provider in Kansas, providing generation, transmission, and distribution services in the central and northeastern regions of the state.",Utilities - Regulated,67,Energy & Utilities,4
1699,EVRI,Everi,"Everi Holdings Inc is engaged in providing video and mechanical reel gaming content and technology solutions, integrated gaming payments solutions and compliance and efficiency software.",Travel & Leisure,64,Transportation & Logistics,12
1701,EVTC,Evertec,"Evertec Inc is a transaction processing business in Latin America. Its business segments are Merchant Acquiring, Payment Services - Puerto Rico & Caribbean, Payment Services - Latin America, and Business Solutions.",Application Software,4,Information Technology,8
1704,EW,Edwards Lifesciences,Edwards Lifesciences Corp is a part of the healthcare sector. The company specializes in the treatment of structural heart disease. It manufactures heart valves and repair products used to replace or repair a patient's diseased or defective heart valve.,Medical Devices,40,Healthcare,6
1705,EWBC,East West Bancorp,"East West Bancorp Inc is the holding company for East West Bank, a full-service commercial bank with cross-border operations concentrated in the United States and China. Its reportable segments are Retail Banking, Commercial Banking and Other.",Banks,7,Financials,5
1706,EXAS,Exact Sciences,Exact Sciences Corp operates in the healthcare sector. It is a diagnostics company focused on the early detection and prevention of colorectal cancer.,Medical Diagnostics & Research,41,Healthcare,6
1707,EXC,Exelon,Exelon Corp is a power retailer engaged in the utilities sector of United States. The company involves in the power generation and transmission activities. The Generation segment generates maximum revenue for the company.,Utilities - Regulated,67,Energy & Utilities,4
1709,EXEL,Exelixis,"Exelixis Inc is a biotechnology company. It is involved in discovery, development, and commercialization of new medicines for people with cancer. The Cabometyx product generates maximum revenue for the company.",Biotechnology,10,Healthcare,6
1713,EXLS,ExlService,"ExlService Holdings Inc is an operations management and analytics company. It helps businesses enhance growth and profitability. The company's operating business segments are Operations Management, and Analytics.",Business Services,13,Corporate Services,3
1714,EXP,Eagle Materials,"Eagle Materials Inc supplies building products which are used in residential, industrial, commercial, and infrastructure construction. Its segments include Cement, Concrete and Aggregates, Gypsum Wallboard, Recycled Paperboard, and Oil and Gas Proppants.",Building Materials,12,Materials,9
1715,EXPD,Expeditors International of Washington,Expeditors International of Washington Inc is a third-party logistics provider focused on international freight forwarding. The firm operates more than 150 full-service office locations worldwide.,Transportation & Logistics,63,Transportation & Logistics,12
1716,EXPE,Expedia,"Expedia Group Inc is an online travel company. It offers holiday packages, rental cars, cruises, as well as destination services and activities. The Core OTA segment generates maximum revenue for the company.",Travel & Leisure,64,Transportation & Logistics,12
1717,EXPI,eXp World,"eXp World Holdings Inc, with its subsidiaries is engaged in cloud-based real estate brokerage operating in roughly 35 states. It provides agents, teams of agents and brokerage-owners with the systems, support, professional development and infrastructure.",Real Estate Services,56,Professional Services,11
1718,EXPO,Exponent,"Exponent Inc is a science and engineering consulting firm. It provides the solution to the problems of automotive, aviation, chemical, construction, consumer products, government, and health industry.",Business Services,13,Corporate Services,3
1719,EXPR,Express,"Express, Inc. is a specialty retailer company in apparel and related. It serves both both women's and men's merchandise. The company operates in Express brick-and-mortar retail stores and e-commerce operations.",Retail - Apparel & Specialty,58,Commercial Services & Supplies,0
1720,EXR,Extra Space Storage,"Extra Space Storage Inc is a fully integrated, self-administered and self-managed real estate investment trust. It owns, operates, manages, acquires, develops and redevelops professionally managed self-storage facilities.",REITs,55,Financials,5
1722,EXTR,Extreme Networks,"Extreme Networks Inc is a manufacturer of communication equipment. It designs, develops and manufactures wired and wireless network infrastructure equipment and develops the software for network management, policy, analytics, security and access controls.",Communication Equipment,16,Information Technology,8
1723,EYE,National Vision,"National Vision Holdings Inc is an optical retailers in the United States. Its brands include Eyeglass World, Vision Centre, Vista Optical, among others.",Retail - Apparel & Specialty,58,Commercial Services & Supplies,0
1725,EYEN,Eyenovia,Eyenovia Inc is a clinical stage biopharmaceutical company. It is engaged in developing a pipeline of ophthalmology products utilizing patented piezo-print technology to deliver micro-therapeutics topically to the eye.,Biotechnology,10,Healthcare,6
1727,EYPT,EyePoint Pharmaceuticals,"EyePoint Pharmaceuticals Inc, formerly pSivida Corp develops tiny, sustained-release, drug delivery products designed to deliver drugs at a controlled and steady rate for months or years.",Biotechnology,10,Healthcare,6
1728,EZPW,EZCORP,"EZCORP Inc is the provider of pawn loans in the United States and Mexico. The Company's segments are U.S. Pawn, Mexico Pawn, and Other International.",Credit Services,22,Corporate Services,3
1729,F,Ford Motor Company,"Ford Motor Co manufactures, markets, and services Ford cars, trucks, sport utility vehicles, electronic vehicles, and Lincoln luxury vehicles. It also provides financial services through Ford Motor Credit Company.",Autos,6,Industrials,7
1730,FAF,First American (New),"First American Financial Corp is a financial service provider offering title insurance, closing and/or escrow services, and related services in connection with residential and commercial real estate transactions.",Insurance - Specialty,38,Healthcare,6
1733,FANG,Diamondback Energy,"Diamondback Energy Inc is an independent oil and gas producer in the United States. The company engages in acquisition, development, exploration and exploitation of unconventional, onshore oil and natural gas reserves in the Permian Basin in West Texas.",Oil & Gas - E&P,46,Energy & Utilities,4
1735,FARM,Farmer Brothers Company,"Farmer Bros Co is a national coffee roaster, wholesaler and distributor of coffee, tea and culinary products serving restaurant and convenience store chains, hotels, casinos, hospitals, and gourmet coffee houses, and grocery chains.",Consumer Packaged Goods,21,Consumer Staples,2
1736,FARO,FARO,"Faro Technologies Inc designs, develops, manufactures, markets and supports software driven, three-dimensional (3-D) measurement, imaging and realization systems. Its business segments are Factory Metrology, Construction BIM-CIM and Other.",Computer Hardware,18,Information Technology,8
1737,FAST,Fastenal Company,"Fastenal Co is an industrial supplies company. It distributes maintains, repairs, and operates supplies to industrial and construction customers. Its product portfolio includes OEM fasteners, safety products, tools and equipment.",Industrial Distribution,33,Industrials,7
1738,FAT,FAT Brands,"FAT Brands Inc is a multi-brand restaurant franchising company. It develops, markets, and acquires predominantly fast casual restaurant concepts. The company provides turkey burgers, chicken Sandwiches, chicken tenders, burgers, and others.",Restaurants,57,Corporate Services,3
1739,FATE,Fate Therapeutics,Fate Therapeutics Inc is a clinical-stage biopharmaceutical company engaged in the development of programmed cellular immunotherapies for cancer and immune disorders.,Biotechnology,10,Healthcare,6
1744,FBIO,Fortress Biotech,"Fortress Biotech Inc is a biopharmaceutical company. The firm is involved in the business of acquiring, developing and commercializing pharmaceutical and biotechnology products.",Biotechnology,10,Healthcare,6
1745,FBIZ,First Business Financial Services,"First Business Financial Services Inc is engaged in commercial banking business. It operates as business bank engaged in delivering commercial banking products, including commercial loans and commercial real estate loans.",Banks,7,Financials,5
1746,FBK,FB Financial,"FB Financial Corp is a bank holding company. The Company through its wholly-owned bank subsidiary provides commercial and consumer banking services to clients in select markets in Tennessee, North Alabama and North Georgia.",Banks,7,Financials,5
1748,FBMS,The First Bancshares,First Bancshares Inc is a financial holding company providing products and services offered by regional banks. It also offers deposit services and commercial and personal loans.,Banks,7,Financials,5
1749,FBNC,First Bancorp,First Bancorp is a bank holding company of First Bank. It is company is engaged in providing banking services such as acceptance of deposits and the lending funds to the customers for various purposes.,Banks,7,Financials,5
1750,FBP,First BanCorp.,First BanCorp is a financial holding company. Its operating segments include Commercial and Corporate Banking; Consumer (Retail) Banking; Mortgage Banking; Treasury and Investments; United States Operations; and Virgin Islands Operations.,Banks,7,Financials,5
1752,FC,Franklin Covey Company,"Franklin Covey Co is a performance improvement company. It provides training & consulting services to both organizations & individuals. The company also provide clients with training in management skills, relationship skills & individual effectiveness.",Education,24,Healthcare,6
1753,FCAP,First Capital,"First Capital Inc is a holding company. The Company, through its wholly-owned subsidiary, provides banking services to individuals and business customers through seventeen locations in Indiana and Kentucky.",Banks,7,Financials,5
1755,FCBC,First Community Bankshares,"First Community Bancshares Inc is a financial holding company. It provides commercial banking products and services through First Community Bank including demand deposit accounts, savings and money market accounts, loans and other lines of credit.",Banks,7,Financials,5
1757,FCCO,First Community,"First Community Corp offers traditional banking products and services for professionals and small-to-medium-sized businesses, including consumer and commercial, mortgage, brokerage and investment and insurance services.",Banks,7,Financials,5
1759,FCEL,FuelCell Energy,"FuelCell Energy Inc is an integrated fuel cell company. It designs, manufactures, sells, installs, operates and services ultra-clean, efficient stationary fuel cell power plants for distributed power generation.",Utilities - Independent Power Producers,66,Energy & Utilities,4
1760,FCF,First Commonwealth Financial,"First Commonwealth Financial Corp provides banking services through the First Commonwealth Bank. It entails commercial and consumer banking products such as personal checking accounts, loans, wealth management and insurance.",Banks,7,Financials,5
1761,FCFS,FirstCash,FirstCash Inc is an operator of retail-based pawn stores in the U.S. and Latin America. It is engaged in operation of full-service pawn stores which make small pawn loans secured by personal property.,Credit Services,22,Corporate Services,3
1762,FCN,FTI Consulting,"FTI Consulting Inc along with its subsidiaries is a business advisory firm. It provides services including corporate finance/restructuring, forensic and litigation consulting, economic consulting, technology and strategic communications.",Business Services,13,Corporate Services,3
1763,FCNCA,First Citizens BancShares Common Stock,"First Citizens BancShares Inc (DE) is a part of the financial sector in the United States. FCB provides a wide range of retail and commercial banking services, including traditional lending and deposit-taking.",Banks,7,Financials,5
1765,FCPT,Four Corners Property Trust,Four Corners Property Trust Inc is a real estate investment trust. It focuses its efforts on investing primarily in restaurants based in the United States.,REITs,55,Financials,5
1768,FCX,Freeport-McMoRan,"Freeport-McMoRan Inc is a mining company. It operates large, long-lived geographically diverse assets with reserves of copper, gold, and molybdenum. It also has mining operations in the Americas.",Metals & Mining,44,Industrials,7
1769,FDBC,Fidelity D & D Bancorp,"Fidelity D & D Bancorp Inc is a bank holding company for the Fidelity Deposit and Discount Bank. It provides various financial services to individuals and corporate customers in Lackawanna and Luzerne Counties, Pennsylvania.",Banks,7,Financials,5
1773,FDP,Fresh Del Monte Produce,"Fresh Del Monte Produce Inc is a vertically integrated producers, marketers and distributors of fresh and fresh-cut fruit and vegetables. It is also produces and distributes prepared fruit and vegetables, juices, beverages and snacks.",Consumer Packaged Goods,21,Consumer Staples,2
1774,FDS,FactSet Research Systems,"FactSet Research Systems Inc is a financial and economic data and analytics service provider. It aggregates content from hundreds of databases, reformats it, and then furnishes the data to research analysts, and other financial professionals.",Brokers & Exchanges,11,Financials,5
1775,FDUS,Fidus Investment,Fidus Investment Corp is a closed-end non-diversified management investment company. It provides customised debt and equity financing solutions to lower middle-market companies.,Asset Management,5,Financials,5
1776,FDX,FedEx,"FedEx Corp is the world's largest express courier delivery firm. The company provides courier services through various divisions which include express, ground, office, freight, cross border, trade networks and supply chain.",Transportation & Logistics,63,Transportation & Logistics,12
1777,FE,FirstEnergy,"FirstEnergy Corp is a diversified energy company. It is involved in the generation, transmission and distribution of electricity. It operates in segments such as Regulated Distribution, Regulated Transmission and CES.",Utilities - Regulated,67,Energy & Utilities,4
1780,FEIM,Frequency Electronics,"Frequency Electronics provides precision time, frequency generation and synchronisation products and subsystems. Its products are used in on-board satellites and in ground-based communication stations.",Communication Equipment,16,Information Technology,8
1781,FELE,Franklin Electric Co.,"Franklin Electric Co Inc along with its subsidiaries designs manufactures and distributes water and fuel pumping systems, composed of submersible motors, pumps, electronic controls and related parts and equipment.",Industrial Products,34,Industrials,7
1784,FENC,Fennec Pharmaceuticals,Fennec Pharmaceuticals Inc is a clinical-stage biotechnology company. It is primarily engaged in research and development activities.,Biotechnology,10,Healthcare,6
1787,FET,Forum Energy,"Forum Energy Technologies Inc is an oil and gas company that manufactures and distributes products and engages in aftermarket services and related operations. The company serves the subsea, drilling, completion, production and infrastructure sectors.",Oil & Gas - Services,50,Commercial Services & Supplies,0
1789,FF,FutureFuel,"FutureFuel Corp through its subsidiary manufactures diversified chemical products, bio-based products comprised of biofuels, and bio-based specialty chemical products. The company's two reporting segments include chemicals and biofuels.",Chemicals,14,Materials,9
1791,FFBC,First Financial Bancorp.,"First Financial Bancorp operates in the financial services sector. As a banking company, it conducts retail and commercial banking and commercial finance operations. It mainly caters to real estate sector with real estate loans.",Banks,7,Financials,5
1796,FFIC,Flushing Financial,Flushing Financial Corp attracts retail deposits from the general public and invests those deposits together with funds generated from ongoing operations and borrowings.,Banks,7,Financials,5
1797,FFIN,First Financial Bankshares,First Financial Bankshares Inc is engaged in providing financial services. It operates through its subsidiaries in conducting full-service commercial banking business. The majority of its services are intended for the real estate sector.,Banks,7,Financials,5
1798,FFIV,F5 Networks,"F5 Networks Inc provides software-defined application services designed to ensure that applications delivered over Internet Protocol networks are available to any user, anywhere, anytime, on any device and on any network.",Application Software,4,Information Technology,8
1799,FFNW,First Financial Northwest,"First Financial Northwest Inc is a bank holding company for First Savings Bank Northwest. The bank's business consists of attracting deposits from the public and utilizing these funds commercial real estate, construction, business and consumer loans.",Banks,7,Financials,5
1800,FFWM,First Foundation,"First Foundation Inc is a financial services company. It focuses on providing investment management, wealth planning, consulting, banking products and services, life insurance services, property and casualty insurance services to their clients.",Banks,7,Financials,5
1801,FG,FGL,"FGL Holdings is a Cayman-based holding company. Its principal operations are conducted through life insurance and annuity products. Through its holdings it offers annuity and life insurance service, and reinsurer services in Bermuda and USA.",Insurance - Life,36,Healthcare,6
1803,FGBI,First Guaranty Bancshares,"First Guaranty Bancshares Inc is a bank holding company. The company, along with its subsidiary, provides personalized commercial banking services to businesses, professionals and individuals.",Banks,7,Financials,5
1804,FGEN,FibroGen,"FibroGen Inc is a biopharmaceutical company. It is engaged in the discovery, development and commercialization of novel therapeutics to treat serious unmet medical needs.",Biotechnology,10,Healthcare,6
1806,FHB,First Hawaiian,"First Hawaiian Inc is a United States-based bank holding company. It provides a diversified range of banking services to consumer and commercial customers, including deposit products, lending services and wealth management and trust services.",Banks,7,Financials,5
1807,FHN,First Horizon National,"First Horizon National Corp is engaged in providing financial products and services, including traditional lending and deposit taking, to consumer and commercial customers.",Banks,7,Financials,5
1808,FI,Frank's International N.V.,"Frank's International NV provides tubular services, tubular fabrication and specialty well construction and well intervention solutions to both offshore and onshore exploration and production companies.",Oil & Gas - Services,50,Commercial Services & Supplies,0
1809,FIBK,First Interstate BancSystem,"First Interstate BancSystem Inc is a financial and bank holding company. It delivers a range of banking products and services to individuals, businesses, municipalities and other entities.",Banks,7,Financials,5
1810,FICO,Fair Isaac Corproation,"Fair Isaac Corp is a provider of analytic, software and data management products and services that enables businesses to automate, improve and connect decisions. It operates in three segments: applications, scores, and tools.",Application Software,4,Information Technology,8
1813,FIS,Fidelity National Information Services,"Fidelity National Information Services Inc offers a range of solutions in retail and institutional banking, payments, asset and wealth management, risk and compliance, treasury and insurance and provides consulting and outsourcing services.",Business Services,13,Corporate Services,3
1814,FISI,Financial Institutions,"Financial Institutions Inc offers full range of banking and related financial services to consumer,commercial and municipal customers through its bank and nonbank subsidiaries.",Banks,7,Financials,5
1816,FISV,Fiserv,Fiserv Inc is a business solutions provider. Its service offering primarily includes electronic processing services.,Business Services,13,Corporate Services,3
1818,FITB,Fifth Third Bancorp,"Fifth Third Bancorp provides banking products and services. The company offers checking, savings and money market accounts and credit products. Its segments are Commercial Banking, Branch Banking, Consumer Lending and Wealth and Asset Management.",Banks,7,Financials,5
1820,FIVE,Five Below,"Five Below Inc is a retailer offering merchandise for teen and pre-teen customers. Its merchandise includes Style, Room, Sports, Tech, Crafts, Party, Candy and Now. It offers a broad range of discount merchandise at prices up to $5.",Retail - Apparel & Specialty,58,Commercial Services & Supplies,0
1821,FIVN,Five9,"Five9 Inc provides cloud software for contact centers. The Company is engaged in providing research, development and client support services for contact centers.",Application Software,4,Information Technology,8
1822,FIX,Comfort Systems USA,"Comfort Systems USA Inc provides mechanical contracting services. It offers heating, ventilation and air conditioning, plumbing, piping and controls, as well as off-site construction, electrical, monitoring and fire protection.",Engineering & Construction,26,Industrials,7
1823,FIXX,Homology Medicines,"Homology Medicines is an US based genetic medicines company. It is dedicated towards translating proprietary, cutting-edge gene editing and gene therapy technology into cures for patients with rare diseases.",Biotechnology,10,Healthcare,6
1824,FIZZ,National Beverage,"National Beverage Corp is engaged in the development, manufacturing, marketing and sale of flavored beverage products. It offers Sparkling Waters, Juices, Energy Drinks and Carbonated Soft Drinks.",Beverages - Non-Alcoholic,9,Consumer Staples,2
1825,FL,Foot Locker,Foot Locker Inc operates in the footwear industry. Its core business involves retailing of athletic shoes and apparel through mall based stores.,Manufacturing - Apparel & Furniture,39,Industrials,7
1828,FLEX,Flex,"Flex Ltd is a provider of Sketch-to-Scale services. It provides designing, manufacturing and supply chain services of packaged consumer electronics and industrial products to various industries and end-markets.",Computer Hardware,18,Information Technology,8
1829,FLGT,Fulgent Genetics,Fulgent Genetics Inc is a technology company offering genetic testing to provide physicians with clinically actionable diagnostic information used to improve the overall quality of patient care.,Medical Diagnostics & Research,41,Healthcare,6
1830,FLIC,The First of Long Island,"First of Long Island Corp is a holding company which provides financial services through its subsidiary, The First National Bank of Long Island. It offers services of saving account and lending services to professionals, consumers and public bodies.",Banks,7,Financials,5
1833,FLL,Full House Resorts,"Full House Resorts Inc, through its subsidiaries, owns, operates, develops, manages, and invests in casinos and related hospitality and entertainment facilities. The Company manages its casinos based on geographic regions within the United States.",Travel & Leisure,64,Transportation & Logistics,12
1834,FLNT,Fluent,"Fluent Inc is a data and analytics company. The firm is engaged in providing cloud-based, information and performance marketing solutions to enterprises in a variety of industries.",Advertising & Marketing Services,0,"Media, Marketing & Sales",10
1835,FLO,Flowers Foods,"Flowers Foods Inc functions in the food and beverage industry. It primarily manufactures and sells packaged bakery products under the brand names such as Nature's Own, Whitewheat and Wonder Bread.",Consumer Packaged Goods,21,Consumer Staples,2
1837,FLR,Fluor,"Fluor Corp is an engineering company that provides procurement, construction and maintenance as well as project management services to a range of customers including oil and gas, manufacturing, and mining companies, along with the U.S. federal government.",Engineering & Construction,26,Industrials,7
1838,FLS,Flowserve,"Flowserve Corp is a manufacturer and aftermarket service provider of comprehensive flow control systems. It develops and manufactures precision-engineered flow control equipment integral to the movement, control and protection of the flow of materials.",Industrial Products,34,Industrials,7
1839,FLT,FleetCor,"Fleetcor Technologies, Inc. provides fuel cards, commercial payment and data solutions, lodging and transportation management services, stored value solutions, and workforce payment products and services to businesses, retailers, and commercial fleets.",Business Services,13,Corporate Services,3
1840,FLWS,1-800 FLOWERS.COM,"1-800-Flowers.com Inc is a U.S. based provider of gourmet food and gift baskets, consumer floral, and BloomNet wire service.",Retail - Apparel & Specialty,58,Commercial Services & Supplies,0
1842,FLXS,Flexsteel Industries,"Flexsteel Industries Inc manufactures, imports and markets residential and commercial upholstered and wood furniture products in the United States. Its products include sofas, loveseats and rocker-reclining chairs.",Manufacturing - Apparel & Furniture,39,Industrials,7
1843,FLY,Fly Leasing Limited,Fly Leasing Ltd is principally engaged in purchasing commercial aircraft which are leased under multi-year contracts to a diverse group of airlines across the world.,Consulting & Outsourcing,20,Professional Services,11
1844,FMAO,Farmers & Merchants Bancorp,"Farmers & Merchants Bancorp Inc is a bank holding company. It is involved in providing financial services through its bank, especially retail and corporate banking services. It derives its revenue from interests received on lending to retail markets.",Banks,7,Financials,5
1845,FMBH,First Mid-Illinois Bancshares,First Mid Illinois Bancshares is a financial services company. It also provides data processing services to affiliates and insurance products and services to customers through its subsidiaries.,Banks,7,Financials,5
1847,FMC,FMC,"FMC Corp is a diversified chemical company that serves agricultural, consumer and industrial markets internationally with solutions, applications and products. It also produces health and nutrition products, as well as lithium derivatives.",Agriculture,2,Industrials,7
1849,FMNB,Farmers National Banc,"Farmers National Banc Corp and its subsidiaries operate in the domestic banking, trust, retirement consulting, insurance and financial management industries. Its business consists of owning and supervising its subsidiaries.",Banks,7,Financials,5
1854,FN,Fabrinet,Fabrinet is engaged in providing outsourced manufacturing services to original equipment manufacturers. It offers a wide range of optical and electro-mechanical manufacturing capabilities across the whole producing process.,Computer Hardware,18,Information Technology,8
1855,FNB,F.N.B.,"F N B Corp provides a range of commercial banking, consumer banking, and wealth management through a subsidiary network.",Banks,7,Financials,5
1856,FNCB,FNCB Bancorp,"FNCB Bancorp Inc is engaged in the activity of owning and operating the Bank. The Bank provides a variety of traditional banking products and services to individuals and businesses, including online, mobile and telephone banking, debit cards.",Banks,7,Financials,5
1857,FND,Floor & Decor,"Floor & Decor Holdings Inc is a specialty retailer of hard surface flooring and related accessories. It offers tile, wood, laminate and natural stone flooring along with decorative and installation accessories.",Retail - Apparel & Specialty,58,Commercial Services & Supplies,0
1858,FNF,FNF of Fidelity National Financial,"Fidelity National Financial Inc is a title insurance company. It provides title insurance, escrow, and other title-related services. The firm also provides technology and transaction services to the real estate and mortgage industries.",Insurance - Specialty,38,Healthcare,6
1861,FNKO,Funko,"Funko Inc is a pop culture consumer products company. It manufactures, designs and markets licensed pop culture products.",Travel & Leisure,64,Transportation & Logistics,12
1862,FNLC,First Bancorp (ME),"First Bancorp Inc is a Damariscotta based bank holding company of The First National Bank of Damariscotta providing a range of retail and commercial banking services including deposit accounts and consumer, commercial and mortgage loans.",Banks,7,Financials,5
1865,FNWB,First Northwest Bancorp,First Northwest Bancorp is a bank holding company for First Federal Savings and Loan Association. The Company is engaged in the business of attracting deposits and providing lending services to the communities it serves.,Banks,7,Financials,5
1868,FOLD,Amicus Therapeutics,"Amicus Therapeutics Inc is a biopharmaceutical company. It is engaged in the discovery, development and commercialization of next-generation medicines.",Biotechnology,10,Healthcare,6
1870,FONR,Fonar,"Fonar Corp is engaged in the research, development, production and marketing of medical scanning equipment. The Company operates in two segments manufacturing and servicing of medical equipment and management of diagnostic imaging centers.",Medical Devices,40,Healthcare,6
1871,FOR,Forestar,Forestar Group Inc. is a residential and mixed-use real estate development company and also engaged in mineral resources and other segments.,Real Estate Services,56,Professional Services,11
1872,FORD,Forward Industries,"Forward Industries Inc is engaged in the designing, marketing and distribution of protective solutions for hand held electronic devices. The Company's protective solutions include soft-sided carrying cases, bags, clips, hand straps and other accessories.",Manufacturing - Apparel & Furniture,39,Industrials,7
1874,FORM,FormFactor,FormFactor Inc is a technology solutions provider. Its core business involves manufacture of advanced semiconductor probe card products.,Semiconductors,60,Materials,9
1875,FORR,Forrester Research,"Forrester Research Inc is a provider of business services. Its portfolio of services include independent research, data, and advisory services.",Business Services,13,Corporate Services,3
1877,FOSL,Fossil,"Fossil Group Inc is engaged in designing, marketing and distribution of consumer fashion accessories. It offers men's and women's fashion watches and jewelry, handbags, small leather goods, belts, sunglasses, soft accessories and select apparel.",Manufacturing - Apparel & Furniture,39,Industrials,7
1879,FOXA,Twenty-First Century Fox,"Twenty-First Century Fox Inc is a diversified media and entertainment company. It operates in various business segments namely Cable Network Programming, Television, Filmed Entertainment, and Direct Broadcast Satellite Television.",Entertainment,27,Healthcare,6
1880,FOXF,Fox Factory Holding,"Fox Factory Holding Corp designs and manufactures recreational vehicles in the United States. Its products include bicycles, snowmobiles, mountain bikes, and motorcycles. Most of its revenue is acquired from the U.S market.",Autos,6,Industrials,7
1881,FPAY,FlexShopper,FlexShopper Inc is engaged in the business of providing certain types of durable goods to consumers on a lease-to-own basis and providing lease-to-own terms to consumers of third-party retailers & e-tailers.,Credit Services,22,Corporate Services,3
1883,FPH,Five Point LLC,"Five Point Holdings LLC is an owner and developer of mixed-use, master-planned communities in coastal California. The house sales generates maximum revenue for the company.",Real Estate Services,56,Professional Services,11
1884,FPI,Farmland Partners,"Farmland Partners Inc owns and aims to acquire high-quality farmland throughout North America. The company is an internally managed real estate company and owns and contracts for over 120,000 acres of farm land, along with storage facilities.",REITs,55,Financials,5
1895,FRD,Friedman Industries,"Friedman Industries Inc is engaged in steel processing, pipe manufacturing and processing and steel and pipe distribution. The Company has two product groups coil and tubular products.",Steel,61,Materials,9
1897,FRGI,Fiesta Restaurant,"Fiesta Restaurant Group Inc through its subsidiaries owns, operates, and franchises fast-casual restaurants. It operates its fast-casual restaurants under the Pollo Tropical and Taco Cabana brand names.",Restaurants,57,Corporate Services,3
1898,FRME,First Merchants,"First Merchants Corp through its subsidiaries provides its customers with financial services delivered locally by bankers. It offers personal banking, business banking, mortgage lending, cash management services, wealth management and insurance.",Banks,7,Financials,5
1900,FRPH,FRP,"FRP Holdings Inc is a real estate company. The business activities of the group are operated through Asset Management Segment, Mining Royalty Lands Segment, Land Development and Construction Segment and RiverFront on the Anacostia Segment.",Real Estate Services,56,Professional Services,11
1901,FRPT,Freshpet,Freshpet Inc manufactures and markets refrigerated meals and treats for dogs and cats. The company's products are distributed throughout the United States and Canada into retail classes including Grocery and Mass.,Consumer Packaged Goods,21,Consumer Staples,2
1902,FRSH,Papa Murphy's,"Papa Murphy's Holdings Inc is the franchisor and operator of Take 'N' Bake pizza chain in the United States. The company operates in three business segments namely Domestic Franchise, Domestic Company Stores and International.",Restaurants,57,Corporate Services,3
1907,FSBC,FSB Bancorp,"FSB Bancorp Inc is a bank holding company. The Company through its banking subsidiaries is engaged in providing banking products and services including checking and savings, lending and other mortgage services.",Banks,7,Financials,5
1908,FSBW,FS Bancorp,"FS Bancorp Inc is a bank holding company for 1st Security Bank. The bank delivers banking and financial services to local families, local and regional businesses and industry niches within distinct Puget Sound area communities.",Banks,7,Financials,5
1911,FSFG,First Savings Financial,First Savings Financial Group Inc is a saving and loan holding company. The Company through its subsidiary offers traditional financial services to consumers and businesses in its main market area.,Banks,7,Financials,5
1912,FSI,Flexible Solutions International (CDA),"Flexible Solutions International Inc together with its subsidiaries develops, manufactures and markets specialty chemicals which slow the evaporation of water.",Chemicals,14,Materials,9
1913,FSK,FS KKR Capital,"FS Investment Corp is an investment company. Its business objective is to achieve long-term capital appreciation and income by investing in a diverse range of sectors such as capital goods, apparels and financial services.",Asset Management,5,Financials,5
1914,FSLR,First Solar,"First Solar Inc is a provider of solar energy solutions. It designs, manufactures and sells PV solar modules with a thin-film semiconductor technology. It also manufactures crystalline silicon solar modules.",Semiconductors,60,Materials,9
1917,FSP,Franklin Street Properties,Franklin Street Properties Corp operates as a real estate investment trust focused on commercial real estate investments in office markets.,REITs,55,Financials,5
1918,FSS,Federal Signal,"Federal Signal Corp designs and manufactures a suite of products and integrated solutions for municipality, industrial and others. The company operates in two segments namely Environmental Solutions Group and Safety and Security Systems Group.",Industrial Products,34,Industrials,7
1919,FSTR,L.B. Foster Company,"L.B. Foster Co manufactures, fabricates and distributes products and services for the rail, construction, energy and utility markets.",Transportation & Logistics,63,Transportation & Logistics,12
1922,FTAI,Fortress Transportation and Infrastructure Investors LLC,"Fortress Transportation and Infrastructure Investors LLC is an infrastructure and equipment leasing company. It leases aircrafts, shipping containers, support vessels and anchor handling tug supply vessels.",Consulting & Outsourcing,20,Professional Services,11
1924,FTEK,Fuel Tech,"Fuel Tech Inc provides boiler optimization, efficiency improvement, air pollution reduction and similar services to utility and industrial customers worldwide. It also provides nitrogen oxide reduction techniques, and helps improve the combustion units.",Industrial Products,34,Industrials,7
1927,FTFT,Future FinTech,"Future FinTech Group Inc is a holding company. The Company is engaged in the production and sale of fruit juice concentrates, fruit beverages and other fruit-related products.",Beverages - Non-Alcoholic,9,Consumer Staples,2
1928,FTI,TechnipFMC plc,TechnipFMC PLC is an oil and gas engineering and construction firm. The company owns a large fleet of vessels used to install offshore pipelines. It also provides onshore and offshore services for various projects.,Oil & Gas - Services,50,Commercial Services & Supplies,0
1929,FTK,Flotek Industries,"Flotek Industries Inc develops and supplies chemistry and services to the oil and gas industries, and high value compounds to companies that make cleaning products, cosmetics, food and beverages and other products.",Oil & Gas - Services,50,Commercial Services & Supplies,0
1930,FTNT,Fortinet,"Fortinet Inc software solutions provider. The company develops and sells a portfolio of security software products which includes firewall, threat detection, WLAN and switching, application security, identity and access management.",Application Software,4,Information Technology,8
1935,FTV,Fortive,"Fortive Corp is a United States based company diversified industrial growth company. It has two business segments namely, Professional Instrumentation and Industrial Technologies.",Computer Hardware,18,Information Technology,8
1936,FUL,H. B. Fuller Company,"H.B. Fuller Company is a formulator, manufacturer and marketer of adhesives, sealants and other specialty chemical products for applications in various markets, including automotive, electronics, construction products, durable assembly, and packaging.",Chemicals,14,Materials,9
1937,FULT,Fulton Financial,Fulton Financial Corp is a multi-bank financial holding company. It provides banking and financial services to businesses and consumers. The company's primary source of revenue is interest income on loans.,Banks,7,Financials,5
1938,FUN,Cedar Fair,"Cedar Fair LP is a regional amusement park operator. It owns amusement parks, outdoor water parks, indoor water park and hotels across the United States.",Travel & Leisure,64,Transportation & Logistics,12
1939,FUNC,First United,"First United Corp is a financial services provider in the United States. It owns the stakes to banks which provide checking, savings, different types of loans, insurance and trust services to individuals and businesses.",Banks,7,Financials,5
1941,FUSB,First US Bancshares,"First US Bancshares Inc, formerly United Security Bancshares Inc operates as the holding company for First United Security Bank, which provides commercial banking business and banking services in Alabama and Mississippi.",Banks,7,Financials,5
1942,FUV,Arcimoto,"Arcimoto Inc is an electric vehicle company. It is engaged in designing and developing two-seat, three-wheeled electric vehicle. Its product include SRK Generation 8 electric vehicle.",Autos,6,Industrials,7
1943,FVCB,FVCBankcorp,"FVC Bankcorp Inc provides banking services through the Florida Bank of Commerce. It attends to retail and corporate customers through services like consumer loans and savings, online cash management and money markets.",Banks,7,Financials,5
1945,FWONA,Liberty Media Series,"Liberty Formula One Group is a holding company which owns interests in media, communications and entertainment businesses. The company makes investments in various businesses across the international markets.",Entertainment,27,Healthcare,6
1946,FWONK,Liberty Media Series C,"Liberty Formula One Group is a holding company which owns interests in media, communications and entertainment businesses. The company makes investments in various businesses across the international markets.",Entertainment,27,Healthcare,6
1948,FWRD,Forward Air,Forward Air Corp serves in the logistics industry based in the United States. It is a provider of time-definite truck transportation to the North American deferred air freight shipping market.,Transportation & Logistics,63,Transportation & Logistics,12
1949,G,Genpact Limited,"Genpact Ltd is a business process and technology management services company that provides finance and accounting, collections and customer service, insurance services, supply chain and procurement, analytics and enterprise application services.",Business Services,13,Corporate Services,3
1951,GABC,German American Bancorp,"German American Bancorp is a bank holding company. The firm is in the business of retail and commercial banking, comprehensive financial planning, full-service brokerage and trust administration and a range of personal and corporate insurance products.",Banks,7,Financials,5
1952,GAIA,Gaia,"Gaia Inc along with its subsidiaries provides yoga, fitness & wellness products with media, subscription & travel services to customers who value personal development, wellness, ecological lifestyles, responsible media & conscious community.",Retail - Apparel & Specialty,58,Commercial Services & Supplies,0
1953,GAIN,Gladstone Investment,Gladstone Investment Corp is a business development company which is managed externally. Its investment manager is Gladstone Management Corporation. It invests in debt and equity securities of established private businesses operating in the United States.,Asset Management,5,Financials,5
1954,GALT,Galectin Therapeutics,Galectin Therapeutics Inc is a clinical stage biopharmaceutical company. The company is engaged in drug research and development to create new therapies for fibrotic disease and cancer.,Drug Manufacturers,23,Industrials,7
1958,GATX,GATX,"GATX Corp is a provider of railcar leasing and maintenance services. The company operates business through four segments offering railcar leasing and maintenance, asset-related financial, and management services.",Consulting & Outsourcing,20,Professional Services,11
1960,GBCI,Glacier Bancorp,"Glacier Bancorp Inc is a part of the financial services domain. It is the holding company for the Glacier Bank, which offers a wide range of products and services including deposit, loans and mortgage origination services.",Banks,7,Financials,5
1961,GBDC,Golub Capital BDC,"Golub Capital BDC Inc is a closed-end, non-diversified management investment company. Its investment objective is to generate current income and capital appreciation by investing in senior secured and one stop loans in U.S. middle-market companies.",Asset Management,5,Financials,5
1963,GBLI,Global Indemnity Limited,"Global Indemnity Ltd a specialty property and casualty insurer. It offers binding authority, program, brokerage, direct and reinsurance services through its distribution channel in United States.",Insurance - Property & Casualty,37,Healthcare,6
1964,GBR,New Concept Energy,"New Concept Energy Inc is an oil and gas company which through its subsidiaries, owns and operates oil and gas wells and mineral leases in Athens and Meigs Counties in Ohio and in Calhoun, Jackson and Roane Counties in West Virginia.",Oil & Gas - E&P,46,Energy & Utilities,4
1966,GBX,Greenbrier Companies (The),"Greenbrier Companies Inc designs, manufactures & markets railroad freight car equipment in North America & Europe, marine barges in North America and provides wheel services, railcar refurbishment and parts, leasing & other services to the railroad.",Transportation & Logistics,63,Transportation & Logistics,12
1968,GCBC,Greene County Bancorp,Greene County Bancorp Inc is a federally chartered holding company of The Bank of Greene County. It is engaged in the business of attracting deposits from customers within its market area and investing those funds in loans.,Banks,7,Financials,5
1969,GCI,Gannett Co.,"Gannett Co., Inc. operates as a multi-platform news and information company. It spreads the news all over the USA and UK through digital, mobile, and print products.",Publishing,54,"Media, Marketing & Sales",10
1970,GCO,Genesco,"Genesco Inc is a specialty retailer, which is engaged in designing, sourcing, marketing and distribution of footwear, apparel and accessories through retail stores.",Retail - Apparel & Specialty,58,Commercial Services & Supplies,0
1973,GD,General Dynamics,"General Dynamics Corp is an aerospace and defense company. It offers products and services in business aviation including combat vehicles, weapons systems and munitions, shipbuilding, and communication and information technology services and solutions.",Aerospace & Defense,1,Transportation & Logistics,12
1974,GDDY,GoDaddy,"GoDaddy Inc, through its subsidiaries provides a variety of domain name registration and website hosting services. It also provides cloud-based solutions.",Online Media,51,"Media, Marketing & Sales",10
1975,GDEN,Golden Entertainment,"Golden Entertainment Inc is an US based company which focuses on distributed gaming, casino and resort operations. It organizes its business in two segments; Distributed Gaming and Casinos.",Travel & Leisure,64,Transportation & Logistics,12
1979,GDOT,Green Dot $0.001 par value,Green Dot Corp is a financial technology company. The firm provides financial services for consumers in the United States such as Account Services GoBank mobile checking and Visa- or Mastercard-branded prepaid debit cards.,Credit Services,22,Corporate Services,3
1983,GE,General Electric Company,"General Electric Co is a digital industrial company. It operates in various segments, including power and water, oil and gas, energy management, aviation, healthcare, transportation, appliances and lighting, and more.",Industrial Products,34,Industrials,7
1985,GECC,Great Elm Capital,"Great Elm Capital Corp is an externally managed, non-diversified closed-end management investment company. The Company invests primarily in secured and senior unsecured debt instruments that it purchases in the secondary markets.",Asset Management,5,Financials,5
1986,GEF,Greif,"Greif Inc produces industrial packaging products with manufacturing facilities located in over many countries. Its products are steel, fibre and plastic drums, intermediate bulk containers, closure systems for industrial packaging and among others.",Packaging & Containers,52,Commercial Services & Supplies,0
1988,GEL,Genesis Energy,"Genesis Energy LP provides onshore pipeline transportation of crude oil and carbon dioxide, offshore pipeline transportation of crude oil in the Gulf of Mexico, refinery services, marine transportation, and supply and logistics service.",Oil & Gas - Midstream,48,Energy & Utilities,4
1990,GEN,Genesis Healthcare,Genesis Healthcare Inc is a post-acute care provider in the United States. The company operates skilled nursing centers and assisted/senior living communities. It also supplies rehabilitation and respiratory therapy.,Health Care Providers,31,Healthcare,6
1991,GENC,Gencor Industries,"Gencor Industries Inc manufactures heavy machinery used in the production of highway construction materials, synthetic fuels and environmental control equipment. Its products include asphalt plants, combustion systems and fluid heat transfer systems.",Farm & Construction Machinery,28,Industrials,7
1993,GEO,Geo (The) REIT,"The GEO Group Inc is a healthcare facility real estate investment trust. It is engaged in ownership, leasing and management of correctional, detention and re-entry facilities, and the provision of community based services.",REITs,55,Financials,5
1994,GEOS,Geospace,"Geospace Technologies Corp is engaged in designing and manufacturing of instruments and equipment used in the oil and gas industry for acquiring seismic data to locate, characterize and monitor hydrocarbon producing reservoirs.",Oil & Gas - Services,50,Commercial Services & Supplies,0
1996,GERN,Geron,"Geron Corp is a biopharmaceutical company. It supports the clinical stage development of a telomerase inhibitor, imetelstat.",Biotechnology,10,Healthcare,6
1997,GES,Guess?,"Guess? Inc designs, markets, distributes and licenses a lifestyle collection of contemporary apparel and accessories for men, women and children that reflects the American lifestyle and European fashion sensibilities.",Retail - Apparel & Specialty,58,Commercial Services & Supplies,0
1998,GEVO,Gevo,Gevo Inc is a renewable chemicals and biofuels company. It is engaged in the development and commercialization of alternatives to petroleum-based products based on isobutanol produced from renewable feedstocks.,Chemicals,14,Materials,9
2001,GFF,Griffon,"Griffon Corp manufactures and markets residential, commercial and industrial garage doors to professional installing dealers and home center retail chains. It also provides non-powered landscaping products for homeowners and professionals.",Building Materials,12,Materials,9
2008,GGG,Graco,"Graco Inc is engaged in the equipment manufacturing business. Its products include systems and equipment used to move, measure, control, dispense and spray fluid and powder materials.",Industrial Products,34,Industrials,7
2014,GHC,Graham Company,"Graham Holdings Co is an education and media company that provides educational services; television broadcasting; online, print and local TV news; home health and hospice care; and manufacturing. It provides a range of education and related services.",Education,24,Healthcare,6
2017,GHL,Greenhill & Co.,"Greenhill & Co Inc is an investment bank providing financial advice on mergers, acquisitions, restructurings, financing and capital-raising to corporations, partnerships, institutions and governments.",Brokers & Exchanges,11,Financials,5
2018,GHM,Graham,"Graham Corp designs, manufactures and sells critical equipment for the energy, defense and chemical/petrochemical industries. It also designs and manufactures custom-engineered ejectors, vacuum pumping systems, surface condensers and vacuum systems.",Industrial Products,34,Industrials,7
2021,GIFI,Gulf Island Fabrication,"Gulf Island Fabrication Inc is a fabricator of offshore drilling. The company operates in segments namely Fabrication division, Shipyards division, Services division, and corporate division.",Oil & Gas - Services,50,Commercial Services & Supplies,0
2022,GIG,GigCapital,"GigCapital Inc is a blank check company. The company was formed for the purpose of effecting a merger, capital stock exchange, asset acquisition, stock purchase, reorganization or similar business combination with one or more businesses.",Conglomerates,19,Industrials,7
2024,GIII,G-III Apparel,"G-III Apparel Group Ltd designs, manufactures & markets apparel, including outerwear, dresses, sportswear, swimwear, women's suits & women's performance wear, as well as footwear, luggage & women handbags, small leather goods & cold weather accessories.",Manufacturing - Apparel & Furniture,39,Industrials,7
2026,GILD,Gilead Sciences,"Gilead Sciences Inc is a biopharmaceutical company that discovers, develops and commercializes new medicines in areas of unmet medical need. Its products target a number of areas, such as HIV, liver diseases, cardiovascular and other diseases.",Biotechnology,10,Healthcare,6
2029,GIS,General Mills,"General Mills Inc is a global manufacturer and marketer of branded consumer foods, such as ready-to-eat breakfast cereals, refrigerated dough and other baking items, snack foods, ice cream, and yogurt.",Consumer Packaged Goods,21,Consumer Staples,2
2030,GKOS,Glaukos,Glaukos Corp is an ophthalmic medical technology company focused on the development and commercialization of breakthrough products and procedures designed to transform the treatment of glaucoma.,Medical Instruments & Equipment,43,Commercial Services & Supplies,0
2031,GLAD,Gladstone Capital,"Gladstone Capital Corp is an externally managed, closed-end, non-diversified management investment company.",Asset Management,5,Financials,5
2033,GLBZ,Glen Burnie Bancorp,"Glen Burnie Bancorp is a bank holding company. The Company through its subsidiary provides commercial & retail banking including acceptance of demand & time deposits and the origination of loans to individuals, associations, partnerships & corporations.",Banks,7,Financials,5
2034,GLDD,Great Lakes Dredge & Dock,"Great Lakes Dredge & Dock Corp is a provider of dredging services in the United States. The Company also owns specialty contracting service providers which offers environmental, remediation and geotechnical services throughout the USA.",Engineering & Construction,26,Industrials,7
2035,GLG,China Bat,"China Commercial Credit Inc., is a financial services company. It provides direct loans and loan guarantee services to small-to-medium sized businesses (SMEs), farmers and individuals in the city of Wujiang, Jiangsu Province.",Credit Services,22,Corporate Services,3
2036,GLIBA,GCI Liberty Common Stock,"GCI Liberty Inc is a holding company. It provides various wireless, data, video, voice, and managed services to residential customers, businesses, governmental entities, and educational and medical institutions in Alaska under the GCI brand.",Communication Services,17,Corporate Services,3
2044,GLP,Global Partners representing Limited Partner Interests,"Global Partners LP is a midstream logistics and marketing company. It is engaged in the purchasing, selling and logistics of transporting petroleum and related products, including domestic and Canadian crude oil, gasoline and gasoline blendstocks.",Oil & Gas - Midstream,48,Energy & Utilities,4
2046,GLPI,Gaming and Leisure Properties,"Gaming and Leisure Properties Inc is a self-managed Pennsylvania REIT. It is engaged in acquiring, financing, and owning real estate property to be leased to gaming operators in triple-net lease arrangements.",REITs,55,Financials,5
2048,GLRE,Greenlight Reinsurance,"Greenlight Capital Re Ltd conducts its reinsurance operations through underwriting traditional property and casualty reinsurance, and risk innovation and strategic partnerships. A majority of its business is sourced through reinsurance brokers.",Insurance - Specialty,38,Healthcare,6
2049,GLT,Glatfelter,"P.H. Glatfelter Co is a manufacturer of specialty papers and fiber-based engineered materials. It operates with three segments namely Composite Fibers, Advanced Airlaid Materials and Specialty Papers.",Forest Products,29,Materials,9
2053,GLW,Corning Incorporated,"Corning Inc is the leading manufacturer and supplier of specialty glass and ceramics. Its segments are Display Technologies, Optical Communications, Environmental Technologies, Specialty Materials and Life Sciences.",Computer Hardware,18,Information Technology,8
2054,GLYC,GlycoMimetics,GlycoMimetics Inc is a clinical stage biotechnology company. It is engaged in discovery and development of novel glycomimetic drugs to address unmet medical needs resulting from diseases in which carbohydrate biology plays a key role.,Biotechnology,10,Healthcare,6
2055,GM,General Motors Company,"General Motors Company is an American multinational corporation. It designs, builds and sells cars, trucks and automobile parts. The company also provides automotive financing services through General Motors Financial Company, Inc.",Autos,6,Industrials,7
2057,GME,GameStop,"GameStop Corp is an multichannel video game retailer. It sells new and pre-owned video game hardware, physical and digital video game software and accessories through GameStop, EB Games and Micromania stores.",Retail - Apparel & Specialty,58,Commercial Services & Supplies,0
2058,GMED,Globus Medical,Globus Medical Inc is a medical device company. It operates under two divisions that include innovative fusion and disruptive technology developing products for patients with musculoskeletal disorders for various treatment.,Medical Devices,40,Healthcare,6
2061,GMRE,Global Medical REIT,"Global Medical REIT Inc owns, operates, develops and manages specialty medical properties including medical office buildings, outpatient treatment & diagnostic facilities, physical group practice clinics, ambulatory surgery centers and treatment centers.",REITs,55,Financials,5
2062,GMS,GMS,"GMS Inc is a North American-based supplier of building materials. The company principally operates through three product lines: Wallboards, Ceilings, and Steel Framings. The majority of the company's revenue is generated by the Wallboard segment.",Building Materials,12,Materials,9
2066,GNE,Genie Energy B Stock,Genie Energy Ltd through its subsidiaries resells electricity and natural gas to residential and small business customers operating in the Mid-Atlantic and Midwestern United States. It also provides brokerage and advisory services to commercial customers.,Oil & Gas - E&P,46,Energy & Utilities,4
2067,GNK,Genco Shipping & Trading Limited New (Marshall Islands),"Genco Shipping & Trading Ltd is an international shipping company. It transports iron ore, coal, grain, steel products and other dry bulk cargoes along shipping routes through the ownership and operation of dry bulk carrier vessels.",Transportation & Logistics,63,Transportation & Logistics,12
2068,GNL,Global Net Lease,"Global Net Lease Inc is a real estate investment trust that manages a diversified portfolio of commercial real estate properties. It is engaged in the ownership, management, operating, lease, acquisition, investment in, and sale of the portfolio assets.",REITs,55,Financials,5
2071,GNPX,Genprex,Genprex Inc is a clinical stage gene therapy company. It develops therapies that carry cancer-fighting genes. Its initial product candidate is Oncoprex.,Biotechnology,10,Healthcare,6
2072,GNRC,Generac Holdlings,"Generac Holdings Inc is a designer and manufacturer of power generation equipment and other engine powered products. The company primarily serves the residential, light commercial, industrial and construction markets.",Industrial Products,34,Industrials,7
2074,GNTX,Gentex,"Gentex Corp designs and manufactures automatic-dimming rearview mirrors and electronics for the automotive industry, dimmable aircraft windows for the aviation industry, and commercial smoke alarms and signaling devices for the fire protection industry.",Autos,6,Industrials,7
2075,GNTY,Guaranty Bancshares,"Guaranty Bancshares Inc is a bank holding company providing commercial and consumer banking products and services, as well as mortgage, trust, and wealth management products and services.",Banks,7,Financials,5
2076,GNUS,Genius Brands International,Genius Brands International Inc is a media company that creates and licenses animated multimedia entertainment content. The company distributes its content in all formats as well as a broad range of consumer products based on its characters.,Entertainment,27,Healthcare,6
2077,GNW,Genworth Financial,"Genworth Financial Inc is a insurance holding company which operates in mortgage insurance and long-term care insurance. Its products include long-term care insurance, life insurance and fixed annuities businesses and others.",Insurance,35,Healthcare,6
2080,GOGO,Gogo,"Gogo Inc is a US-based in-flight connectivity systems and service provider. The company through aero communications, in-flight broadband, and wireless in-cabin digital entertainment solutions for the aviation industry across the world.",Communication Services,17,Corporate Services,3
2083,GOLF,Acushnet,"Acushnet Holdings Corp is engaged in the design, development, manufacture and distribution of performance-driven golf products.",Travel & Leisure,64,Transportation & Logistics,12
2084,GOOD,Gladstone Commercial,"Gladstone Commercial Corp is a real estate investment trust. The company is engaged in investing in and owning net leased industrial, commercial and retail real property and making long-term industrial and commercial mortgage loans.",REITs,55,Financials,5
2086,GOOGL,Alphabet,"Alphabet Inc is a provider of internet content products and portals. Its suite of brands includes Search, Android, YouTube, Apps, Maps & Ads.",Online Media,51,"Media, Marketing & Sales",10
2088,GORO,Gold Resource,"Gold Resource Corp is a US-based company that produces metal concentrates and dore. The metal concentrates contain gold, silver, copper, lead, and zinc, and the dore contains only gold and silver. The company operates in Oaxaca (Mexico) and Nevada (USA).",Metals & Mining,44,Industrials,7
2090,GPC,Genuine Parts Company,"Genuine Parts Co sells automotive parts, industrial and electrical components, and office products. The company sells bearings, power transmission, hydraulic and other products to its commercial and retail customers.",Retail - Apparel & Specialty,58,Commercial Services & Supplies,0
2091,GPI,1 Automotive,Group 1 Automotive Inc sells new and used cars and light trucks. Its activities include sale service and insurance contracts; provides automotive maintenance and repair services; and sell vehicle parts.,Autos,6,Industrials,7
2093,GPK,Graphic Packaging Holding Company,"Graphic Packaging Holding Co is a holding company engaged in providing paper-based packaging solutions to food, beverage and other consumer products companies. It is a producer of folding cartons in Europe, Americas and Asia Pacific.",Packaging & Containers,52,Commercial Services & Supplies,0
2096,GPMT,Granite Point Mortgage Trust,"Granite Point Mortgage Trust Inc focuses primarily on directly originating, investing in and managing senior floating-rate commercial mortgage loans and other debt and debt-like commercial real estate investments.",REITs,55,Financials,5
2097,GPN,Global Payments,"Global Payments Inc has interests in offering business solutions. Its primary activity includes payment solutions for merchants, value-added resellers, enterprise software providers, financial institutions and government agencies.",Business Services,13,Corporate Services,3
2098,GPOR,Gulfport Energy,"Gulfport Energy Corp is an independent oil and natural gas exploration and production company. It is engaged in the exploration, exploitation, acquisition and production of natural gas, natural gas liquids and crude oil in the United States.",Oil & Gas - E&P,46,Energy & Utilities,4
2099,GPP,Green Plains Partners,"Green Plains Partners LP is a mid-stream oil and gas company in the United States. It acquires revenues for the storage and transportation of ethanol on behalf of its parent company, Green Plains Inc.",Oil & Gas - Midstream,48,Energy & Utilities,4
2100,GPRE,Green Plains,"Green Plains Inc is an integrated ethanol producer. The company's business segments are Ethanol Production, Corn Oil Production, Agribusiness and Marketing and Distribution. Geographically, it generates its revenue from the United States.",Chemicals,14,Materials,9
2102,GPRO,GoPro,"GoPro Inc is a United States-based company engaged in the development and sale of cameras, mountable and wearable accessories and drones. The company has presence, including in the Americas, Europe, Middle East, Africa, and Asia-Pacific.",Computer Hardware,18,Information Technology,8
2103,GPS,Gap (The),"Gap Inc is a global apparel and accessories retailer. The company offers products for men, women, and children under various brands such as Gap, Banana Republic, Old Navy, Athleta, and Intermix.",Retail - Apparel & Specialty,58,Commercial Services & Supplies,0
2106,GRAM,Grana y Montero S.A.A. American Depositary Shares each representing five,"Grana y Montero SAA is a Peruvian engineering firm. It provides procurement, and construction services for sectors, including mining, power, infrastructure, hotels, and others.",Engineering & Construction,26,Industrials,7
2107,GRBK,Green Brick Partners,"Green Brick Partners Inc is a real estate development company. The company acquires and develops land, as well as providing land and construction financing to its controlled builders.",Real Estate Services,56,Professional Services,11
2108,GRC,Gorman-Rupp Company (The),"Gorman-Rupp Co designs, manufactures and sells pumps and related equipment for use in water, wastewater, construction, industrial, original equipment, agriculture, fire protection, heating, ventilating and other liquid-handling application.",Industrial Products,34,Industrials,7
2113,GRMN,Garmin,"Garmin Ltd designs, develops, manufactures, markets and distributes hand-held, wrist-based, portable, fixed-mount, positioning system enabled and other navigation, communication and sensor-based products.",Computer Hardware,18,Information Technology,8
2114,GRNQ,Greenpro Capital,"Greenpro Capital Corp operates and provides business solution services varying from cloud system resolution, financial consulting service and corporate accounting services to small and mid-size businesses. It also provides real estate services.",Business Services,13,Corporate Services,3
2115,GROW,U.S. Global Investors,US Global Investors Inc with and its subsidiaries provide investment advisory services and administrative services. The Company offers its services to U.S. Global Investors Funds.,Asset Management,5,Financials,5
2117,GRPN,Groupon,Groupon Inc offers marketing services by selling vouchers through online local marketplaces that can be redeemed for goods or services with third-party merchants. The company's segments include North America and International.,Online Media,51,"Media, Marketing & Sales",10
2121,GS,Goldman Sachs (The),Goldman Sachs Group Inc is engaged in capital market activities. Its services primarily include investment banking operations.,Brokers & Exchanges,11,Financials,5
2123,GSAT,Globalstar,Globalstar Inc is a telecommunications company based in the United States. It provides communications services such as two-way voice and data transmission.,Communication Services,17,Corporate Services,3
2125,GSBC,Great Southern Bancorp,"Great Southern Bancorp Inc is a bank holding company & a financial holding company. Its banking operation is engaged in the business of originating residential & commercial real estate loans, construction loans, commercial business loans & consumer loans.",Banks,7,Financials,5
2126,GSBD,Goldman Sachs BDC,"Goldman Sachs BDC Inc is a closed-end management investment company focused on lending to middle-market companies. Its objective is to generate current income, capital appreciation through direct originations of secured debt and second lien debt.",Credit Services,22,Corporate Services,3
2128,GSHD,Goosehead Insurance,"Goosehead Insurance Inc operates as an insurance agency. It offers home, auto, motorcycle, umbrella, flood, landlord, life, business, commercial auto, product liability, and recreational insurance services.",Insurance,35,Healthcare,6
2129,GSIT,GSI Technology,"GSI Technology Inc develops and markets high performance memory products, including ""Very Fast"" static random access memory, or SRAM, and low latency dynamic random access memory, or LDRAM.",Semiconductors,60,Materials,9
2138,GT,The Goodyear Tire & Rubber Company,"Goodyear Tire & Rubber Co is engaged in manufacturing of tires for various applications. The company's products are used in automobiles, trucks, buses, and others. It also manufactures and markets rubber-related chemicals for various applications.",Autos,6,Industrials,7
2139,GTE,Gran Tierra Energy,"Gran Tierra Energy Inc is an independent energy company. It is engaged in the acquisition, exploration, development, and production of oil and gas properties in Colombia producing light crude oil, with medium crude and natural gas.",Oil & Gas - E&P,46,Energy & Utilities,4
2140,GTES,Gates Industrial plc,Gates Industrial Corp PLC manufactures power transmission and fluid power products and components for industrial and automotive applications. It operates in two segments including Power Transmission and Fluid Power.,Industrial Products,34,Industrials,7
2141,GTHX,G1 Therapeutics,"G1 Therapeutics Inc is a clinical-stage biopharmaceutical company. It engages in developing novel, small-molecule therapies to target significant unmet needs to treat cancer.",Biotechnology,10,Healthcare,6
2142,GTIM,Good Times Restaurants,"Good Times Restaurants Inc through its wholly owned subsidiary is engaged in developing, owning, operating and franchising hamburger-oriented drive-through restaurants under the name Good Times Burgers and Frozen Custard.",Restaurants,57,Corporate Services,3
2143,GTLS,Chart Industries,"Chart Industries Inc is a manufacturer of engineered equipment for the industrial gas, energy and biomedical industries. Its segments include Energy and Chemicals, Distribution and Storage, and Biomedical.",Industrial Products,34,Industrials,7
2144,GTN,Gray Television,Gray Television Inc is a television broadcast company which owns and operates television stations and digital assets in United States.,Entertainment,27,Healthcare,6
2149,GTY,Getty Realty,"Getty Realty Corp is a real estate investment trust that owns, leases and finances convenience store and gasoline station properties which are operates under the brand names 76, Aloha, BP, Citgo, Conoco, Exxon, Getty, Mobil, Shell and Valero.",REITs,55,Financials,5
2151,GURE,Gulf Resources,"Gulf Resources Inc manufactures and trades bromine and crude salt, and manufactures and sells chemical products used in oil and gas field exploration, oil and gas distribution, oil field drilling, wastewater processing, papermaking chemical agents.",Chemicals,14,Materials,9
2154,GVA,Granite Construction Incorporated,"Granite Construction Inc is a diversified heavy civil contractors and construction materials producer in the United States. It is engaged in the construction and improvement of streets, roads, highways, mass transit facilities, airport and others.",Engineering & Construction,26,Industrials,7
2155,GVP,GSE Systems,GSE Systems Inc is a software solutions provider. Most of its revenue is generated through the sale of applications catering to training and consulting. It sells its products mainly in the United States.,Application Software,4,Information Technology,8
2160,GWRE,Guidewire Software,"Guidewire Software Inc is a provider of software products for property and casualty insurers. It provides Internet-based software platforms for core insurance operations, including underwriting and policy administration, claims management and billing.",Application Software,4,Information Technology,8
2161,GWRS,Global Water Resources,"Global Water Resources Inc is a water resource management company. It operates and manages water, wastewater and recycled water utilities in strategically located communities, principally in metropolitan Phoenix, Arizona.",Utilities - Regulated,67,Energy & Utilities,4
2162,GWW,W.W. Grainger,"W.W. Grainger Inc is a broad line, a business-to-business distributor of maintenance, repair and operating (MRO) supplies and other related products and services. Its services consist of contact centers, catalogs, inventory management solution and others.",Industrial Distribution,33,Industrials,7
2165,H,Hyatt Hotels,"Hyatt Hotels Corp develop, own, operate, manage, franchise, license, or provide services to a portfolio of properties, consisting of full-service hotels, select service hotels, resorts, and other properties.",Travel & Leisure,64,Transportation & Logistics,12
2166,HA,Hawaiian,"Hawaiian Holdings Inc provides air transportation for passengers and cargo. Routes are principally focused on transportation between the Hawaiian Islands, United States, and the South Pacific regions of Asia and Australia.",Airlines,3,Transportation & Logistics,12
2168,HAE,Haemonetics,"Haemonetics Corp is a health care company. It provides products enabling in the processing, handling and analysis of blood and portfolio of integrated devices and information management tools to improve clinical outcomes.",Medical Instruments & Equipment,43,Commercial Services & Supplies,0
2169,HAFC,Hanmi Financial,"Hanmi Financial Corp is a community bank conducting general banking business. It provides its services to small- to medium-sized businesses. It also offers insurance products such as; life, commercial, automobile, health, and property and casualty.",Banks,7,Financials,5
2170,HAIN,The Hain Celestial,"The Hain Celestial Group Inc manufactures, markets, and sells natural, GMO (genetically modified organism)-free, and organic products across several foods, beverage, and personal-care categories.",Consumer Packaged Goods,21,Consumer Staples,2
2172,HAL,Halliburton Company,"Halliburton Co is a provider of services and products to the upstream oil and natural gas industry throughout the lifecycle of the reservoir, from locating hydrocarbons and managing geological data, to drilling and formation evaluation.",Oil & Gas - Services,50,Commercial Services & Supplies,0
2173,HALL,Hallmark Financial Services,"Hallmark Financial Services Inc is an insurance holding company, which is engaged in the sale of property and casualty insurance products to businesses and individuals. The Specialty Commercial segment generates maximum revenue for the company.",Insurance - Property & Casualty,37,Healthcare,6
2174,HALO,Halozyme Therapeutics,Halozyme Therapeutics Inc is a biotechnology company. It is engaged in research on human enzymes that alter the extracellular matrix and tumor environment.,Biotechnology,10,Healthcare,6
2175,HAS,Hasbro,"Hasbro Inc provides children and family leisure time and entertainment products and services which includes manufacturing and marketing of games and toys. It reaches customers by leveraging its well-known brands such as Transformers, Monopoly, and Nerf.",Travel & Leisure,64,Transportation & Logistics,12
2176,HASI,Hannon Armstrong Sustainable Infrastructure Capital,Hannon Armstrong Sustainable Infrastructure Capital Inc is a specialty finance company. It provides debt and equity financing to energy efficiency and renewable energy markets.,REITs,55,Financials,5
2177,HAYN,Haynes International,"Haynes International Inc is a producer of nickel and cobalt-based alloys in sheet, coil and plate forms. It is engaged in the developing, manufacturing, marketing and distribution of alloys.",Industrial Products,34,Industrials,7
2178,HBAN,Huntington Bancshares Incorporated,"Huntington Bancshares Inc is a multi-state financial holding company. It provides full-service commercial, small business, consumer, and mortgage banking services, as well as automobile financing, investment management services, and among others.",Banks,7,Financials,5
2179,HBB,Hamilton Beach Brands Holding Company,"Hamilton Beach Brands Holding Co, through its subsidiaries, is engaged in consumer, commercial and specialty small appliances and specialty retail. The company earns maximum revenue from the sale of appliances.",Computer Hardware,18,Information Technology,8
2180,HBCP,Home Bancorp,Home Bancorp Inc is a bank holding company. It attracts deposits from the general public and uses those funds to invest in loans and securities.,Banks,7,Financials,5
2181,HBI,Hanesbrands,"Hanesbrands Inc designs, manufactures, sources and sells apparel essentials such as t-shirts, innerwear, casualwear, activewear, socks and hosiery. It markets its products under the brand names of Hanes, Champion, and Maidenform.",Manufacturing - Apparel & Furniture,39,Industrials,7
2182,HBIO,Harvard Bioscience,"Harvard Bioscience Inc is a developer, manufacturer and marketer of scientific instruments, systems and lab consumables used to advance life science for basic research, drug discovery, clinical and environmental testing.",Medical Instruments & Equipment,43,Commercial Services & Supplies,0
2186,HBNC,Horizon Bancorp,"Horizon Bancorp (IN) is a holding company providing banking services through its Horizon Bank N.A. It provides retail banking services as well as commercial loans, real estate loans, mortgage warehouse loans, consumer loans and other credit facilities.",Banks,7,Financials,5
2188,HCA,HCA Healthcare,"HCA Healthcare Inc is a health care services company. It operates general acute care hospitals, psychiatric hospitals, and rehabilitation hospitals. The company also operates freestanding surgery centers.",Health Care Providers,31,Healthcare,6
2190,HCC,Warrior Met Coal,"Warrior Met Coal Inc produces and exports metallurgical coal for the steel industry. The company has underground mines located in Brookwood, Alabama, southwest of Birmingham and near Tuscaloosa.",Coal,15,Energy & Utilities,4
2191,HCCI,Heritage-Crystal Clean,"Heritage-Crystal Clean, Inc provides parts cleaning, used oil re-refining and hazardous and non-hazardous waste services to small and mid-sized customers in both the manufacturing and vehicle service sectors.",Industrial Products,34,Industrials,7
2194,HCI,HCI,"HCI Group Inc is a Florida-based company property and casualty insurance company. Its operations are divided into four divisions property and casualty insurance, reinsurance, real estate, and information technology.",Insurance - Property & Casualty,37,Healthcare,6
2195,HCKT,The Hackett,The Hackett Group Inc is an intellectual property-based strategic consultancy and enterprise benchmarking and practices implementation firm to global companies. It has one operating segment of Business and Technology Consulting Services.,Business Services,13,Corporate Services,3
2198,HCP,HCP,"HCP Inc is a real estate investment trust. It invests in real estate serving the healthcare industry in the U.S. It acquires, develops, leases, manages and disposes of healthcare real estate and provides financing to healthcare providers.",REITs,55,Financials,5
2199,HCSG,Healthcare Services,"Healthcare Services Group Inc provides management, administrative and operating expertise and services to the housekeeping, laundry, linen, facility maintenance and dietary service departments of the health care industry in United States.",Business Services,13,Corporate Services,3
2200,HD,Home Depot (The),"The Home Depot Inc is a home improvement specialty retailer. Its stores sell an assortment of building materials, home improvement and lawn and garden products and provide a number of services.",Retail - Apparel & Specialty,58,Commercial Services & Supplies,0
2203,HDSN,Hudson,Hudson Technologies Inc is an industrial products manufacturer. Its core products are refrigerants and industrial gases which are used for commercial air conditioning and processing.,Industrial Products,34,Industrials,7
2204,HE,Hawaiian Electric Industries,"Hawaiian Electric Industries Inc is engaged in generating, purchasing, transmission, distribution and selling of electric energy in the State of Hawaii.",Utilities - Regulated,67,Energy & Utilities,4
2205,HEAR,Turtle Beach,"Turtle Beach Corp is mainly a provider of audio peripherals in the United States. Its products have application across various platforms such as gaming consoles, personal computers, and mobile phones.",Communication Equipment,16,Information Technology,8
2208,HEES,H&E Equipment Services,"H&E Equipment Services Inc is an integrated equipment services company. It rents, sells and provides parts and service support for hi-lift or aerial work platform equipment, cranes, earthmoving equipment, and industrial lift trucks categories.",Consulting & Outsourcing,20,Professional Services,11
2209,HEI,Heico,"Heico Corp through its subsidiaries is engaged in manufacturing electronic equipment for the aviation, defense, space, medical, telecommunications and electronics industries throughout the United States and internationally.",Aerospace & Defense,1,Transportation & Logistics,12
2211,HELE,Helen of Troy Limited,"Helen Of Troy Ltd is a consumer products company. It designs, develops, imports and distributes Housewares, Healthcare / Home Environment, and Personal Care products.",Consumer Packaged Goods,21,Consumer Staples,2
2212,HEP,Holly Energy Partners,"Holly Energy Partners LP is engaged in operating a system of petroleum product and crude oil pipelines, storage tanks, distribution terminals and loading rack facilities.",Oil & Gas - Midstream,48,Energy & Utilities,4
2214,HES,Hess,"Hess Corp is an oil and gas company involved in the exploration, development, production, transportation, purchase and sale of crude oil, natural gas liquids, and natural gas with production operations.",Oil & Gas - E&P,46,Energy & Utilities,4
2215,HESM,Hess Midstream Partners Representing Limited Partner Interests,"Hess Midstream Partners LP owns, operates, develops and acquires a diverse set of midstream assets to provide services to Hess and third-party customers. Its segments are Gathering, Processing and Storage and Terminaling and Export.",Oil & Gas - Midstream,48,Energy & Utilities,4
2219,HFBL,Home Federal Bancorp of Louisiana,"Home Federal Bancorp Inc of louisiana operates as the holding company for Home Federal Bank. It offers financial services to individuals, corporate entities and other organizations in northwest Louisiana.",Banks,7,Financials,5
2222,HFWA,Heritage Financial,Heritage Financial Corp is a bank holding company. The company through its subsidiary provides commercial lending and deposit relationships with small businesses and their owners in its market areas and attracting deposits from the general public.,Banks,7,Financials,5
2224,HGV,Hilton Grand Vacations,"Hilton Grand Vacations Inc. is a timeshare company that markets and sells vacation ownership intervals (VOI), manages resorts in leisure and urban destinations, and operates a points-based vacation club.",Travel & Leisure,64,Transportation & Logistics,12
2225,HHC,The Howard Hughes,The Howard Hughes Corp is a real estate company. It is in the development of master planned communities and other strategic real estate development opportunities across the United States.,Real Estate Services,56,Professional Services,11
2226,HHS,Harte-Hanks,"Harte-Hanks Inc is a multi-channel marketing company. The marketing services offered include agency and digital services, database marketing solutions and business-to-business lead generation, direct mail and contact centers.",Advertising & Marketing Services,0,"Media, Marketing & Sales",10
2227,HI,Hillenbrand,"Hillenbrand Inc is a diversified industrial company that makes and sells premium business-to-business products and services. Its segments include, the Process Equipment Group and Batesville.",Industrial Products,34,Industrials,7
2228,HIBB,Hibbett Sports,"Hibbett Sports Inc is a United States-based operator of sporting goods retail stores in small to mid-sized markets mainly in the Southeast, Southwest, Mid-Atlantic and the Midwest.",Retail - Apparel & Specialty,58,Commercial Services & Supplies,0
2232,HIG,Hartford Financial Services (The),Hartford Financial Services Group Inc provides insurance and financial services to individual and business customers in the United States.,Insurance,35,Healthcare,6
2234,HII,Huntington Ingalls Industries,"Huntington Ingalls Industries Inc is engaged in designing, building, overhauling & repairing ships for United States Navy and Coast Guard. The company also provides refueling and complex overhaul services for nuclear-powered aircraft carriers.",Aerospace & Defense,1,Transportation & Logistics,12
2240,HIW,Highwoods Properties,"Highwoods Properties Inc is a real estate investment trust. The firm provides leasing, management, development, construction and other customer-related services for its properties and for third parties.",REITs,55,Financials,5
2244,HL,Hecla Mining Company,"Hecla Mining Co produces lead, zinc and bulk concentrates, which it sells to custom smelters, and unrefined bullion bars containing gold and silver, which are further refined before sale to precious metals traders.",Metals & Mining,44,Industrials,7
2245,HLF,Herbalife Nutrition,"Herbalife Nutrition Ltd is a nutrition company. The company has five revenue segments: Weight Management; Targeted Nutrition; Energy, Sports, and Fitness; Outer Nutrition; and Literature, Promotional, and Other.",Consumer Packaged Goods,21,Consumer Staples,2
2247,HLI,Houlihan Lokey,"Houlihan Lokey Inc is an investment bank with expertise in mergers and acquisitions, capital markets and strategic consulting. It operates in three segments namely, Corporate Finance, Financial Restructuring and Financial Advisory Services.",Brokers & Exchanges,11,Financials,5
2248,HLIT,Harmonic,"Harmonic Inc designs, manufactures and sells video infrastructure products and system solutions. It enables service providers to efficiently deliver the next generation of broadcast and on-demand services.",Communication Equipment,16,Information Technology,8
2249,HLNE,Hamilton Lane Incorporated,"Hamilton Lane Inc is a holding company. The Company through its holdings is a registered investment adviser providing asset management and advisory services, primarily to institutional investors, to design, build and manage private markets portfolios.",Asset Management,5,Financials,5
2250,HLT,Hilton Worldwide,"Hilton Worldwide Holdings Inc operates hotels and resorts. The company manages a total or approximately 750,000 rooms across over 10 brands. Some of its brands include Hampton, Hilton, Home2, Curio, Canopy, and Tru.",Travel & Leisure,64,Transportation & Logistics,12
2251,HLTH,Nobilis Health,"Nobilis Health Corp is a full-service healthcare development and management company, with 24 locations across Texas and Arizona, including 4 hospitals, 10 ASCs and 10 clinics. It also partners with another 35 facilities.",Health Care Providers,31,Healthcare,6
2252,HLX,Helix Energy Solutions,"Helix Energy Solutions Group Inc is an offshore energy services company that provides specialty services to the offshore energy industry, with emphasis on well intervention and robotics operations.",Oil & Gas - Services,50,Commercial Services & Supplies,0
2258,HMN,Horace Mann Educators,"Horace Mann Educators Corp is an insurance holding company. The company markets and underwrites personal lines of property and casualty insurance, retirement products and life insurance in the United States of America.",Insurance,35,Healthcare,6
2259,HMNF,HMN Financial,"HMN Financial Inc is a stock savings bank holding company that owns 100% of Home Federal Savings Bank. It operates retail banking and loan production facilities in Minnesota, Iowa, and Wisconsin.",Banks,7,Financials,5
2261,HMST,HomeStreet,HomeStreet Inc is a diversified financial services company. It is engaged in real estate lending. Its operating segment includes Commercial and Consumer Banking Segment and Mortgage Banking Segment.,Banks,7,Financials,5
2267,HNI,HNI,"HNI Corp provides office furniture and hearth products. It manufactures and markets products including metal and wood commercial and home office furniture and gas, electric, wood and biomass burning fireplaces and stoves for home.",Industrial Products,34,Industrials,7
2268,HNNA,Hennessy Advisors,"Hennessy Advisors Inc is a publicly traded investment management firm. The Company is engaged in managing, servicing and marketing open-end mutual funds, the Hennessy Funds.",Asset Management,5,Financials,5
2270,HNRG,Hallador Energy Company,"Hallador Energy Co is primarily a coal mining company with operations in Indiana, USA, and it is part of the electric power generation industry. The company also has equity interests in oil and gas exploration companies in both Indiana and Michigan.",Coal,15,Energy & Utilities,4
2272,HOFT,Hooker Furniture,"Hooker Furniture Corp is a designer, marketer, importer of casegoods, leather and fabric-upholstered furniture for the residential, hospitality and contract markets. It also manufactures residential custom leather- and custom fabric-upholstered furniture.",Manufacturing - Apparel & Furniture,39,Industrials,7
2273,HOG,Harley-Davidson,"Harley-Davidson Inc produces and sells heavyweight motorcycles, as well as offers motorcycle parts, accessories, and related services. It operates in two segments, Motorcycles and Related Products, and Financial Services.",Autos,6,Industrials,7
2275,HOLX,Hologic,"Hologic Inc develops, manufactures and supplies diagnostics products, medical imaging systems and surgical products for women's health. Its products are used in diagnosis of human diseases and screen donated human blood and plasma.",Medical Instruments & Equipment,43,Commercial Services & Supplies,0
2276,HOMB,Home BancShares,"Home BancShares Inc is active in the financial services sector in the United States. The bank provides a broad range of commercial and retail banking, as well as related financial services. The bank's main source of net revenue is net interest income.",Banks,7,Financials,5
2278,HON,Honeywell International,"Honeywell International Inc is a diversified technology and manufacturing company serving customers with aerospace products and services, energy efficient products and solutions, specialty chemicals, electronic, refining and petrochemicals.",Industrial Products,34,Industrials,7
2279,HONE,HarborOne Bancorp,"HarborOne Bancorp Inc is a bank holding company. The company through its subsidiary offers traditional deposit accounts, including checking accounts, savings accounts, money market accounts and certificate of deposit accounts.",Banks,7,Financials,5
2280,HOPE,Hope Bancorp,Hope Bancorp Inc operates in the financial service sector. It provides banking products to small and medium-sized businesses.,Banks,7,Financials,5
2282,HOV,Hovnanian Enterprises,"Hovnanian Enterprises Inc is an American construction company. It designs, constructs, markets and sells single-family detached homes, attached townhomes and condominiums, urban infill and active lifestyle homes in planned residential developments.",Homebuilding & Construction,32,Energy & Utilities,4
2283,HP,Helmerich & Payne,"Helmerich & Payne Inc is engaged in contract drilling of oil and gas wells for oil and gas exploration and production companies. Its business comprises of three reportable segments, U.S. Land, Offshore and International Land.",Oil & Gas - Drilling,45,Energy & Utilities,4
2284,HPE,Hewlett Packard Enterprise Company,"Hewlett Packard Enterprise Co is a communication equipment company that provides servers, storage, networking and technology services. Its business segments are Enterprise Group, Software, Enterprise Services, Financial Services and Corporate Investments.",Communication Equipment,16,Information Technology,8
2288,HPP,Hudson Pacific Properties,"Hudson Pacific Properties Inc is a real estate investment trust engaged in owning, operating and acquiring office properties and media and entertainment properties in selected growth markets in Northern and Southern California and the Pacific Northwest.",REITs,55,Financials,5
2289,HPQ,HP,"HP Inc provides products, technologies, software, solutions and services to individual consumers, small- and medium-sized businesses including customers in the government, health and education sectors.",Computer Hardware,18,Information Technology,8
2294,HQY,HealthEquity,"HealthEquity Inc is a technology-enabled services platform that empowers consumers to make healthcare saving and spending decisions. Its products & services include healthcare saving & spending platform, health savings accounts, and healthcare incentives.",Application Software,4,Information Technology,8
2295,HR,Healthcare Realty Trust Incorporated,"Healthcare Realty Trust Inc is a healthcare facility real estate investment trust. It focuses on owning, leasing, and managing outpatient facilities and other healthcare properties. It generates all of its revenue in the United States.",REITs,55,Financials,5
2296,HRB,H&R Block,"H&R Block Inc is a consumer tax services provider. It provides assisted income tax return preparation, digital do-it-yourself tax solutions and other services and products related to income tax return preparation to the public in the United States.",Personal Services,53,Professional Services,11
2298,HRI,Herc,"Herc Holdings Inc is an engaged in the industrial equipment rental business. Its fleet include aerial, earthmoving, material handling, trucks and trailers and lighting. It also provides pumping solutions, power generation, climate control equipment.",Consulting & Outsourcing,20,Professional Services,11
2299,HRL,Hormel Foods,"Hormel Foods Corp is engaged in manufacturing and sale of variety of food products primarily, pork and turkey and the marketing of those products throughout the United States and internationally.",Consumer Packaged Goods,21,Consumer Staples,2
2300,HROW,Harrow Health,"Imprimis Pharmaceuticals Inc is engaged in the development, production and sale of medications that offer competitive advantages and serve unmet needs. The company intends to deliver high-quality medications to physicians and patients.",Drug Manufacturers,23,Industrials,7
2302,HRTG,Heritage Insurance,"Heritage Insurance Holdings Inc is a property and casualty insurance holding company. The company provides personal residential insurance for single-family homeowners and condominium owners, rental property insurance and commercial residential insurance.",Insurance - Property & Casualty,37,Healthcare,6
2303,HRTX,Heron Therapeutics,"Heron Therapeutics Inc is a biotechnology company, developing products to address unmet medical needs. It is developing novel, patient-focused solutions that apply its science and technologies to already-approved pharmacological agents.",Drug Manufacturers,23,Industrials,7
2304,HRZN,Horizon Technology Finance,"Horizon Technology Finance Corp is a specialty finance company that lends to and invests in development-stage companies in the technology, life science, healthcare information and services and cleantech industries, referred to as Target Industries.",Asset Management,5,Financials,5
2306,HSC,Harsco,"Harsco Corp is a provider of industrial services and engineered products. The company has three reportable segment namely Harsco Metals and Minerals, Harsco Industrial and Harsco Rail.",Metals & Mining,44,Industrials,7
2307,HSDT,Helius Medical,"Helius Medical Technologies Inc is engaged in the business of medical technology industry. The Company's operations include the development, licensing and acquisition of non-invasive platform technologies.",Medical Devices,40,Healthcare,6
2309,HSIC,Henry Schein,"Henry Schein Inc is a provider of healthcare products and services to office-based dental, animal health and medical practitioners. The company also serves dental laboratories, government and institutional health care clinics.",Medical Distribution,42,Healthcare,6
2310,HSII,Heidrick & Struggles International,"Heidrick & Struggles International Inc is an advisory firm providing executive search, leadership consulting and culture shaping services.",Employment Services,25,Professional Services,11
2311,HSKA,Heska,"Heska Corp is engaged in developing, manufacturing, marketing, selling and supporting veterinary products. The Company's core focus is on the canine and feline companion animal health markets.",Medical Diagnostics & Research,41,Healthcare,6
2312,HSON,Hudson Global,"Hudson Global Inc is a staffing firm that provides permanent recruitment, contract consulting, legal eDiscovery, recruitment process outsourcing and talent management solutions. It also provides other recruitment and talent-related solutions.",Employment Services,25,Professional Services,11
2313,HST,Host Hotels & Resorts,Host Hotels & Resorts Inc is a lodging real estate investment trust. It owns properties and conducts operations. Its properties include luxury and upper-upscale hotels.,REITs,55,Financials,5
2314,HSTM,HealthStream,"HealthStream Inc provides software-as-a-service-based workforce development solutions for healthcare organizations. Its segment includes Healthstream workforce solutions, Healthstream patient experience solutions, and Healthstream provider solutions.",Application Software,4,Information Technology,8
2315,HSY,The Hershey Company,"The Hershey Co operates as a confectionery manufacturer in the United States engaged in the chocolate industry. The firm has more than 80 brands, including Hershey's, Reese's, Kit Kat, Twizzlers, and Ice Breakers with a business presence across the world.",Consumer Packaged Goods,21,Consumer Staples,2
2316,HT,Hersha Hospitality Trust of Beneficial Interest,"Hersha Hospitality Trust is a self-advised Maryland real estate investment trust. It invests in institutional hotels in urban markets including New York, Washington DC, and South Florida. Its portfolio consists of approximately 46 full service properties.",REITs,55,Financials,5
2318,HTBI,HomeTrust Bancshares,"HomeTrust Bancshares Inc is a bank holding company. It is engaged in attracting deposits from public & investing funds, along with borrowed funds, in loans secured by first & second mortgages on one-to four-family residences.",Banks,7,Financials,5
2319,HTBK,Heritage Commerce,"Heritage Commerce Corporation operates as a bank holding company. The company through its subsidiary offers commercial banking services to small and medium-sized businesses and their owners, managers and employees.",Banks,7,Financials,5
2322,HTGC,Hercules Capital,"Hercules Capital Inc is a specialty finance company engaged in providing senior secured venture growth loans to high-growth, venture capital-backed companies in technology, life sciences and sustainable and renewable technology industries.",Banks,7,Financials,5
2323,HTGM,HTG Molecular Diagnostics,HTG Molecular Diagnostics Inc is a commercial stage company. It develops & markets a novel technology platform to facilitate the routine use of complex molecular profiling with its focus on clinical applications.,Medical Diagnostics & Research,41,Healthcare,6
2324,HTH,Hilltop,"Hilltop Holdings Inc is a diversified financial holding company. It provides business and consumer banking services from offices located throughout Texas. It also provides broker-dealer, mortgage origination, and insurance segments.",Banks,7,Financials,5
2326,HTLD,Heartland Express,"Heartland Express Inc is a short-to-medium-haul truckload carrier of general commodities. The company provides transportation service to shippers, using late-model equipment and a combined fleet of company-owned and owner-operator tractors.",Transportation & Logistics,63,Transportation & Logistics,12
2327,HTLF,Heartland Financial USA,Heartland Financial USA Inc is a multi-bank holding company. The company through its subsidiaries provides commercial and retail banking to individuals and businesses in the communities across the United States.,Banks,7,Financials,5
2329,HTZ,Hertz Global,"Hertz Global Holdings Inc is engaged in car rental and leasing through the Hertz, Dollar, Thrifty, and Firefly brands. The company operates in countries, including locations in North America, Europe, and Asia.",Consulting & Outsourcing,20,Professional Services,11
2330,HUBB,Hubbell,"Hubbell Inc is engaged in designing, manufacturing and sale of electrical and electronic products for non-residential and residential construction, industrial and utility applications. The company's business segments are Electrical and Power.",Computer Hardware,18,Information Technology,8
2331,HUBG,Hub,"Hub Group Inc is an asset-light freight transportation management company, which offers intermodal, truck brokerage and logistics services in the United States, Canada, and Mexico.",Transportation & Logistics,63,Transportation & Logistics,12
2332,HUBS,HubSpot,"HubSpot Inc provides a cloud-based inbound marketing and sales platform which features integrated applications to help businesses attract visitors to websites, convert visitors into leads, close leads into customers and delight customers.",Application Software,4,Information Technology,8
2334,HUM,Humana,"Humana Inc is a health care company that offers insurance products and health and wellness services. Its segments include Retail, Employer Group and Healthcare Services.",Health Care Plans,30,Healthcare,6
2335,HUN,Huntsman,Huntsman Corp acts as a manufacturer of differentiated organic chemical products and of inorganic chemical products. Its products mainly comprise a broad range of chemicals and formulations which are used in various applications.,Chemicals,14,Materials,9
2337,HURC,Hurco Companies,"Hurco Companies Inc is an industrial technology company that designs, manufactures and sells computerized machine tools, consisting of vertical machining centers (mills) and turning centers (lathes), to companies in the metal working industry.",Computer Hardware,18,Information Technology,8
2338,HURN,Huron Consulting,"Huron Consulting Group Inc is a provider of operational and financial consulting services. The company helps clients in various industries to improve performance, transform the enterprise, reduce costs, leverage technology, recover from distress.",Business Services,13,Corporate Services,3
2339,HUSA,Houston American Energy,"Houston American Energy Corp is an independent oil and gas company. The Company is engaged in the development, exploration, exploitation, acquisition and production of natural gas and crude oil properties in the U.S. Gulf Coast region and South America.",Oil & Gas - E&P,46,Energy & Utilities,4
2341,HVBC,HV Bancorp,HV Bancorp Inc is a holding company of Huntingdon Valley Bank. The Company through its holding operates as a community-oriented bank offering financial products and services to meet the needs of its customers.,Banks,7,Financials,5
2342,HVT,Haverty Furniture Companies,"Haverty Furniture Companies Inc is a retailer of residential furniture and accessories. It sells home furnishings in its retail stores and via its website and offers mattresses products such as Sealy, Serta, Stearns & Foster, and Tempur-Pedic.",Retail - Apparel & Specialty,58,Commercial Services & Supplies,0
2344,HWBK,Hawthorn Bancshares,"Hawthorn Bancshares Inc is a bank holding company. The company through its subsidiary, Union State Bancshares, Inc. is engaged in providing financial products and services.",Banks,7,Financials,5
2345,HWC,Hancock Whitney,"Hancock Whitney Corp operates bank offices and financial centers. The company offers financial products and services, including traditional and online banking; commercial and small business banking; private banking; trust and investment services.",Banks,7,Financials,5
2347,HWKN,Hawkins,"Hawkins Inc distributes bulk chemicals and blends, manufactures and distributes specialty chemicals for its customers in various industries. The company conduct its business in three segments, Industrial, Water Treatment and Health and Nutrition.",Chemicals,14,Materials,9
2349,HXL,Hexcel,"Hexcel Corp is a composites company. It develops, manufactures and markets composites, including carbon fibers, reinforcements, honeycomb, adhesives and composite structures, for use in Commercial Aerospace, Space and Defense, and Industrial markets.",Aerospace & Defense,1,Transportation & Logistics,12
2350,HY,Hyster-Yale Materials Handling,"Hyster-Yale Materials Handling Inc designs, engineers, manufactures, sells, and services a line of lift trucks, attachments, and aftermarket parts. It also manufactures components, such as frames, masts, and transmissions.",Truck Manufacturing,65,Industrials,7
2351,HYAC,Haymaker Acquisition,"Haymaker Acquisition Corp is a blank check company. It is formed for the purpose of effecting a merger, capital stock exchange, asset acquisition, stock purchase, reorganization, or similar business combination with one or more businesses.",Conglomerates,19,Industrials,7
2357,HZNP,Horizon Pharma plc,"Horizon Pharma PLC is a pharmaceutical company. The company focuses on researching, developing and commercializing medicines that address unmet treatment needs for rare and rheumatic diseases.",Drug Manufacturers,23,Industrials,7
2358,HZO,MarineMax (FL),"MarineMax Inc is a recreational boat and yacht dealer in the United States. The company offers new and used recreational boats and related marine products, including engines, trailers, parts, and accessories.",Retail - Apparel & Specialty,58,Commercial Services & Supplies,0
2360,IAC,IAC/InterActiveCorp,"IAC/InterActiveCorp is an Internet media company engaged in a variety of businesses. It's business segments include Match Group, HomeAdvisor, video, applications, publishing, and other.",Online Media,51,"Media, Marketing & Sales",10
2364,IART,Integra LifeSciences,"Integra Lifesciences Holdings Corp is engaged in development, manufacturing, and marketing of product lines from its technology for applications ranging from burn and deep tissue wounds to repair of dura mater in the brain to repair of nerve and tendon.",Medical Devices,40,Healthcare,6
2366,IBCP,Independent Bank,"Independent Bank Corp (Ionia MI) is a bank holding company. It offers products & services, including checking and savings accounts, commercial lending, direct and indirect consumer financing, mortgage lending and safe deposit box services.",Banks,7,Financials,5
2367,IBIO,iBio,"iBio Inc is a biotechnology company. It is engaged in commercializing its proprietary platform technologies, iBioLaunch for vaccines and therapeutic proteins & iBioModulator for vaccine enhancement and developing select product candidates.",Biotechnology,10,Healthcare,6
2369,IBKR,"Interactive Brokers Group,","Interactive Brokers Group Inc is an automated electronic broker and market maker engaged in routing orders and executing and processing trades in securities, futures, foreign exchange instruments, and mutual funds.",Brokers & Exchanges,11,Financials,5
2370,IBM,International Business Machines,"International Business Machines Corp offers a variety of IT services along with software, and hardware. It has operations in over 170 countries and provides planning, build, manage, and maintain IT infrastructure, platforms, applications, and services.",Application Software,4,Information Technology,8
2372,IBOC,International Bancshares,International Bancshares Corp is a financial holding company. It mainly provides retail and commercial banking to small and medium-size businesses. The company generates net revenue primarily through net interest income.,Banks,7,Financials,5
2373,IBP,Installed Building Products,"Installed Building Products Inc is engaged in the installation of insulation, garage doors, rain gutters, shower doors, closet shelving and mirrors, and other products in the continental United States.",Building Materials,12,Materials,9
2374,IBTX,Independent Bank,"Independent Bank Group Inc is a bank holding company. It provides relationship-driven commercial banking products and services to businesses, professionals, and individuals.",Banks,7,Financials,5
2375,ICAD,iCad,"icad Inc is a provider of image analysis, work flow solutions and radiation therapy for early identification and treatment of cancer. The company has cancer detection and cancer therapy segments.",Application Software,4,Information Technology,8
2377,ICCC,ImmuCell,"ImmuCell Corp is engaged in the development, acquisition, manufacture and sale of products that improve the health and productivity of cows for the dairy and beef industries. Its products include First Defense, Wipe Out Dairy Wipes and CMT.",Biotechnology,10,Healthcare,6
2378,ICCH,ICC,"ICC Holdings Inc is a specialty insurance carrier primarily underwriting commercial multi-peril, liquor liability, workers' compensation, and umbrella liability coverages for the food and beverage industry.",Insurance - Specialty,38,Healthcare,6
2379,ICD,Independence Contract Drilling,Independence Contract Drilling Inc provides land-based contract drilling services for oil and natural gas producers targeting unconventional resource plays in the United States.,Oil & Gas - Drilling,45,Energy & Utilities,4
2380,ICE,Intercontinental Exchange,"Intercontinental Exchange Inc is an operator of regulated exchanges, clearing houses and listings venues, and a provider of data services for commodity and financial markets. It serves the risk management needs of global markets.",Brokers & Exchanges,11,Financials,5
2381,ICFI,ICF International,"ICF International Inc provides professional services and technology-based solutions to government and commercial clients, including management, technology, and policy consulting and implementation services.",Business Services,13,Corporate Services,3
2382,ICHR,Ichor,"Ichor Holdings Ltd is engaged in the design, engineering and manufacturing of critical fluid delivery subsystems for semiconductor capital equipment.",Semiconductors,60,Materials,9
2387,ICPT,Intercept Pharmaceuticals,"Intercept Pharmaceuticals Inc is a biopharmaceutical company. It is focused on the development and commercialization of novel therapeutics to treat non-viral, progressive liver diseases with high unmet medical need.",Biotechnology,10,Healthcare,6
2388,ICUI,ICU Medical,"ICU Medical Inc is engaged in the development, manufacture and sale of medical devices used in infusion therapy, oncology and critical care applications. Its products include needlefree connectors, nanoclave, chemoclock, chemoclave, and among others.",Medical Instruments & Equipment,43,Commercial Services & Supplies,0
2389,IDA,IDACORP,"Idacorp Inc is engaged in the generation, transmission, distribution, sale and purchase of electric energy regulated by the state regulatory commissions and the FERC. The company's segment is utility operations.",Utilities - Regulated,67,Energy & Utilities,4
2390,IDCC,InterDigital,InterDigital Inc functions within the communication segment. It develops technologies that enable and enhance wireless communications.,Communication Services,17,Corporate Services,3
2392,IDEX,Ideanomics,Seven Stars Cloud Group Inc is a next generation artificial Intelligent and blockchain powered fintech company. It provides asset owners and holders a seamless method and platform for digital asset securitization and digital currency tokenization.,Application Software,4,Information Technology,8
2393,IDN,Intellicheck,"Intellicheck Inc is a technology company. It is engaged in developing, integrating and marketing identity authentication systems for applications including mobile & handheld access control and security systems for the government & commercial markets.",Application Software,4,Information Technology,8
2397,IDT,IDT B,"IDT Corp provides telecommunications services to consumers and businesses, wholesale carrier services and local, long distance and wireless services.",Communication Services,17,Corporate Services,3
2399,IDXG,Interpace Diagnostics,"Interpace Diagnostics Group Inc is engaged in developing and commercializing molecular diagnostic tests, leveraging the latest technology and personalized medicine for diagnosis and management.",Medical Diagnostics & Research,41,Healthcare,6
2400,IDXX,IDEXX Laboratories,"IDEXX Laboratories Inc develops, manufactures and distributes products and provide services for companion animal veterinary, livestock and poultry, dairy and water testing markets.",Medical Diagnostics & Research,41,Healthcare,6
2403,IEP,Icahn Enterprises,Icahn Enterprises LP owns a diverse range of businesses in the United States. Its most revenue generating segment is the Automotive segment.,Conglomerates,19,Industrials,7
2404,IESC,IES,IES Holdings Inc is a holding company. The company owns and manages operating subsidiaries comprised of provider of industrial products and infrastructure services to a variety of end markets.,Engineering & Construction,26,Industrials,7
2405,IEX,IDEX,"IDEX Corp produces and distributes flow meters, injectors, and other fluid-handling pump modules. Its business segments are Fluid and Metering Technologies, Health and Science Technologies and Fire and Safety/Diversified Products.",Industrial Products,34,Industrials,7
2406,IFF,Internationa Flavors & Fragrances,"International Flavors & Fragrances Inc is engaged in manufacturing and supplying of flavors and fragrances for the food, beverage, personal care and household products industries either in the form of compounds or individual ingredients.",Chemicals,14,Materials,9
2420,IHT,InnSuites Hospitality Trust Shares of Beneficial Interest,"InnSuites Hospitality Trust is a real estate investment trust. It owns and operates four hotels, provides management services for six hotels and provides trademark license services for seven hotels.",REITs,55,Financials,5
2424,III,Information Services,"Information Services Group Inc provides technology insights, market intelligence and advisory services.The Company provides four lines of service: Research, Consulting and Managed Services and Events.",Business Services,13,Corporate Services,3
2425,IIIN,Insteel Industries,"Insteel Industries Inc manufactures steel wire reinforcing products for concrete construction applications. It manufactures & markets PC strand & welded wire reinforcement, including ESM, concrete pipe reinforcement & standard welded wire reinforcement.",Industrial Products,34,Industrials,7
2426,IIIV,i3 Verticals,i3 Verticals Inc offres integrated payment and software solutions to small and medium sized businesses and organizations in strategic vertical markets.,Application Software,4,Information Technology,8
2430,IIPR,Innovative Industrial Properties,"Innovative Industrial Properties Inc is engaged in the acquisition, ownership and management of specialized industrial properties leased to state-licensed operators for their regulated medical-use cannabis facilities.",REITs,55,Financials,5
2433,ILMN,Illumina,Illumina Inc engages in life science tools and machines for analyzing genetic material. The company primarily engages in microarray and genome sequencing machines and disposables. It also provides sequencing services through its products.,Medical Diagnostics & Research,41,Healthcare,6
2434,ILPT,Industrial Logistics Properties Trust,"Industrial Logistics Properties Trust is a real estate investment trust formed in Maryland. It owns and leases industrial and logistics properties throughout the United States, and owns more-than 250 properties in 24 other states.",REITs,55,Financials,5
2435,IMAX,Imax,"Imax Corp is an entertainment technology company, specializing in motion picture technologies and large-format motion picture presentations. It offers end-to-end cinematic solution combining proprietary software, theater architecture and equipment.",Entertainment,27,Healthcare,6
2437,IMGN,ImmunoGen,Immunogen Inc is a clinical-stage biotechnology company that develops targeted anticancer therapeutics. It has developed its ADC technology to enable the creation of anticancer products.,Biotechnology,10,Healthcare,6
2440,IMKTA,Ingles Markets Incorporated Common Stock,"Ingles Markets Inc is a supermarket chain in the Southeast United States. It operates grocery retail stores offering grocery, meat and dairy products, produce, frozen foods and other perishables, and non-food products..",Retail - Defensive,59,Consumer Discretionary,1
2442,IMMR,Immersion,"Immersion Corp is a software licensing company. It is engaged in creation, design, development, and licensing of patented haptic technologies that allow people to use their sense of touch more fully when operating digital devices.",Application Software,4,Information Technology,8
2444,IMO,Imperial Oil Limited,"Imperial Oil Ltd is engaged in the exploration for, and production and sale of, crude oil and natural gas. Its operations are conducted in three main segments namely Upstream, Downstream and Chemical.",Oil & Gas - Integrated,47,Energy & Utilities,4
2451,INBK,First Internet Bancorp,"First Internet Bancorp is a bank holding company that conducts its business activities through its subsidiary, First Internet Bank of Indiana. It offers Residential Mortgage, Consumer, Commercial Real Estate & Commercial and Industrial Lending.",Banks,7,Financials,5
2452,INCY,Incyte,"Incyte Corp is a biopharmaceutical company. It discovers, develops and commercializes proprietary therapeutics. Its product JAKAFI, a JAK1 and JAK2 inhibitor is used for treatment of patients with intermediate or high risk myelofibrosis.",Biotechnology,10,Healthcare,6
2453,INDB,Independent Bank,"Independent Bank Corp is a provider of financial services. The company functions through the Rockland Trust Company to render commercial banking solutions including lending activities, acceptance of demand, savings and investment management.",Banks,7,Financials,5
2455,INFI,Infinity Pharmaceuticals,"Infinity Pharmaceuticals Inc is a biopharmaceutical company focused on developing novel medicines for the treatment of specific cancers. It is focused on advancing IPI-549, an orally administered, clinical-stage, immuno-oncology product candidate.",Biotechnology,10,Healthcare,6
2456,INFN,Infinera,"Infinera Corp is an optical transport networking equipment provider. The company serves telecommunications service providers, Internet content providers, cable providers, research and education institutions, and government entities.",Communication Equipment,16,Information Technology,8
2458,INFU,InfuSystems,"InfuSystems Holdings Inc is a provider of ambulatory infusion pumps and related services in the United States. It provides services to hospitals, oncology practices and facilities and other alternate site health care providers.",Medical Instruments & Equipment,43,Commercial Services & Supplies,0
2461,INGN,Inogen,"Inogen Inc is a medical technology company that develops, manufactures and markets portable oxygen concentrators used to deliver supplemental long-term oxygen therapy to patients suffering from chronic respiratory conditions.",Medical Devices,40,Healthcare,6
2462,INGR,Ingredion Incorporated,"Ingredion Inc is a major supplier of high-quality food and industrial ingredients to customers around the world. The ingredients are used by customers in the food, beverage, animal feed, paper and corrugating, and brewing industries, among others.",Consumer Packaged Goods,21,Consumer Staples,2
2463,INN,Summit Hotel Properties,Summit Hotel Properties Inc is a self-managed hotel investment company. The Company is engaged in acquiring and owning premium-branded select-service hotels in the upscale and upper midscale segments of the U.S. lodging industry.,REITs,55,Financials,5
2465,INO,Inovio Pharmaceuticals,Inovio Pharmaceuticals Inc is a clinical stage biopharmaceutical company. It develops active DNA immunotherapies and vaccines in combination with proprietary electroporation delivery devices to prevent and treat cancers and infectious diseases.,Biotechnology,10,Healthcare,6
2466,INOD,Innodata,"Innodata Inc provides knowledge process outsourcing services, and publishing and related information technology services that help media and information services companies create, manage and maintain their products.",Application Software,4,Information Technology,8
2468,INPX,Inpixon,Inpixon through its subsidiaries provides data analytics and location-based products and related services for the cyber-security and internet of things markets. The company's segments include Indoor positioning analytics and Infrastructure.,Application Software,4,Information Technology,8
2470,INSE,Inspired Entertainment,"Inspired Entertainment Inc is a gaming technology company. It offers Virtual Sports, Mobile Gaming and Server-Based Gaming systems to regulated betting, gaming and lottery operators around the world.",Travel & Leisure,64,Transportation & Logistics,12
2471,INSG,Inseego,"Inseego Corp enables mobile applications for large enterprise verticals, service providers and small medium businesses. Its portfolio consists of Enterprise SaaS and IoT and Mobile solutions.",Communication Equipment,16,Information Technology,8
2473,INSM,Insmed,Insmed Inc is a global biotechnology company. It is focused on developing novel therapies that focus primarily on lung diseases.,Biotechnology,10,Healthcare,6
2474,INSP,Inspire Medical Systems,Inspire Medical Systems Inc operates as a medical technology company. The firm develops implantable neurostimulation systems to treat obstructive sleep apnea.,Medical Devices,40,Healthcare,6
2475,INST,Instructure,"Instructure, Inc. provides cloud-based learning management platform for academic institutions and companies worldwide. The company offers its platform through a Software-as-a-Service business model.",Application Software,4,Information Technology,8
2476,INSW,International Seaways,International Seaways Inc operates a fleet of oceangoing vessels engaged in the transportation of crude oil and petroleum products in the International Flag trades.,Transportation & Logistics,63,Transportation & Logistics,12
2478,INT,World Fuel Services,"World Fuel Services Corp is an energy management company. The company offers fuel and related products and services to commercial airlines, second and third tier airlines, regional and low cost carriers. Its segments are aviation, marine and land.",Oil & Gas - Refining & Marketing,49,"Media, Marketing & Sales",10
2479,INTC,Intel,"Intel Corp is the world's largest chipmaker. It engaged in making a semiconductor chip. It designs and manufactures integrated digital technology products like integrated circuits, for industries such as computing and communications.",Semiconductors,60,Materials,9
2480,INTG,The Intergroup,"The Intergroup Corp is a real estate development company. It is engaged in the operation of multi-family residential properties, operation of hotel, and in the investment of its cash in marketable securities and other investments.",Real Estate Services,56,Professional Services,11
2482,INTT,inTest,"inTest Corp is an independent designer, manufacturer and marketer of thermal, mechanical and electrical products that are used by semiconductor manufacturers in conjunction with ATE, in the testing of ICs.",Semiconductors,60,Materials,9
2483,INTU,Intuit,"Intuit Inc creates business and financial management solutions for small businesses, consumers, and accounting professionals. The company's products and services include QuickBooks and TurboTax.",Application Software,4,Information Technology,8
2484,INUV,Inuvo,Inuvo Inc is an internet advertising technology and digital publishing company. The Company along with its subsidiaries develops technology to deliver content and targeted advertisements over the internet.,Advertising & Marketing Services,0,"Media, Marketing & Sales",10
2485,INVA,Innoviva,"Innoviva Inc is a biopharmaceutical company that is engaged in the discovery, development and commercialization of small molecule medicines. The firm collaborates with and receives funding from GlaxoSmithKline.",Biotechnology,10,Healthcare,6
2486,INVE,Identiv,"Identiv Inc provides secure identification solutions in the connected world, including premises, as well as information centers.",Computer Hardware,18,Information Technology,8
2487,INVH,Invitation Homes,"Invitation Homes Inc is an owner and operator of single-family homes for lease in the United States. It buys and sells vacant, leased or occupied homes.",REITs,55,Financials,5
2491,IONS,Ionis Pharmaceuticals,"Ionis Pharmaceuticals Inc is the RNA-targeted drug discovery and development company. Its broad pipeline consists of close to 32 drugs to treat a wide variety of diseases with an emphasis on cardiovascular, metabolic, severe, and rare diseases.",Biotechnology,10,Healthcare,6
2492,IOR,Income Opportunity Realty Investors,Income Opportunity Realty Investors Inc invests in equity interests in real estate through direct equity investments and partnerships and finances real estate and real estate-related activities through investments in mortgage loans.,Real Estate Services,56,Professional Services,11
2493,IOSP,Innospec,"Innospec Inc develops, manufactures, blends, markets, and supplies fuel additives, oilfield chemicals, personal care and other specialty chemicals. Its segments are Fuel Specialties; Performance Chemicals, Oilfield Services, and Octane Additives.",Chemicals,14,Materials,9
2495,IOVA,Iovance Biotherapeutics,"Iovance Biotherapeutics Inc is a biopharmaceutical company in the United States. Its lead pipeline candidate, LN-144, uses the tumor-infiltrating lymphocytes to treat serious diseases.",Biotechnology,10,Healthcare,6
2496,IP,International Paper Company,"International Paper Co produces and distributes printing paper, packaging, forest products, and chemical products. The company operates in three segments namely; Industrial Packaging, Printing Papers, and Global Cellulose Fibers.",Packaging & Containers,52,Commercial Services & Supplies,0
2497,IPAR,Inter Parfums,"Inter Parfums Inc operates in the fragrance business and manufactures, markets and distributes fragrances and fragrance related products.",Consumer Packaged Goods,21,Consumer Staples,2
2500,IPDN,Professional Diversity Network,"Professional Diversity Network Inc is an operator of professional networks. It serves many communities, including Women, Hispanic-Americans, African-Americans, Asian-Americans, Disabled, Military Professionals, and Lesbian, Gay, Bisexual, and Transgender.",Online Media,51,"Media, Marketing & Sales",10
2501,IPG,Interpublic of Companies (The),"The Interpublic Group of Companies Inc is an advertising and marketing service company. Its services include consumer advertising, digital marketing, communications planning & media buying, public relations & specialized communications disciplines.",Advertising & Marketing Services,0,"Media, Marketing & Sales",10
2502,IPGP,IPG Photonics,"IPG Photonics Corp is a developer and manufacturer of fiber lasers and amplifiers for diverse applications in numerous markets. The company sells its products globally to OEMs, system integrators and end users in a wide range of diverse markets.",Semiconductors,60,Materials,9
2505,IPI,Intrepid Potash,"Intrepid Potash Inc produces and sells potash and potash byproducts. The company operates through two main product segments: Potash and Trio primarily producing selling potash and specialty fertilizer that consists of potassium, sulfate, and magnesium.",Agriculture,2,Industrials,7
2508,IPWR,Ideal Power,"Ideal Power Inc develops, markets and distributes electrical power conversion products using its proprietary technology called Power Packet Switching Architecture. The company sells its product primarily to systems integrators.",Industrial Products,34,Industrials,7
2511,IQV,IQVIA,"IQVIA Holdings Inc is an information and technology-enabled healthcare service provider to the pharmaceutical services, biotechnology, and healthcare industries. The Commercial Solutions and Research and Development Solutions generate maximum revenue.",Medical Diagnostics & Research,41,Healthcare,6
2512,IR,Ingersoll-Rand plc (Ireland),"Ingersoll-Rand PLC is a diversified company. It provides products, services and solutions to enhance the quality and comfort of air in homes and buildings, transport and protect food and perishables, and increase industrial productivity and efficiency.",Industrial Products,34,Industrials,7
2513,IRBT,iRobot,"iRobot Corp designs and sells small, artificially intelligent consumer robots. The company's most successful products include its automatic Roomba vacuum and the floor-mopping Braava.",Computer Hardware,18,Information Technology,8
2515,IRDM,Iridium Communications,Iridium Communications Inc is a United States based company which is engaged in providing mobile voice and data communications services through a constellation of low earth orbiting satellites.,Communication Services,17,Corporate Services,3
2517,IRIX,IRIDEX,"IRIDEX Corp designs, manufactures, and markets laser equipment used in the ophthalmologic and aesthetic fields.",Medical Devices,40,Healthcare,6
2519,IRM,Iron Mountain Incorporated (Delaware)Common Stock REIT,"Iron Mountain Inc provides records, information management services, and data management services, along with the complex storage and information management such as rising storage rental costs, and increased litigation, and disaster recovery requirements.",Business Services,13,Corporate Services,3
2520,IRMD,iRadimed,"iRadimed Corp develops, manufactures, markets and distributes Magnetic Resonance Imaging compatible products to acute care facilities and outpatient imaging centers, both in the United States and internationally.",Medical Devices,40,Healthcare,6
2521,IROQ,IF Bancorp,"IF Bancorp Inc is a savings and loan holding company. The Company is engaged in the business of directing, planning, and coordinating the business activities of its subsidiary, Iroquois Federal Savings and Loan Association.",Banks,7,Financials,5
2523,IRT,Independence Realty Trust,"Independence Realty Trust Inc is a real estate investment trust. It owns apartment properties in geographic non-gateway markets. The company generates its revenue in the form of Rental income, Reimbursement and other income.",REITs,55,Financials,5
2524,IRTC,iRhythm,iRhythm Technologies Inc is a commercial-stage digital healthcare company redefining the way cardiac arrhythmias are clinically diagnosed by combining wearable biosensing technology with cloud-based data analytics and machine-learning capabilities.,Medical Instruments & Equipment,43,Commercial Services & Supplies,0
2525,IRWD,Ironwood Pharmaceuticals,"Ironwood Pharmaceuticals Inc is a biotechnology company which is focused on advancing innovative product opportunities in areas of large unmet needs such as constipation, gastrointestinal disorders, hyperuricemia, among others.",Drug Manufacturers,23,Industrials,7
2529,ISDR,Issuer Direct,"Issuer Direct Corp provides disclosure management solution, shareholder communication tools and cloud-based compliance technologies. It works with clients in the financial service industry including brokerage firms, corporate issuers and mutual funds.",Application Software,4,Information Technology,8
2530,ISIG,Insignia Systems,"Insignia Systems Inc markets in-store advertising products, programs and services to retailers and consumer packaged goods manufacturers.",Advertising & Marketing Services,0,"Media, Marketing & Sales",10
2532,ISR,IsoRay (DE),"IsoRay Inc designs and develops personalized brachytherapy products. The company treats prostate cancer, brain, liver, breast cancer, colorectal cancer, gynecological cancer, lung cancer, ocular melanoma and pancreatic cancer.",Medical Instruments & Equipment,43,Commercial Services & Supplies,0
2533,ISRG,Intuitive Surgical,"Intuitive Surgical Inc designs, manufactures, markets da Vinci Surgical Systems, and related instruments. The da Vinci surgery, combines the benefits of minimally invasive surgery for patients with the ease of use, precision and dexterity of open surgery.",Medical Instruments & Equipment,43,Commercial Services & Supplies,0
2534,ISRL,Isramco,"Isramco Inc is an independent oil and natural gas company, engaged in the exploration, development, and production of predominately oil and natural gas properties located onshore in the United States and offshore Israel.",Oil & Gas - E&P,46,Energy & Utilities,4
2535,ISSC,Innovative Solutions and Support,"Innovative Solutions and Support Inc is a systems integrator that manufactures, sells, & services air data equipment, engine display systems, standby equipment, primary flight guidance & cockpit display systems for retrofit applications & OEM.",Aerospace & Defense,1,Transportation & Logistics,12
2536,ISTR,Investar Holding,"Investar Holding Corp is a financial holding company. It is engaged in offering commercial and retail lending products throughout market areas, including business loans to small to medium-sized businesses as well as loans to individuals.",Banks,7,Financials,5
2537,IT,Gartner,"Gartner Inc is an information technology research and advisory company. It offers services to business leaders in high-tech and telecom enterprises and professional services firms, to supply chain professionals and technology investors.",Application Software,4,Information Technology,8
2539,ITCI,Intra-Cellular Therapies,Intra-Cellular Therapies Inc is a biopharmaceutical company. It is engaged in discovery and clinical development of small molecule drugs that address underserved medical needs in neuropsychiatric and neurological disorders.,Biotechnology,10,Healthcare,6
2541,ITGR,Integer,"Integer Holdings Corp is the medical device outsource manufacturer serving cardiac, neuromodulation, orthopedics,vascular and surgical markets. The company's brands include Greatbatch Medical, Lake Region Medical and Electrochem.",Medical Devices,40,Healthcare,6
2542,ITI,Iteris,Iteris Inc provides intelligent information solutions to the traffic management & global agribusiness market. The Company is engaged in the development and application of technologies and software-based information systems that reduce traffic congestion.,Communication Equipment,16,Information Technology,8
2543,ITIC,Investors Title Company,"Investors Title Co is engaged in the issuance of residential and commercial title insurance through ITIC and NITIC. It also provides tax-deferred real property exchange services, investment management and trust services.",Insurance - Specialty,38,Healthcare,6
2544,ITP,IT Tech Packaging,"Orient Paper Inc through its subsidiary, is engaged in production and distribution of products such as corrugating medium paper, offset printing paper, digital photo paper and tissue paper products.",Forest Products,29,Materials,9
2545,ITRI,Itron,"Itron Inc is a technology and services company. It provides solutions that measure, manage, and analyze energy and water use. Its solutions include standard meters and smart metering products, metering systems, and services.",Computer Hardware,18,Information Technology,8
2546,ITRM,Iterum Therapeutics plc,Iterum Therapeutics PLC is a clinical-stage pharmaceutical company. The company is engaged in developing and commercializing sulopenem to be the first and only oral and intravenous branded penem available globally.,Biotechnology,10,Healthcare,6
2548,ITT,ITT,"ITT Inc is a manufacturer of engineered, customized solutions for the energy, transportation and industrial markets. Its operations are divided into Industrial Process, Motion Technologies, Interconnect Solutions, and Control Technologies.",Industrial Products,34,Industrials,7
2550,ITW,Illinois Tool Works,Illinois Tool Works Inc manufactures diversified range of industrial products and equipment. Its segments are Automotive OEM; Food Equipment; Test & Measurement and Electronics; Welding; Polymers & Fluids; Construction Products; and Specialty Products.,Industrial Products,34,Industrials,7
2551,IVAC,Intevac,Intevac Inc provides thin film solutions. It provides vacuum deposition equipment for a range of thin-film applications and digital night-vision technologies and products to the defense industry.,Computer Hardware,18,Information Technology,8
2554,IVR,INVESCO MORTGAGE CAPITAL,"Invesco Mortgage Capital Inc is a REIT which invests, finances, and manages residential and commercial mortgage-backed securities and mortgage loans. The company's portfolio consists of residential and commercial mortgage-backed securities.",REITs,55,Financials,5
2555,IVZ,Invesco,Invesco Ltd is an independent investment management firm. The company provides retail and institutional clients with an array of investment management capabilities. It has presence in the institutional and retail markets.,Asset Management,5,Financials,5
2557,IZEA,IZEA Worldwide,"IZEA Inc engages in creating and operating marketplaces connecting marketers with content creator that produce and distribute text, videos and photos for marketers, blogs and social media channels.",Online Media,51,"Media, Marketing & Sales",10
2558,JACK,Jack In The Box,Jack In The Box Inc mainly operates and franchises Jack in the Box quick-service restaurants and Qdoba Mexican Grill fast-casual restaurants.,Restaurants,57,Corporate Services,3
2560,JAGX,Jaguar Health,"Jaguar Health Inc is an animal health company focused on developing and commercializing first-in-class gastrointestinal products for companion and production animals, foals, and high value horses.",Biotechnology,10,Healthcare,6
2561,JAKK,JAKKS Pacific,"Jakks Pacific Inc is a toy and leisure products manufacturing company. Its products offering include traditional toys and electronics such as action figures, toy vehicles, dolls and accessories, ride-on toys, toys for pets.",Travel & Leisure,64,Transportation & Logistics,12
2564,JAZZ,Jazz Pharmaceuticals plc,"Jazz Pharmaceuticals PLC is a biopharmaceutical company focused on improving patients' lives by identifying, developing and commercializing differentiated products that address unmet medical needs.",Biotechnology,10,Healthcare,6
2565,JBGS,JBG SMITH Properties,"JBG SMITH Properties is a real estate company that owns, manages, and develops high-quality, mixed use real estate located in urban, infill locations.",REITs,55,Financials,5
2566,JBHT,J.B. Hunt Transport Services,"JB Hunt Transport Services Inc, together with its wholly owned subsidiaries provides surface transportation and delivery services to a group of customers and consumers throughout the continental United States, Canada and Mexico.",Transportation & Logistics,63,Transportation & Logistics,12
2567,JBL,Jabil,"Jabil Inc is a provider of electronic manufacturing services and solutions. It provides electronic design, production and product management services to companies in the aerospace and defense, automotive.",Computer Hardware,18,Information Technology,8
2568,JBLU,JetBlue Airways,"JetBlue Airways Corp is engaged in the airlines industry. It primarily provides passenger airline service. It also extends its services to cargo transport, travel agency operations and travel insurance.",Airlines,3,Transportation & Logistics,12
2569,JBSS,John B. Sanfilippo & Son,"John B Sanfilippo & Son Inc is a processor and distributor of peanuts, pecans, cashews, walnuts, almonds and other nuts in the United States. It also markets and distributes a diverse product line of food and snack products.",Consumer Packaged Goods,21,Consumer Staples,2
2570,JBT,John Bean,"John Bean Technologies Corp is a technology solutions provider of food & beverage industry with focus on proteins, liquid foods and automated system solutions. It designs, produces & services products & systems for multi-national & regional customers.",Industrial Products,34,Industrials,7
2571,JCAP,Jernigan Capital,"Jernigan Capital Inc is a real estate finance company. It offers capital to private developers, owners, and operators of self-storage facilities.",REITs,55,Financials,5
2573,JCI,Johnson Controls International plc,"Johnson Controls International PLC manufacturers, installs, and services HVAC systems, building management systems and controls, and industrial refrigeration systems. The firm along with Tyco International offers fire and security products and services.",Engineering & Construction,26,Industrials,7
2578,JCTCF,Jewett-Cameron Trading Company,"Jewett-Cameron Trading Co Ltd, through its subsidiaries, is engaged in the manufacturing and distribution of specialty metal products and wholesale distribution of wood products to home centers and other retailers located in the United States.",Forest Products,29,Materials,9
2583,JEF,Jefferies Financial,"Jefferies Financial Group Inc is a financial service company. The company's objective is to create long-term value for shareholders. It provides various services such as wealth management, financial planning, investment advisory services and others.",Asset Management,5,Financials,5
2584,JELD,JELD-WEN Holding,"JELD-WEN Holding Inc manufactures, distributes and deigns residential interior and exterior doors,windows and related products for residential and light commercial markets. The company markets it products under JELD-WEN brand.",Building Materials,12,Materials,9
2591,JHG,Janus Henderson plc,"Janus Henderson Group PLC is an investment management company. It invests in equities, fixed income, property, and private equity.",Asset Management,5,Financials,5
2596,JILL,J. Jill,"J.Jill Inc owns and operates women's clothing stores. Its brand portfolio comprises of J.Jill, The J.Jill Wearever Collection and Pure Jill under which it sells jackets, sweaters, knit tops and tees.",Retail - Apparel & Specialty,58,Commercial Services & Supplies,0
2597,JJSF,J & J Snack Foods,"J&J Snack Foods Corp manufactures nutritional snack foods and distributes frozen beverages that are marketed nationally to the food service and retail supermarket industries. Its brand names include SUPERPRETZEL, BAVARIAN BAKERY, LUIGI'S and WHOLE FRUIT.",Consumer Packaged Goods,21,Consumer Staples,2
2598,JKHY,Jack Henry & Associates,"Jack Henry & Associates Inc is a provider of information processing solutions for community banks. Its products and services include processing transactions, automating business processes and managing information.",Business Services,13,Corporate Services,3
2600,JLL,Jones Lang LaSalle Incorporated,"Jones Lang LaSalle Inc provides a range of real estate-related services including leasing, property and project management, and capital markets advisory to owners, occupiers, and investors worldwide.",Real Estate Services,56,Professional Services,11
2610,JNJ,Johnson & Johnson,"Johnson & Johnson is a holding company, which is engaged in the research and development, manufacture and sale of products in the health care field within its Consumer, Pharmaceutical and Medical Devices segments.",Drug Manufacturers,23,Industrials,7
2611,JNPR,Juniper Networks,"Juniper Networks Inc operates in the communication equipment industry. It designs, develops and sells products and services that provide customers with network infrastructure. It caters to communication service providers and companies.",Communication Equipment,16,Information Technology,8
2612,JOB,GEE,"GEE Group Inc provides professional placement services throughout the United States. It specializes in the placement of information technology, engineering, and accounting professionals for direct hire and contract staffing.",Employment Services,25,Professional Services,11
2614,JOE,St. Joe Company (The),The St. Joe Co is a real estate company. It operates residential real estate and commercial real estate properties and resorts.,Real Estate Services,56,Professional Services,11
2616,JOUT,Johnson Outdoors,"Johnson Outdoors Inc is a global manufacturer and marketer of branded seasonal, outdoor recreation products. It offers products under Watercraft, Diving, Marine Electronics and Outdoor Gear.",Travel & Leisure,64,Transportation & Logistics,12
2620,JPM,JP Morgan Chase & Co.,"JPMorgan Chase & Co is a financial services firm and a banking institution. It is engaged in investment banking, commercial banking, treasury and securities services, asset management, retail financial services, and credit card businesses.",Banks,7,Financials,5
2628,JRSH,Jerash (US),"Jerash Holdings (US) Inc along with its subsidiaries is engaged in the manufacturing and exporting of customized, ready-made sport and outerwear from knitted fabric produced in its facilities in Jordan.",Manufacturing - Apparel & Furniture,39,Industrials,7
2629,JRVR,James River,James River Group Holdings Ltd owns and operates a group of specialty insurance and reinsurance companies founded by members of its management team. It is organized for the purpose of acquiring & managing insurance and reinsurance entities.,Insurance - Property & Casualty,37,Healthcare,6
2635,JVA,Coffee Holding Co.,"Coffee Holding Co Inc is a wholesale coffee manufacturer distributing roasted and blended coffees to customers in the U.S. and Canada. The firm works with supermarkets, other wholesalers, and specialty roasters.",Consumer Packaged Goods,21,Consumer Staples,2
2638,JWN,Nordstrom,"Nordstrom Inc operates as a fashion specialty retailer in the United States. It sells its products through various channels, including Nordstrom full-line stores, Nordstrom Rack off-price stores, Last Chance clearance stores, and Jeffrey boutiques.",Retail - Apparel & Specialty,58,Commercial Services & Supplies,0
2639,JYNT,The Joint,"The Joint Corp develops, owns, operates, supports and manages chiropractic clinics through direct ownership, management arrangements, franchising and the sale of regional developer rights throughout the United States.",Health Care Providers,31,Healthcare,6
2640,K,Kellogg Company,"Kellogg Co is engaged in the manufacturing and marketing of ready-to-eat cereal and convenience foods. Its products include cereal, cookies, crackers, and other packaged foods.",Consumer Packaged Goods,21,Consumer Staples,2
2641,KAI,Kadant,"Kadant Inc develops, manufactures, and markets equipment and products for the papermaking, paper recycling and other process industries. It also designs and manufactures stranders and related equipment used in the production of oriented strand board.",Industrial Products,34,Industrials,7
2642,KALA,Kala Pharmaceuticals,"Kala Pharmaceuticals Inc is a biopharmaceutical company focused on the development and commercialization of therapeutics using its proprietary nanoparticle-based Mucus Penetrating Particles technology, with focus on the treatment of eye diseases.",Biotechnology,10,Healthcare,6
2643,KALU,Kaiser Aluminum,Kaiser Aluminum Corp is engaged in the production of semi-fabricated specialty aluminum products. The Company has one operating segment; Fabricated Products.,Metals & Mining,44,Industrials,7
2644,KALV,KalVista Pharmaceuticals,"KalVista Pharmaceuticals Inc is a pharmaceuticals company, which focuses on the discovery, development, and commercialization of small molecule protease inhibitors for a range of diseases.",Biotechnology,10,Healthcare,6
2645,KAMN,Kaman,"Kaman Corp is engaged in the distribution of power transmission, motion control, electrical and automation, and fluid power industrial distributor with operations throughout the United States.",Aerospace & Defense,1,Transportation & Logistics,12
2646,KAR,KAR Auction Services,"KAR Auction Services Inc is a used car dealer with operations in US and Canada. The firm offers a total package for wholesale-used car transactions. Its services include financing, repossessions, repairs, transportation, warranty, and inventory services.",Retail - Apparel & Specialty,58,Commercial Services & Supplies,0
2648,KBAL,Kimball International,"Kimball International Inc manufactures furniture products and services under three brands: National, Kimball Office, and Kimball Hospitality. It provides solutions for the workplace, learning, healing, and hospitality environments.",Industrial Products,34,Industrials,7
2649,KBH,KB Home,"KB Home is engaged in the residential construction market. The Company's offers a variety of new homes, move-up and active adult homebuyers, including attached and detached single-family residential homes.",Homebuilding & Construction,32,Energy & Utilities,4
2651,KBR,KBR,"KBR Inc is an engineering, construction and services company supporting the hydrocarbons and international government services market sectors.",Engineering & Construction,26,Industrials,7
2655,KDP,Keurig Dr Pepper,"Dr Pepper Snapple Group Inc manufactures and distributes nonalcoholic beverages in United States, Mexico and the Caribbean, and Canada under various brands such as Dr Pepper, Canada Dry, 7UP, Snapple, Schweppes, Crush, Sunkist, among others.",Beverages - Non-Alcoholic,9,Consumer Staples,2
2656,KE,Kimball Electronics,"Kimball Electronics Inc is a contract electronic manufacturing services company. The Company is engaged in producing electronics for the automotive, medical, industrial, and public safety markets.",Computer Hardware,18,Information Technology,8
2658,KELYA,Kelly Services Common Stock,"Kelly Services Inc is a provider of workforce solutions and consulting and staffing services. The company assigns professional and technical employees in the fields of education, legal, health care, and creative services.",Employment Services,25,Professional Services,11
2663,KEQU,Kewaunee Scientific,"Kewaunee Scientific Corp is engaged in designing, manufacturing, and installation of laboratory, healthcare, and technical furniture products. Its products include fume hoods, casework, safety cabinets, exhaust systems, and energy saving controls.",Industrial Products,34,Industrials,7
2664,KEX,Kirby,"Kirby Corp is a domestic tank barge operator, transporting bulk liquid products throughout the Mississippi River System, on the Gulf Intracoastal Waterway, coastwise along all three United States coasts and in Alaska and Hawaii.",Transportation & Logistics,63,Transportation & Logistics,12
2665,KEY,KeyCorp,"KeyCorp is present in the financial service domain. Its core revenue is derived from the provision of retail and commercial banking, investment management and consumer finance services.",Banks,7,Financials,5
2666,KEYS,Keysight,"Keysight Technologies Inc is a measurement company providing core electronic design and test solutions to communications and electronics industries. It provides electronic measurement instruments and systems and related software, software design tools.",Computer Hardware,18,Information Technology,8
2669,KFFB,Kentucky First Federal Bancorp,"Kentucky First Federal Bancorp is a savings and loan holding company for First Federal Savings and Loan Association of Hazard, and First Federal Savings Bank of Frankfort that provide financial products and services in Kentucky and Perry County.",Banks,7,Financials,5
2670,KFRC,Kforce,Kforce Inc is a staffing solutions provider. It specializes in proving professional and technical staffing services to varied markets.,Employment Services,25,Professional Services,11
2671,KFS,Kingsway Financial Services (DE),"Kingsway Financial Services Inc acts as a merchant bank which is engaged in the property and casualty insurance business. It provides coverage for liability, accident benefits and physical damage.",Insurance - Property & Casualty,37,Healthcare,6
2672,KFY,Korn Ferry,"Korn/Ferry International is a management recruitment firm. It provides talent management solutions that help clients to attract, develop, retain and sustain their talent.",Employment Services,25,Professional Services,11
2675,KHC,The Kraft Heinz Company,"The Kraft Heinz Co is a food and beverage company. It manufactures and market food and beverage products, including condiments and sauces, cheese and dairy, meals, meat, refreshment beverages, and other grocery products.",Consumer Packaged Goods,21,Consumer Staples,2
2676,KIDS,OrthoPediatrics,OrthoPediatrics Corp is a medical device company. It provides a comprehensive product offering to the pediatric orthopedic market in order to improve the lives of children with orthopedic conditions.,Medical Devices,40,Healthcare,6
2677,KIM,Kimco Realty,Kimco Realty Corp is real estate investment trust that owns and operates neighborhood and community open-air shopping centers in North America.,REITs,55,Financials,5
2679,KINS,Kingstone Companies,"Kingstone Companies Inc is a property and casualty insurance holding company. The company through its wholly owned subsidiary, Kingstone Insurance Company offers insurance policies to small and mid-sized businesses as well as to individuals.",Brokers & Exchanges,11,Financials,5
2682,KIRK,Kirkland's,"Kirkland's Inc is a retailer of home decor and gifts. Its stores present a selection of distinctive merchandise, including framed art, mirrors, wall decor, candles & related items, lamps, decorative accessories, accent furniture, textiles & among others.",Retail - Apparel & Specialty,58,Commercial Services & Supplies,0
2683,KKR,KKR & Co.,"KKR & Co LP is a global investment firm which invests across multiple asset classes including private equity, energy, infrastructure, real estate, growth equity, credit and hedge funds.",Asset Management,5,Financials,5
2685,KLAC,KLA-Tencor,KLA-Tencor Corp designs and manufactures yield-management and process-monitoring systems for the semiconductor industry. The company also provides systems for optical metrology and e-beam metrology.,Semiconductors,60,Materials,9
2686,KLIC,Kulicke and Soffa Industries,Kulicke & Soffa Industries Inc is engaged in the semiconductor industry. It manufactures and sells capital equipment and expendable tools used to assemble semiconductor devices.,Semiconductors,60,Materials,9
2687,KMB,Kimberly-Clark,"Kimberly-Clark Corp is engaged in the manufacturing and marketing of a range of products made from natural or synthetic fibers using technologies in fibers, nonwovens, and absorbency. It offers personal care, consumer tissue, and K-C professional.",Consumer Packaged Goods,21,Consumer Staples,2
2690,KMI,Kinder Morgan,"Kinder Morgan Inc is an energy infrastructure company. The Company transports natural gas, refined petroleum products, crude oil, condensate, CO2 and other products.",Oil & Gas - Midstream,48,Energy & Utilities,4
2692,KMPR,Kemper,"Kemper Corp through its subsidiaries, provides automobile, homeowners, life, health, and other insurance products to individuals and businesses. It conducts its operations through two segments: Property & Casualty Insurance and Life & Health Insurance.",Insurance,35,Healthcare,6
2693,KMT,Kennametal,"Kennametal Inc is engaged in developing and manufacturing metalworking tools and wear-resistant engineered components and coatings. The company's operating segments include Industrial, Widia and Infrastructure.",Industrial Products,34,Industrials,7
2694,KMX,CarMax,CarMax Inc is engaged in the automobile dealership business. Its services involve selling vehicles which includes both used and new vehicles.,Autos,6,Industrials,7
2695,KN,Knowles,"Knowles Corporation manufactures and sells micro-acoustic, specialty components, and human interface solutions and offers products such as hearing aid components, micro-electro-mechanical systems, microphones and transducers, among others.",Communication Equipment,16,Information Technology,8
2696,KNDI,Kandi,"Kandi Technologies Group Inc is an automobile manufacturer with focus on electric vehicles primarily in the Chinese market. Other product offerings include all-terrain vehicles, go-karts, utility vehicles, battery packs, motor vehicles, among others.",Autos,6,Industrials,7
2699,KNSA,Kiniksa Pharmaceuticals,"Kiniksa Pharmaceuticals Ltd is a clinical-stage biopharmaceutical company focused on discovering, acquiring, developing and commercializing therapeutic medicines for patients suffering from debilitating diseases.",Biotechnology,10,Healthcare,6
2700,KNSL,Kinsale Capital,"Kinsale Capital Group Inc is an insurance holding company. The company is engaged in offering property, casualty and specialty insurance products. It offers property insurance to Primary Property, Excess Property, and Inland Marine divisions.",Insurance - Property & Casualty,37,Healthcare,6
2701,KNX,Knight-Swift Transportation,"Knight-Swift Transportation Holdings Inc through its subsidiaries, operates the largest truckload fleet in North America as well as extensive rail intermodal and non-asset based freight brokerage and logistics management services.",Transportation & Logistics,63,Transportation & Logistics,12
2702,KO,Coca-Cola Company (The),"Coca-Cola Co is nonalcoholic beverage company which manufactures a variety of carbonated and noncarbonated brands, including Coca-Cola, Diet Coke, Fanta, Sprite, Minute Maid, Powerade, and Dasani.",Beverages - Non-Alcoholic,9,Consumer Staples,2
2703,KODK,Eastman Kodak Company Common New,Eastman Kodak Co is a technology company providing imaging for business. It provides commercial products and services in technologies including materials science; digital imaging science and software; and deposition processes.,Computer Hardware,18,Information Technology,8
2707,KOP,Koppers,"Koppers Holdings Inc functions within the specialty chemicals industry. Its products and services are used in railroad, specialty chemical, utility, rubber & construction industries.",Chemicals,14,Materials,9
2708,KOPN,Kopin,Kopin Corp is a developer of wearable technologies and display products which include components and concept systems.,Semiconductors,60,Materials,9
2709,KOS,Kosmos Energy (DE),Kosmos Energy Ltd is an independent oil and gas exploration and production company which focuses on frontier and emerging areas along the Atlantic Margin. It emphases on field developments designed to accelerate production.,Oil & Gas - E&P,46,Energy & Utilities,4
2710,KOSS,Koss,"Koss Corporation is a U.S based company engaged in the design, manufacture and sale of stereo headphones and related accessory products.",Computer Hardware,18,Information Technology,8
2712,KPTI,Karyopharm Therapeutics,"Karyopharm Therapeutics Inc. is a clinical-stage pharmaceutical company. It focuses on the discovery, development, and commercialization of first-in-class drugs directed against nuclear transport and related targets to treat cancer and other diseases.",Drug Manufacturers,23,Industrials,7
2713,KR,Kroger Company (The),"The Kroger Co operates grocery stores. Its coverage includes retail food and drug stores, multi-department stores, jewelry stores and convenience stores.",Retail - Defensive,59,Consumer Discretionary,1
2715,KRC,Kilroy Realty,Kilroy Realty Corp operates in the real estate sector. Its main business involves the development and management of real estate assets in the United States.,REITs,55,Financials,5
2716,KREF,KKR Real Estate Finance Trust,KKR Real Estate Finance Trust Inc is a real estate finance company that focuses primarily on originating and acquiring senior mortgage loans secured by CRE assets.,REITs,55,Financials,5
2717,KRG,Kite Realty Trust,"Kite Realty Group Trust is a full-service, vertically integrated real estate company. It is engaged in the ownership, operation, management, leasing, acquisition, and development of neighborhood and community shopping centers in the United States.",REITs,55,Financials,5
2719,KRNY,Kearny Financial,Kearny Financial Corp operates federally-chartered stock savings bank. The company is engaged in the business of attracting deposits from the public. These deposits are used to originate or purchase loans for its portfolios and invest in securities.,Banks,7,Financials,5
2720,KRO,Kronos Worldwide,"Kronos Worldwide Inc manufactures and sells titanium dioxide pigments which are used in a variety of products including coatings on automobiles, traffic paint, aircraft, machines, appliances, and in both commercial and residential interiors and exteriors.",Chemicals,14,Materials,9
2721,KRP,Kimbell Royalty Partners Representing Limited Partner Interests,Kimbell Royalty Partners LP is a limited partnership formed to own and acquire mineral and royalty interests in oil and natural gas properties throughput United States.,Oil & Gas - E&P,46,Energy & Utilities,4
2722,KRYS,Krystal Biotech,Krystal Biotech Inc is a biopharmaceutical company. It uses gene therapy treatments for patients suffering from rare debilitating disorders.,Biotechnology,10,Healthcare,6
2724,KSS,Kohl's,"Kohl's Corp is an American broadlines retailer. It operates department stores that sell moderately priced exclusive and national brand apparel, footwear, accessories, beauty and home products. The company also has an e-commerce platform.",Retail - Apparel & Specialty,58,Commercial Services & Supplies,0
2727,KTCC,Key Tronic,Key Tronic Corp is engaged in electronic manufacturing services for original equipment manufacturers and also manufactures keyboards and other input devices.,Computer Hardware,18,Information Technology,8
2729,KTOS,Kratos Defense & Security Solutions,"Kratos Defense & Security Solutions Inc provides advanced engineering, security and services solutions to the US Defense sector. It focuses on unmanned systems, satellite communications, cyber security and warfare, and missile defense and combat systems.",Consulting & Outsourcing,20,Professional Services,11
2731,KURA,Kura Oncology,"Kura Oncology Inc is a clinical stage biopharmaceutical company, engages in discovering and developing therapeutics for the treatment of solid tumors and blood cancers.",Biotechnology,10,Healthcare,6
2732,KVHI,KVH Industries,"KVH Industries Inc is a manufacturer of solutions that provide high-speed Internet, television and voice services through satellite to mobile users at sea and on land.",Communication Equipment,16,Information Technology,8
2733,KW,Kennedy-Wilson,"Kennedy-Wilson Holdings Inc is a global real estate investment company. It owns, operates and invests in real estate through investment management platform. It generates a majority of its revenue in the form of Rental income.",Real Estate Services,56,Professional Services,11
2734,KWR,Quaker Chemical,"Quaker Chemical Corp manufactures and sells chemicals and chemical-based products. The company's product portfolio includes rolling lubricants, machining and grinding compounds, and corrosion preventives used by steel and aluminum manufacturers.",Chemicals,14,Materials,9
2737,KZR,Kezar Life Sciences,Kezar Life Sciences Inc is a clinical-stage biotechnology company. It is engaged in discovering and developing novel small molecule therapeutics to treat unmet needs in autoimmunity and cancer.,Biotechnology,10,Healthcare,6
2738,L,Loews,"Loews Corp deals in commercial property and casualty insurance business. Its other business operations are offshore oil and gas drilling rigs, transportation, storage of natural gas, and gathering and operation of a chain of hotels.",Insurance - Property & Casualty,37,Healthcare,6
2740,LAC,Lithium Americas,"Lithium Americas Corp is focused on is advancing two lithium projects, the Cauchari-Olaroz Lithium Project located in Jujuy, Argentina and Lithium Nevada project located in north-western Nevada and on the manufacturing and sales of organoclay product.",Metals & Mining,44,Industrials,7
2742,LAD,Lithia Motors,"Lithia Motors Inc acts as a retailer of new and used vehicles and related services. The company also provides vehicle maintenance, warranty, paint, and repair services. It also helps its customers to arrange for financing new vehicles.",Autos,6,Industrials,7
2743,LADR,Ladder Capital,"Ladder Capital Corp is an internally-managed real estate investment trust. The company invests in loans, securities and other interests in U.S. commercial real estate, with a focus on senior secured assets.",REITs,55,Financials,5
2744,LAKE,Lakeland Industries,"Lakeland Industries Inc manufactures and sells safety garments & accessories for industrial protective clothing market. It offers limited use / disposable protective clothing, chemical protective suits, firefighting & heat protective apparel etc.",Medical Instruments & Equipment,43,Commercial Services & Supplies,0
2745,LAMR,Lamar Advertising Company,"Lamar Advertising Co operates in the advertising industry. It leases space for advertising on billboards, buses, shelters, benches, logo plates and airport terminals.",REITs,55,Financials,5
2746,LANC,Lancaster Colony,"Lancaster Colony Corp is a manufacturer and marketer of specialty food products for the retail and food service markets. The Company offers dressings, sauces, croutons, fruit glazes, vegetable dips, fruit dips, frozen breads and yeast rolls.",Consumer Packaged Goods,21,Consumer Staples,2
2747,LAND,Gladstone Land,Gladstone Land Corp is an externally-managed real estate company. The Company invests in farmlands located in agricultural markets throughout the USA. It owns farms and cooling facilities for the storage and assembly of boxes for shipping produce.,REITs,55,Financials,5
2748,LARK,Landmark Bancorp,"Landmark Bancorp Inc is a bank holding company which through its subsidiary, Landmark National Bank, attracts deposits from the general public and uses such deposits to originate commercial real estate and municipal and consumer loans.",Banks,7,Financials,5
2749,LASR,nLIGHT,"nLight Inc manufactures high-power semiconductor and fiber lasers. It offers semiconductor lasers, optical fibers and marking lasers.",Semiconductors,60,Materials,9
2750,LAUR,Laureate Education,Laureate Education Inc is an international community of universities. The company provides higher education programs and services to students through an international network of licensed universities and higher education institutions.,Education,24,Healthcare,6
2752,LAZ,Lazard,"Lazard Ltd is a financial advisory and asset management firm. It offers corporate, institutional, government and individuals with financial advisory services for mergers and acquisitions, restructurings, capital structure, capital raising and others.",Brokers & Exchanges,11,Financials,5
2753,LAZY,Lazydays,"Lazydays Holdings Inc operates recreational vehicle dealerships. Its services include third-party protection plans, financing and insurance.",Autos,6,Industrials,7
2754,LB,L Brands,"L Brands Inc is a women's intimate, personal care, and beauty retailer. The company through its retail outlets sells products under various brands such as Victoria's Secret, Pink, Bath and Body Works, La Senza, and Henri Bendel brands.",Retail - Apparel & Specialty,58,Commercial Services & Supplies,0
2755,LBAI,Lakeland Bancorp,"Lakeland Bancorp Inc is a bank holding company. It offers retail banking, business banking, and investment programs.",Banks,7,Financials,5
2756,LBC,Luther Burbank,Luther Burbank Corp is a bank holding company. The company through its subsidiary provides real estate secured lending in attractive metropolitan areas along the West Coast.,Banks,7,Financials,5
2757,LBRDA,Liberty Broadband Common Stock,"Liberty Broadband Corp serves in the telecommunications industry in the United States. It provides cable services to both residential and small to medium businesses through its fiber, hybrid fiber, and coaxial cable infrastructure.",Communication Services,17,Corporate Services,3
2759,LBRT,Liberty Oilfield Services,Liberty Oilfield Services Inc is a provider of hydraulic fracturing services to onshore oil and natural gas E&P companies in North America.,Oil & Gas - Services,50,Commercial Services & Supplies,0
2760,LBTYA,Liberty Global plc Ordinary Shares,"Liberty Global PLC is a holding company engaged in making investments into international television and broadband companies. Through its subsidiaries, it offers telecommunication, broadband services and cable network.",Communication Services,17,Corporate Services,3
2764,LC,LendingClub,LendingClub Corp is an online marketplace connecting borrowers and investors to engage in transactions relating to standard or custom program loans.,Credit Services,22,Corporate Services,3
2765,LCI,Lannett,"Lannett Co Inc develops, manufactures, packages, markets and distributes generic versions of branded pharmaceutical products. Its products include solid oral dosage forms, including oral solutions, nasal, topicals or parentarels.",Drug Manufacturers,23,Industrials,7
2766,LCII,LCI Industries,"LCI Industries Inc supplies domestically and internationally components for the original equipment manufacturers of recreational vehicles and adjacent industries including buses; trailers used to haul boats, livestock, equipment and other cargo.",Autos,6,Industrials,7
2767,LCNB,LCNB,LCNB Corp is the holding company for the National Bank. Its business involves the offering of personal and business banking solutions in the United States.,Banks,7,Financials,5
2768,LCUT,Lifetime Brands,"Lifetime Brands Inc is a Delaware based company headquartered in New York. It designs, sources and sells branded kitchenware, tableware and other products. The company has three operating segments including U.S Wholesale, International, and Retail Direct.",Manufacturing - Apparel & Furniture,39,Industrials,7
2770,LDOS,Leidos,"Leidos Holdings Inc is engaged in providing scientific, engineering, system integration, technical services, and solutions to various government entities, including the U.S. Department of Defense and the Department of Homeland Security.",Application Software,4,Information Technology,8
2772,LE,Lands' End,"Lands' End Inc is a multi-channel retailer of casual clothing, accessories and footwear, as well as home products. The Company offers products through catalogs, landsend.com, and operates in two segments; Direct and Retail.",Retail - Apparel & Specialty,58,Commercial Services & Supplies,0
2773,LEA,Lear,"Lear Corp designs, develops, and manufactures automotive seating and electrical systems and components. Its products include frames and mechanisms, covers, foam, and headrests as well as wiring harnesses, terminals and connectors and others.",Autos,6,Industrials,7
2775,LECO,Lincoln Electric,"Lincoln Electric Holdings, Inc., manufactures welding, cutting and brazing products. Its welding product includes arc welding power sources, wire feeding systems, robotic welding packages, fume extraction equipment, consumable electrodes and fluxes.",Industrial Products,34,Industrials,7
2776,LEDS,SemiLEDS,"SemiLEDs Corp develop, manufacture and sell light emitting diode chips and LED components. The company's products include LED Chips, LED Components, and Lighting Products.",Semiconductors,60,Materials,9
2777,LEE,Lee Enterprises Incorporated,"Lee Enterprises Inc is a premier publisher of local news, information and advertising in midsize markets, with 46 daily newspapers and a joint interest in four others, rapidly growing online sites.",Publishing,54,"Media, Marketing & Sales",10
2778,LEG,Leggett & Platt Incorporated,"Leggett & Platt Inc is a manufacturer that conceives designs and produces engineered components and products found in homes, offices, retail stores, automobiles and commercial aircraft.",Manufacturing - Apparel & Furniture,39,Industrials,7
2780,LEN,Lennar,"Lennar Corp is a homebuilding service provider. Its operations include the construction and sale of single-family attached and detached homes, and to a lesser extent multi-level residential buildings.",Homebuilding & Construction,32,Energy & Utilities,4
2784,LEU,Centrus Energy,Centrus Energy Corp is engaged in supplying low enriched uranium (LEU) for commercial nuclear power plants. The LEU is used for the production of nuclear fuel for reactors to produce electricity.,Metals & Mining,44,Industrials,7
2790,LFUS,Littelfuse,"Littelfuse Inc is engaged in designing, manufacturing and selling of circuit protection product for the electronics, automotive and industrial markets. It offers electromechanical and electronic switch and control devices for commercial vehicles.",Computer Hardware,18,Information Technology,8
2791,LFVN,Lifevantage,"Lifevantage Corp is engaged in the identification, research, development and distribution of nutraceutical dietary supplements and skin care products including Protandim, LifeVantage TrueScience and Canine Health.",Consumer Packaged Goods,21,Consumer Staples,2
2793,LGCY,Legacy Reserves,"Legacy Reserves LP is an upstream limited partnership which acquires and exploits oil and natural gas properties located in the Permian Basin, Mid-continent, East Texas and Rocky Mountain regions of the United States.",Oil & Gas - E&P,46,Energy & Utilities,4
2797,LGIH,LGI Homes,"LGI Homes Inc is a residential building company. It is engaged in the design, construction, marketing and sale of new homes in markets in Texas, Arizona, Florida, Georgia, New Mexico, South Carolina, North Carolina, Colorado, Washington and Tennessee.",Homebuilding & Construction,32,Energy & Utilities,4
2798,LGL,LGL (The),"LGL Group Inc is a U.S based holding company. It operates through electronic components segment, which includes all products manufactured and sold by its subsidiaries.",Computer Hardware,18,Information Technology,8
2799,LGND,Ligand Pharmaceuticals Incorporated,Ligand Pharmaceuticals Inc is a biopharmaceutical company. Its business model is based upon the concept of acquiring royalty revenue generating assets and coupling them with a lean corporate cost structure.,Biotechnology,10,Healthcare,6
2800,LH,Laboratory of America,Laboratory Corp of America Holdings is a healthcare diagnostics company. It is engaged in providing comprehensive clinical laboratory and end-to-end drug development services. It operates in two segments: LabCorp Diagnostics and Covance Drug Development.,Medical Diagnostics & Research,41,Healthcare,6
2801,LHC,Leo,Leo Holdings Corp is a blank check company.,Conglomerates,19,Industrials,7
2803,LIFE,aTyr Pharma,"aTyr Pharma Inc is a biotherapeutics company, engaged in the discovery and clinical development of medicines for patients suffering from severe, rare diseases using its Physiocrine biology.",Biotechnology,10,Healthcare,6
2804,LII,Lennox International,"Lennox International Inc through its subsidiaries is a provider of climate control solutions. It designs, manufactures and markets products for heating, ventilation, air conditioning and refrigeration markets.",Industrial Products,34,Industrials,7
2805,LILA,Liberty Latin America,"Liberty Latin America Ltd is a telecommunications company. It offers communications and entertainment services including video, broadband internet, telephony and mobile services to its residential and business customers.",Communication Services,17,Corporate Services,3
2807,LIN,Linde plc,"Praxair Inc is a supplier of gas in the United States. It produces, distributes and sells atmospheric and process gases and surface coatings in North America, Europe, South America, and Asia. Its products are oxygen, helium, nitrogen and specialty gases.",Chemicals,14,Materials,9
2808,LINC,Lincoln Educational Services,"Lincoln Educational Services Corp provides diversified career-oriented post-secondary education to recent high school graduates and working adults. It offers programs in automotive technology, healthcare and hospitality service and information technology.",Education,24,Healthcare,6
2809,LIND,Lindblad Expeditions,"Lindblad Expeditions Holdings Inc provides expedition cruising and adventure travel experiences. The company operates in two segments namely, Lindblad and Natural habitat.",Travel & Leisure,64,Transportation & Logistics,12
2810,LINK,Interlink Electronics,"Interlink Electronics Inc designs, develops, manufactures and sells a range of force-sensing technologies that incorporate its materials technology, firmware and software into a portfolio of standard products and custom solutions.",Computer Hardware,18,Information Technology,8
2811,LION,Fidelity Southern,Fidelity Southern Corporation operates as the bank holding company based in the metropolitan Atlanta area. The bank provides a full range of financial products and services for retail customers and small to medium-sized businesses.,Banks,7,Financials,5
2812,LIQT,LiqTech International,LiqTech International Inc provides technologies for gas & liquid purification by manufacturing ceramic silicon carbide filters. It provides ceramic membranes for liquid filtration & diesel particulate filters for soot exhaust particles from diesel engine.,Industrial Products,34,Industrials,7
2814,LITE,Lumentum,"Lumentum Holdings Inc offers optical and photonic products addressing end markets including data communications and telecommunications networking and industrial and commercial lasers for manufacturing, inspection and life-science applications.",Communication Equipment,16,Information Technology,8
2815,LIVE,Live Ventures Incorporated,Live Ventures Inc provides online marketing solutions to small-to-medium sized local businesses that boost customer awareness & merchant visibility. The company also acquires profitable and well managed companies.,Conglomerates,19,Industrials,7
2816,LIVN,LivaNova PLC,"LivaNova PLC is a medical technology company formed by the merger of Sorin S.p.A, engaged in the treatment of cardiovascular diseases, and Cyberonics Inc., a medical device company with core expertise in neuromodulation.",Medical Devices,40,Healthcare,6
2820,LKFN,Lakeland Financial,"Lakeland Financial Corp is a bank holding company, which provides commercial, retail, wealth advisory and investment management services.",Banks,7,Financials,5
2821,LKQ,LKQ,"LKQ Corp is a provider of alternative and mechanical replacement products. The company distributes vehicle replacement parts, components, and systems used in repair and maintenance as well as specialty products and accessories.",Autos,6,Industrials,7
2823,LL,Lumber Liquidators,"Lumber Liquidators Holdings Inc is a retailer of hardwood flooring in North America. Its products include foreign and domestic hardwood species, engineered hardwood, laminate, resilient vinyl, bamboo, and cork flooring.",Retail - Apparel & Specialty,58,Commercial Services & Supplies,0
2828,LLY,Eli Lilly and Company,"Eli Lilly and Co is a pharmaceutical company with a focus on neuroscience, endocrinology, oncology, and immunology. It discovers, develops, manufactures, and sells human pharmaceutical products and animal health products.",Drug Manufacturers,23,Industrials,7
2830,LMAT,LeMaitre Vascular,"LeMaitre Vascular Inc provides medical devices and human tissue cryopreservation services for the treatment of peripheral vascular disease. The company develops, manufactures, and markets vascular devices to address the needs of vascular surgeons.",Medical Instruments & Equipment,43,Commercial Services & Supplies,0
2831,LMB,Limbach,"Limbach Holdings Inc is a commercial specialty contractor in the fields of heating, ventilation, air conditioning, plumbing, electrical and building controls for new and renovated buildings, maintenance services, energy retrofits and equipment upgrades.",Engineering & Construction,26,Industrials,7
2832,LMFA,LM Funding America,LM Funding America Inc is a finance company that provides funding to nonprofit community associations located in the state of Florida and to a lesser extent in the states of Washington and Colorado.,Credit Services,22,Corporate Services,3
2833,LMNR,Limoneira,Limoneira Co is mainly engaged in the farm production business in the United States. It cultivates and sells citrus fruits domestically and abroad. The company is also involved in rental operations and real estate development.,Consumer Packaged Goods,21,Consumer Staples,2
2837,LMT,Lockheed Martin,"Lockheed Martin Corp is a security and aerospace company engaged in the research, design, development, manufacture, integration, and sustainment of technology systems, products, and services.",Aerospace & Defense,1,Transportation & Logistics,12
2839,LNC,Lincoln National,"Lincoln National Corp offers individual and group insurance, retirement, and investment products in the United States and the United Kingdom. It distributes its products through independent and company-employed agents, and banks.",Insurance - Life,36,Healthcare,6
2842,LNG,Cheniere Energy,Cheniere Energy Inc is a Houston-based energy company primarily engaged in LNG-related businesses. It owns and operates the Sabine Pass LNG terminal in Louisiana. The business segments are LNG terminal business and LNG and natural gas marketing business.,Oil & Gas - Midstream,48,Energy & Utilities,4
2843,LNN,Lindsay,"Lindsay Corp designs, manufactures, and sells irrigation systems used in the agricultural industry. It also provides proprietary water management and road infrastructure products and services. The firm has Irrigation and Infrastructure reportable systems.",Farm & Construction Machinery,28,Industrials,7
2844,LNT,Alliant Energy,Alliant Energy Corp operates as a regulated investor-owned public utility holding company. It provides regulated electricity and natural gas services in the Midwest through its subsidiaries.,Utilities - Regulated,67,Energy & Utilities,4
2845,LNTH,Lantheus,Lantheus Holdings Inc develops diagnostic products for the healthcare sector. Its chief product is imaging agents used by physicians in diagnostic procedures such as cardiac ultrasounds and X-ray imaging.,Medical Diagnostics & Research,41,Healthcare,6
2846,LOAN,Manhattan Bridge Capital,"Manhattan Bridge Capital Inc is engaged in originating, servicing and managing a portfolio of first mortgage loans. It offers short-term, secured, non-banking loans to real estate investors to fund their acquisition and construction of properties.",REITs,55,Financials,5
2847,LOB,Live Oak Bancshares,Live Oak Bancshares Inc is a nationwide lender to small businesses. It offers loans comprising small business administration loans; conventional commercial business loans to small- and medium-sized businesses; and construction loans.,Banks,7,Financials,5
2848,LOCO,El Pollo Loco,"El Pollo Loco Holdings Inc through its subsidiary develops, franchises, licenses, and operates quick-service restaurants under the El Pollo Loco name.",Restaurants,57,Corporate Services,3
2849,LODE,Comstock Mining,"Comstock Mining Inc is a mining company with a focus on gold and silver deposits in the Nevada region. Its operations are divided into two segments, namely mining and real estate. The majority revenues are generated from the mining segment.",Metals & Mining,44,Industrials,7
2850,LOGI,Logitech International S.A.,"Logitech International SA designs, manufactures and markets products that allow people to connect through music, gaming, video, computing, and other digital platforms.",Computer Hardware,18,Information Technology,8
2854,LOOP,Loop Industries,Loop Industries Inc is associated with waste recycling activities primarily in the United States. It employs the de-polymerization process to convert waste plastic products into raw materials for the manufacture of virgin plastic.,Waste Management,68,Transportation & Logistics,12
2855,LOPE,Grand Canyon Education,"Grand Canyon Education Inc is an American for-profit educational company that operates a private university in Phoenix, Arizona, as well as online educational programs.",Education,24,Healthcare,6
2858,LOV,Spark Networks American Depositary Shares (each representing one-tenth of an),Spark Networks SE operates a global online dating site. The company is engaged in creating communities that help individuals form life-long relationships with others that share their interests and values.,Online Media,51,"Media, Marketing & Sales",10
2859,LOW,Lowe's Companies,"Lowe's Companies Inc is a home-improvement products dealer. The firm's stores offer products and services for home decorating, maintenance, repair, and remodeling.",Retail - Apparel & Specialty,58,Commercial Services & Supplies,0
2861,LPCN,Lipocine,Lipocine Inc is a specialty pharmaceutical company focused on applying its oral drug delivery technology for the development of pharmaceutical products in the area of men's and women's health.,Drug Manufacturers,23,Industrials,7
2862,LPG,Dorian LPG,Dorian LPG Ltd is an LPG shipping company engaged in owning and operating liquefied petroleum gas tankers.,Transportation & Logistics,63,Transportation & Logistics,12
2865,LPLA,LPL Financial,"LPL Financial Holdings Inc operates as a broker through its subsidiaries. The company provides a platform of proprietary technology, brokerage, and investment advisor services to financial advisors and institutions.",Brokers & Exchanges,11,Financials,5
2866,LPSN,LivePerson,"LivePerson Inc along with its subsidiaries provides digital engagement solutions offering a cloud-based platform which enables businesses to proactively connect with consumers through chat, voice, and content delivery.",Application Software,4,Information Technology,8
2868,LPTH,LightPath,"LightPath Technologies Inc manufactures optical components and assemblies including precision molded glass aspheric optics, infrared aspheric lenses, GRADIUM glass lenses and other optical materials used to produce products that manipulate light.",Computer Hardware,18,Information Technology,8
2869,LPTX,Leap Therapeutics,Leap Therapeutics Inc is a biopharmaceutical company . The company is engaged in acquiring and developing novel therapeutics at the leading edge of cancer biology.,Biotechnology,10,Healthcare,6
2870,LPX,Louisiana-Pacific,"Louisiana-Pacific Corp is a building products manufacturer used in home construction. The Company's business segments are North America Oriented Strand Board, Siding, Engineered Wood Products and South America.",Building Materials,12,Materials,9
2871,LQDT,Liquidity Services,"Liquidity Service Inc is an online auction marketplace for surplus and salvage assets. It enables buyers and sellers to transact in an efficient, automated online auction environment offering over approximately 500 product categories.",Retail - Apparel & Specialty,58,Commercial Services & Supplies,0
2873,LRCX,Lam Research,Lam Research Corp functions in the semiconductor industry. It develops and sells semiconductor processing systems that are used in the fabrication of integrated circuits.,Semiconductors,60,Materials,9
2874,LRN,K12,K12 Inc is a technology-based education company. It offers alternative programs to traditional on-campus schooling. It also operates state-funded virtual charter schools around the United States.,Education,24,Healthcare,6
2875,LSBK,Lake Shore Bancorp,Lake Shore Bancorp Inc operates as a savings and loan holdings company for Lake Shore Savings Bank. It attracts deposits and invests those deposits with funds in residential and real estate loans and home equity lines of credit.,Banks,7,Financials,5
2876,LSCC,Lattice Semiconductor,"Lattice Semiconductor Corp is a developer of semiconductor technology. Its product lines consist of programmable logic devices, video connectivity application-specific standard products, and wave devices.",Semiconductors,60,Materials,9
2878,LSTR,Landstar System,Landstar System Inc is an asset-light provider of integrated transportation management solutions. The company offers services to its customers across multiple transportation modes.,Transportation & Logistics,63,Transportation & Logistics,12
2879,LSXMA,Liberty Media Series Liberty SiriusXM Common Stock,"Liberty SiriusXM Group through its subsidiary holding is engaged in providing a subscription based satellite radio service. It transmits music, sports, entertainment, comedy, talk, news, traffic and weather channels, as well as infotainment services.",Entertainment,27,Healthcare,6
2882,LTBR,Lightbridge,Lightbridge Corp along with its subsidiaries is a nuclear fuel technology company and it participates in the nuclear power industry in the U.S. and internationally. Its operating segments include: nuclear fuel technology and nuclear consulting business.,Business Services,13,Corporate Services,3
2883,LTC,LTC Properties,"LTC Properties Inc is a self-administered health care real estate investment trust. It invests in senior housing and health care properties through acquisitions, development, mortgage loans and other investments.",REITs,55,Financials,5
2887,LTRPA,Liberty TripAdvisor Series Common Stock,Liberty TripAdvisor Holdings Inc provides online travel site services and online retail through its subsidiaries TripAdvisor and BuySeasons.,Online Media,51,"Media, Marketing & Sales",10
2889,LTRX,Lantronix,Lantronix Inc is a networking company. It provides machine to machine (M2M) and Internet of Things (IoT) solutions. It also provides a broad portfolio of products intended to enhance the value of electronic devices and machines.,Communication Equipment,16,Information Technology,8
2893,LULU,lululemon athletica,Lululemon Athletica Inc is a designer and retailer of technical athletic apparel operating in North America and Australia. Its yoga-inspired apparel is marketed under the lululemon athletica and ivivva athletica brand names.,Retail - Apparel & Specialty,58,Commercial Services & Supplies,0
2894,LUNA,Luna Innovations Incorporated,Luna Innovations Inc engages in providing unique capabilities in high speed optoelectronics and high performance fiber optic test products for the telecommunications industry and distributed fiber optic sensing for the aerospace and automotive industries.,Computer Hardware,18,Information Technology,8
2895,LUV,Southwest Airlines Company,Southwest Airlines Co is one of largest domestic carrier in the United States. The company operates approximately 700 aircraft constituting an all-Boeing fleet and specializes in short-haul flights and several international locations.,Airlines,3,Transportation & Logistics,12
2896,LVS,Las Vegas Sands,"Las Vegas Sands Corp operates fully integrated resorts with casino, hotel, entertainment. The company owns the Venetian Macao, Sands Macao, in Macau, the Marina Bay Sands resort in Singapore, the Venetian and Sands Bethlehem casinos in the United States.",Travel & Leisure,64,Transportation & Logistics,12
2897,LW,Lamb Weston,"Lamb Weston Holdings Inc is a producer, provider, and marketer of value-added frozen potato products. It is a supplier of frozen potato products internationally. Its products include puff, chips, steak cut fries, trim fries, appetizers, among others.",Consumer Packaged Goods,21,Consumer Staples,2
2898,LWAY,Lifeway Foods,"Lifeway Foods Inc manufactures probiotic, cultured, functional dairy and non-dairy health food products.",Consumer Packaged Goods,21,Consumer Staples,2
2900,LXFR,Luxfer PLC,"Luxfer Holdings PLC is a materials technology company. It manufactures and supplies high-performance materials, components and gas cylinders to customers in environmental technologies, healthcare technologies, protection and specialty technologies.",Industrial Products,34,Industrials,7
2902,LXP,Lexington Realty Trust,"Lexington Realty Trust is a REIT that owns a diversified portfolio of equity and debt investments in single-tenant commercial properties. It has equity ownership interests in over 195 consolidated real estate properties, located in around 40 states.",REITs,55,Financials,5
2903,LXRX,Lexicon Pharmaceuticals,Lexicon Pharmaceuticals Inc operates as a biopharmaceutical company engaged in discovery and development of breakthrough treatments for human disease. The company mainly designs and develops drugs for therapeutic areas.,Biotechnology,10,Healthcare,6
2904,LXU,LSB Industries,"LSB Industries Inc is a chemical manufacturing, marketing, and engineering company. Principally, it is engaged in production and marketing of chemical products.",Chemicals,14,Materials,9
2905,LYB,LyondellBasell Industries NV (Netherlands),LyondellBasell Industries NV is a petrochemical producer operating in US and Europe. It produces polyethylene and propylene oxide used in various consumer and industrial end products.,Chemicals,14,Materials,9
2908,LYTS,LSI Industries,"LSI Industries Inc is engaged in providing corporate visual image solutions through the combination of digital and screen graphics capabilities and indoor and outdoor lighting products, lighting control systems and related professional services.",Computer Hardware,18,Information Technology,8
2909,LYV,Live Nation Entertainment,"Live Nation Entertainment Inc is a live entertainment company, and a producer of live music concerts. It is involved in live music events, venue operations, and ticketing services.",Entertainment,27,Healthcare,6
2910,LZB,La-Z-Boy Incorporated,"La-Z-Boy Inc through its subsidiaries manufactures, markets, imports, distributes and retails upholstery furniture products. In addition, it imports, distributes and retails accessories and wood furniture products.",Manufacturing - Apparel & Furniture,39,Industrials,7
2911,M,Macy's,"Macy's Inc is an omnichannel retailer. It sells merchandise, including men's, women's and children's apparel and accessories, cosmetics, home furnishings and other consumer goods.",Retail - Apparel & Specialty,58,Commercial Services & Supplies,0
2912,MA,Mastercard Incorporated,Mastercard Inc is a technology company that generates revenue by charging fees to its customers based on both the dollar volume of card activity and the number of transactions processed through the network.,Credit Services,22,Corporate Services,3
2913,MAA,Mid-America Apartment Communities,"Mid-America Apartment Communities Inc is a multifamily focused, self-administered and self-managed REIT. The Company owns, operates, acquires and develops apartment communities in the Southeast and Southwest region of the United States.",REITs,55,Financials,5
2914,MAC,Macerich Company (The),"Macerich Co is a real estate investment trust. Its business includes ownership, development, redevelopment, management and leasing of regional and community shopping centers.",REITs,55,Financials,5
2915,MACK,Merrimack Pharmaceuticals,"Merrimack Pharmaceuticals Inc is a biotechnology company. It discovers, develops, and commercializes innovative medicines consisting of novel therapeutics paired with diagnostics to treat various types of cancer.",Biotechnology,10,Healthcare,6
2918,MAIN,Main Street Capital,Main Street Capital Corp is an investment firm engaged in providing customized debt and equity financing to lower middle market companies and debt capital to middle market companies.,Asset Management,5,Financials,5
2920,MAN,ManpowerGroup,"ManpowerGroup Inc is engaged in the employment services industry. It offers permanent, temporary and contract recruitment services; assessment and selection services; training and development services; outsourcing services, and among others.",Employment Services,25,Professional Services,11
2921,MANH,Manhattan Associates,"Manhattan Associates Inc develops, sells, deploys, services and maintains software solutions designed to manage supply chains, inventory and omni-channel operations for retailers, wholesalers, manufacturers, logistics providers and other organizations.",Application Software,4,Information Technology,8
2924,MAR,Marriott International,"Marriott International Inc is an operator, franchisor and licensor of hotels and timeshare properties under different brand names. It also operates and develops residential properties and provides services to home/condominium owner associations.",Travel & Leisure,64,Transportation & Logistics,12
2925,MARA,Marathon Patent,Marathon Patent Group Inc is a patent and patent rights acquisition and licensing company. The company acquires patents and patent rights from their owners including individual inventors to Fortune 500 companies.,Business Services,13,Corporate Services,3
2926,MARK,Remark,"Remark Holdings Inc is an international digital media company. The company provides digital media experiences across multiple verticals, such as travel and entertainment and young adult lifestyle.",Online Media,51,"Media, Marketing & Sales",10
2928,MAS,Masco,"Masco Corp provides homebuilding solutions the United States. Its array of products entails faucets, showerheads, paints and coatings.",Building Materials,12,Materials,9
2929,MASI,Masimo,"Masimo Corp is a medical technology company. The company develops, manufactures, and markets noninvasive monitoring technologies. Its product includes noninvasive blood constituent and brain and breath monitoring.",Medical Instruments & Equipment,43,Commercial Services & Supplies,0
2930,MAT,Mattel,"Mattel Inc designs, manufactures, and markets a variety of toy products through sales to its customers and directly to consumers. The products include fashion dolls, infant and preschool products, toy cars, and electrical vehicles, among others.",Travel & Leisure,64,Transportation & Logistics,12
2931,MATW,Matthews International,"Matthews International Corp is a designer, manufacturer and marketer of memorialization products and brand solutions. Its products and services include cast bronze memorials, caskets, cast and etched architectural products, cremation equipment and others.",Conglomerates,19,Industrials,7
2932,MATX,Matson,"Matson Inc is a holding company, consisting of two segments, ocean transportation and logistics. The company also provides container stevedoring, container equipment maintenance and other terminal services for MatNav and other ocean carriers.",Transportation & Logistics,63,Transportation & Logistics,12
2934,MAXR,Maxar,"Maxar Technologies Ltd is an integrated space and geospatial intelligence company with a full range of space technology solutions for commercial and government customers including satellites, Earth imagery, geospatial data and analytics.",Communication Equipment,16,Information Technology,8
2935,MAYS,J. W. Mays,JW Mays Inc is a US based real estate company. It is engaged in leasing of real estate and operates a number of commercial real estate properties in New York.,Real Estate Services,56,Professional Services,11
2937,MBCN,Middlefield Banc,Middlefield Banc Corp is a bank holding company. The company through its subsidiaries is engaged in the general commercial banking business in Northeastern and Central Ohio.,Banks,7,Financials,5
2939,MBI,MBIA,MBIA Inc is engaged in providing financial guarantee insurance to the United States public finance markets. Its segments are U.S. public finance insurance; corporate; international and structured finance insurance.,Insurance - Property & Casualty,37,Healthcare,6
2941,MBIN,Merchants Bancorp,"Merchants Bancorp is a bank holding company. It operates multi-family housing and healthcare facility financing and servicing, mortgage warehouse financing, retail and correspondent residential mortgage banking, agricultural lending and community banking.",Banks,7,Financials,5
2942,MBIO,Mustang Bio,Mustang Bio Inc is a clinical-stage biopharmaceutical company. It is engaged in the development and commercialization of novel cancer immunotherapy products designed to utilize the power of the patient's own immune system to eliminate cancer cells.,Biotechnology,10,Healthcare,6
2943,MBOT,Microbot Medical,"Microbot Medical Inc is a pre-clinical medical device company. It specializes in research, design and development of next generation micro-robotics assisted medical technologies.",Medical Instruments & Equipment,43,Commercial Services & Supplies,0
2944,MBRX,Moleculin Biotech,"Moleculin Biotech Inc is a clinical-stage pharmaceutical company. The company is engaged in the development of anti-cancer drug candidates. Its drug development technologies include liposomal Annamycin, WP1122 and WP1066.",Biotechnology,10,Healthcare,6
2947,MBUU,Malibu Boats,"Malibu Boats Inc is a designer, manufacturer and marketer of performance sport boats. Its boats are used for water sports, including water skiing, wakeboarding and wake surfing, as well as general recreational boating.",Autos,6,Industrials,7
2948,MBWM,Mercantile Bank,"Mercantile Bank Corp is a bank holding company. It provides banking services offering deposit products including checking, savings, and term certificate accounts, and lending products including commercial, residential mortgage and installment loans.",Banks,7,Financials,5
2949,MC,Moelis & Company,"Moelis & Company is a global independent investment bank that provides innovative, strategic advice to a diverse client base. It serves client such as corporations, governments, and financial sponsors. It generates a majority of its revenue from the U.S.",Asset Management,5,Financials,5
2952,MCBC,Macatawa Bank,"Macatawa Bank Corp is a holding company of Macatawa Bank. It offers commercial and personal banking services, brokerage services, online banking and lending funds to individual customers and corporates through its subsidiary, Macatawa Bank.",Banks,7,Financials,5
2954,MCD,McDonald's,"McDonald's Corp operates a chain of restaurants with approximately 37,200 restaurants in 120 countries. It also receives franchise royalties, and licensing pacts. The company offers a uniform value-priced menu with special additions based on regions.",Restaurants,57,Corporate Services,3
2957,MCFT,MasterCraft Boat,MCBC Holdings Inc is a designer and manufacturer of inboard tournament ski boats and luxury performance V-drive runabouts under the MasterCraft brand and high-end saltwater fishing boats under the Hydra-Sports brand.,Autos,6,Industrials,7
2958,MCHP,Microchip Technology Incorporated,"Microchip Technology Inc develops, manufactures and sells semiconductor products used for a range of embedded control applications. It also provides license Flash-IP solutions.",Semiconductors,60,Materials,9
2959,MCHX,Marchex,"Marchex Inc is a mobile advertising technology company. It provides products and services for businesses of all sizes. The company's analytics technology can facilitate call quality, analyze calls and measure the outcomes of calls.",Advertising & Marketing Services,0,"Media, Marketing & Sales",10
2961,MCK,McKesson,"McKesson Corp provides medicines, pharmaceutical supplies, information and care management products and services across the healthcare industry. It operates with two segments namely McKesson Distribution Solutions and McKesson Technology Solutions.",Medical Distribution,42,Healthcare,6
2963,MCO,Moody's,"Moody's Corporation publishes credit ratings, and research reports on fixed-income securities, issuers of securities, and other credit obligations. The company primarily provides opinions and reports to investors and institutions.",Brokers & Exchanges,11,Financials,5
2965,MCRB,Seres Therapeutics,Seres Therapeutics Inc is a microbiome therapeutics platform company which is engaged in developing biological drugs which are referred as ecobiotic microbiome therapeutics.,Biotechnology,10,Healthcare,6
2966,MCRI,Monarch Casino & Resort,"Monarch Casino & Resort Inc owns and operates the Atlantis Casino Resort Spa, a hotel or casino facility in Reno, Nevada; the Monarch Casino Black Hawk in Black Hawk, Colorado and real estate proximate to the Atlantis and Monarch Casino Black Hawk.",Travel & Leisure,64,Transportation & Logistics,12
2968,MCS,Marcus (The),"Marcus Corp is engaged in two business segments, which are movie theatres and hotels and resorts.",Entertainment,27,Healthcare,6
2969,MCY,Mercury General,"Mercury General Corp is an insurance holding company. It is engaged in writing personal automobile insurance as well as homeowners, commercial automobile, commercial property, mechanical breakdown, and umbrella insurance.",Insurance - Property & Casualty,37,Healthcare,6
2970,MD,Mednax,"Mednax Inc is a provider of physician services that are newborn, anesthesia, maternal-fetal, teleradiology, pediatric cardiology and other pediatric subspecialty care. Anesthesiology and Neonatology and other pediatric subspecialties generate more income.",Health Care Providers,31,Healthcare,6
2971,MDB,MongoDB,"MongoDB Inc develops and sells subscriptions to a modern, general purpose database platform. It also provides post-contract support, training, and consulting services for its offerings.",Application Software,4,Information Technology,8
2972,MDC,M.D.C.,M.D.C. Holdings Inc is engaged in the residential construction industry. Its home building operations consists of construction and sale of single-family detached homes and financial services including mortgage loans and title agency services.,Homebuilding & Construction,32,Energy & Utilities,4
2975,MDGL,Madrigal Pharmaceuticals,Madrigal Pharmaceuticals Inc is a company focused on the development of novel compounds for the treatment of cardiovascular-metabolic diseases and nonalcoholic steatohepatitis (NASH).,Biotechnology,10,Healthcare,6
2978,MDLZ,Mondelez International,"Mondelez International Inc is associated with the confectionery industry. It manufactures and markets snack food and beverage products like biscuits, chocolate, gum and candy, and beverages.The sale of biscuits generate maximum revenue for the company.",Consumer Packaged Goods,21,Consumer Staples,2
2983,MDT,Medtronic plc.,"Medtronic PLC is a medical technology company. It primarily manufacture and sell device-based medical therapies. It operates in Cardiac and Vascular, Minimally Invasive Therapies, Restorative Therapies and Diabetes segments.",Medical Devices,40,Healthcare,6
2984,MDU,MDU Resources (Holding Company),"MDU Resources Group Inc operates as a diversified natural resource company. The company mines aggregates and markets crushed stone, sand, gravel and related construction materials, including ready-mixed concrete, cement, asphalt, and liquid asphalt.",Building Materials,12,Materials,9
2986,MED,MEDIFAST,"Medifast Inc is a health products manufacturer in the United States. It sells products such as meal replacements, snacks, hydration products and vitamins mainly through an online platform.",Retail - Apparel & Specialty,58,Commercial Services & Supplies,0
2987,MEDP,Medpace,"Medpace Holdings Inc is a clinical contract research organisation. It is engaged in providing scientifically-driven clinical research-based drug and medical device development services to the biotechnology, pharmaceutical and medical device industries.",Medical Diagnostics & Research,41,Healthcare,6
2989,MEI,Methode Electronics,Methode Electronics Inc is a part of the electronic components industry. Its main products primarily include components and subsystem devices.,Computer Hardware,18,Information Technology,8
2990,MEIP,MEI Pharma,"MEI Pharma Inc is an oncology company focused on the clinical development of novel therapeutics for cancer. The Company's portfolio of drug candidates includes Pracinostat, an oral histone deacetylase inhibitor.",Drug Manufacturers,23,Industrials,7
2991,MELI,MercadoLibre,"MercadoLibre Inc is an e-commerce company. It hosts the online commerce platform in Latin America, which is focused on enabling e-commerce and its related services. The company generates most of its revenue from Brazil, Argentina, Venezuela, and Mexico.",Retail - Apparel & Specialty,58,Commercial Services & Supplies,0
2995,MERC,Mercer International,"Mercer International Inc operates in the pulp business and its operations are located in Germany and Western Canada. The Company is a producer of market northern bleached softwood kraft, or NBSK, pulp in the world.",Forest Products,29,Materials,9
2997,MET,MetLife,"MetLife Inc provides life insurance, annuities, employee benefits and asset management in the United States, Japan, Latin America, Asia, Europe and the Middle East.",Insurance - Life,36,Healthcare,6
2998,METC,Ramaco Resources,"Ramaco Resources Inc is a operator and developer of high-quality, low-cost metallurgical coal in central and southern West Virginia and southwestern Pennsylvania.",Coal,15,Energy & Utilities,4
2999,MFA,MFA Financial,"MFA Financial Inc through its subsidiaries is engaged in real estate finance business. The company invests in residential mortgage assets, including Agency MBS, Non-Agency MBS, residential whole loans and CRT securities.",REITs,55,Financials,5
3005,MFIN,Medallion Financial,"Medallion Financial Corp is a specialty finance company that originates, acquires, and services loans that finance taxicab medallions and various types of commercial businesses. The company operates through Lending and Investing operation segments.",Credit Services,22,Corporate Services,3
3012,MG,Mistras,"MISTRAS Group Inc provides technology-enabled asset protection solutions and systems. Services include routine inspections, asset integrity management, and asset integrity assessments.",Consulting & Outsourcing,20,Professional Services,11
3014,MGEE,MGE Energy,"MGE Energy Inc is a public utility holding company. The company, through its subsidiaries, generates and distributes electricity and purchases and distributes natural gas.",Utilities - Regulated,67,Energy & Utilities,4
3020,MGM,MGM Resorts International,"MGM Resorts International owns and operates casino, hotel and entertainment resorts. The company offers its services through its properties in Las Vegas include Bellagio, MGM Grand, Mandalay Bay, Mirage, Luxor, and New York-New York.",Travel & Leisure,64,Transportation & Logistics,12
3021,MGNX,MacroGenics,"Macrogenics Inc is a clinical-stage biopharmaceutical company. It focusses on discovering and developing monoclonal antibody-based therapeutics for the treatment of cancer, as well as various autoimmune disorders and infectious diseases.",Biotechnology,10,Healthcare,6
3023,MGPI,MGP Ingredients,"MGP Ingredients Inc through its subsidiaries is engaged in producing distillery products derived from corn & other feedstock including rye, barley, barley malt and milo; and ingredient products derived from wheat flour to serve packaged goods industry.",Consumer Packaged Goods,21,Consumer Staples,2
3024,MGRC,McGrath RentCorp,"McGrath RentCorp is a rental company offering modular building & portable storage, electronic test equipment, containment solutions for the storage of hazardous & non-hazardous liquids & solids; & also manufactures and sells modular classroom buildings.",Consulting & Outsourcing,20,Professional Services,11
3025,MGTA,Magenta Therapeutics,Magenta Therapeutics Inc is a clinical-stage biotechnology company. It is engaged in developing novel medicines to bring the curative power of bone marrow transplant.,Biotechnology,10,Healthcare,6
3026,MGTX,MeiraGTx plc,"MeiraGTx Holdings PLC is a clinical stage gene therapy company. Its pipeline products include AAV-CNGB3, AAV-CNGA3. AAV-UPF1, West AMD, Dry AMD, and others. Geographically, the company generates a majority of its revenue from the United Kingdom.",Biotechnology,10,Healthcare,6
3028,MGY,Magnolia Oil & Gas,"TPG Pace Energy Holdings Corp is a newly organized blank check company formed for the purpose of effecting a merger, capital stock exchange, asset acquisition, stock purchase, reorganization or similar business combination with one or more businesses.",Oil & Gas - E&P,46,Energy & Utilities,4
3029,MGYR,Magyar Bancorp,Magyar Bancorp Inc through its subsidiaries is engaged in attracting retail deposits from the general public and investing those deposits together with funds generated from operations in loans and investment securities.,Banks,7,Financials,5
3033,MHH,Mastech Digital,Mastech Digital Inc is a provider of Information Technology (IT) staffing services. The Company recruit through Recruiting Centers located in the U.S. and India that deliver a full range of recruiting and sourcing services.,Employment Services,25,Professional Services,11
3035,MHK,Mohawk Industries,"Mohawk Industries Inc is a flooring manufacturer that creates products to enhance residential and commercial spaces around the world. The company's business segments are Global Ceramic, Flooring North America and Flooring Rest of the World.",Manufacturing - Apparel & Furniture,39,Industrials,7
3036,MHLD,Maiden,Maiden Holdings Ltd provides reinsurance products and services to regional and specialty property and casualty insurers.,Insurance - Specialty,38,Healthcare,6
3038,MHO,M/I Homes,M/I Homes Inc is a part of the residential construction industry. It primarily builds single-family residential properties for the purpose of sale.,Homebuilding & Construction,32,Energy & Utilities,4
3042,MIDD,The Middleby,"The Middleby Corp through its subsidiaries is engaged in designing, manufacturing, marketing, distributing and servicing foodservice equipment, food preparation, cooking, baking, chilling and packaging equipment and premium kitchen equipment.",Industrial Products,34,Industrials,7
3047,MIND,Mitcham Industries,"Mitcham Industries Inc provides equipment leasing, sales, and service to the seismic industry. The company operates in two business segments. The Marine Technology Products segment and Equipment Leasing.",Computer Hardware,18,Information Technology,8
3049,MITK,Mitek Systems,"Mitek Systems Inc offers mobile capture and identity verification software solutions for enterprises. The company through its mobile and imaging technology provides products such as Mobile Verify, Mobile Docs, Mobile Deposit, and Multi Check Capture.",Application Software,4,Information Technology,8
3050,MITT,AG Mortgage Investment Trust,"AG Mortgage Investment Trust Inc invest in, acquire and manage a diversified portfolio of residential mortgage assets, other real estate-related securities and financial assets.",REITs,55,Financials,5
3051,MIXT,MiX Telematics Limited American Depositary Shares each representing 25,MiX Telematics Ltd provides fleet and mobile asset management solutions delivered as Software as a Service. The company also offers smartphone applications to support all of the tracking products in its portfolio.,Application Software,4,Information Technology,8
3054,MKC,McCormick & Company Incorporated,"McCormick & Co Inc acts as a manufacturer, marketer, and distributor of spices, herbs, extracts, seasonings, and other flavorings. It serves its products to quick-service restaurants, retail grocery chains, and packaged food processors.",Consumer Packaged Goods,21,Consumer Staples,2
3057,MKL,Markel,"Markel Corp is engaged in the business of property and casualty insurance. It focuses primarily on specialty lines, such as executive liability to commercial equine insurance. It also invests in bakery equipment manufacturing and residential homebuilding.",Insurance - Property & Casualty,37,Healthcare,6
3058,MKSI,MKS Instruments,"MKS Instruments Inc is a provider of instruments, subsystems and process control solutions that measure, control, power, deliver, monitor and analyze critical parameters of manufacturing processes to improve process performance and productivity.",Computer Hardware,18,Information Technology,8
3059,MKTX,MarketAxess,"MarketAxess Holdings Inc provides electronic fixed-income trading platform. It's trading categories include US and European high-grade corporate, European Government, and high-yield bonds. The firm also provides market information and analytic tools.",Brokers & Exchanges,11,Financials,5
3060,MLAB,Mesa Laboratories,"Mesa Laboratories Inc designs, manufactures and markets quality control instruments and disposable products and also manufactures and markets biological indicators and distributes chemical indicators.",Computer Hardware,18,Information Technology,8
3063,MLI,Mueller Industries,"Mueller Industries Inc is a manufacturer and distributor of copper, brass, aluminum, and plastic products. The product range consists of copper tube and fittings, line sets, brass and copper alloy rod, and aluminum impact extrusions.",Industrial Products,34,Industrials,7
3064,MLM,Martin Marietta Materials,"Martin Marietta Materials Inc is a natural-resource-based building materials company. It supplies aggregates products used for the construction of infrastructure, nonresidential, and residential projects.",Building Materials,12,Materials,9
3068,MLP,Maui Land & Pineapple Company,"Maui Land & Pineapple Co Inc is engaged in community development and resort operations. The Company owns approximately 23,000 acres of land on Maui and develops, sells, and manages residential, resort, commercial, and industrial real estate.",Real Estate Services,56,Professional Services,11
3069,MLR,Miller Industries,"Miller Industries Inc. is a manufacturer of towing and recovery equipment. It products are marketed under the brand names of Century, Challenger, Holmes, Champion, Eagle, Titan, Jige, Boniface, Vulcan, and Chevron.",Autos,6,Industrials,7
3070,MLSS,Milestone Scientific,"Milestone Scientific Inc provides computer-controlled injection technologies and solutions for the medical and dental markets. It has developed a proprietary, computer-controlled anesthetic delivery instrument, through the use of The Wand.",Medical Instruments & Equipment,43,Commercial Services & Supplies,0
3071,MLVF,Malvern Bancorp,"Malvern Bancorp Inc is engaged in attracting deposits from businesses and the general public in Chester County, Pennsylvania and investing those deposits, together with borrowings and funds.",Banks,7,Financials,5
3073,MMC,Marsh & McLennan Companies,"Marsh & McLennan Companies Inc is a professional services firm which provides advice and solutions in the areas of risk, strategy, and human capital.",Brokers & Exchanges,11,Financials,5
3076,MMI,Marcus & Millichap,"Marcus & Millichap, Inc. is a national brokerage firm engaged in commercial real estate investment sales, financing, research and advisory services.",Real Estate Services,56,Professional Services,11
3077,MMLP,Martin Midstream Partners,Martin Midstream Partners LP provides terminalling and storage services for petroleum products and by-products; natural gas services; sulfur and sulfur-based products and marine transportation services.,Oil & Gas - Midstream,48,Energy & Utilities,4
3078,MMM,3M Company,"3M Co is a diversified technology company. It manufactures a diverse array of industrial and consumer products. Its business segments are Industrial, Safety and Graphics, Health Care, Electronics and Energy, and Consumer.",Industrial Products,34,Industrials,7
3079,MMP,Magellan Midstream Partners Limited Partnership,"Magellan Midstream Partners LP is engaged in the transportation, storage and distribution of refined petroleum products. The company operates through three segments: refined products, crude oil and marine storage.",Oil & Gas - Midstream,48,Energy & Utilities,4
3080,MMS,Maximus,Maximus Inc provides business process services to government health and human services agencies in the United States and to foreign governments.,Business Services,13,Corporate Services,3
3081,MMSI,Merit Medical Systems,"Merit Medical Systems Inc designs, develops, manufactures and sells medical devices used in interventional and diagnostic procedures. Its products are used in thoracic surgery, interventional nephrology, vascular surgery, and oncology and pain management.",Medical Instruments & Equipment,43,Commercial Services & Supplies,0
3090,MNKD,MannKind,"MannKind Corp is engaged in the discovery, development, and commercialization of therapeutic products for diseases such as diabetes and cancer. Its products and technologies include Afrezza, Dry powder formulation, Inhalation profiling, and others.",Biotechnology,10,Healthcare,6
3092,MNOV,MediciNova,MediciNova Inc is a biopharmaceutical company. It is engaged in acquiring and developing small molecule therapeutics for the treatment of serious diseases with unmet medical needs.,Biotechnology,10,Healthcare,6
3094,MNR,Monmouth Real Estate Investment,"Monmouth Real Estate Investment Corp is engaged in the ownership and management of industrial buildings subject to long-term net leases, mainly to investment grade tenants.",REITs,55,Financials,5
3095,MNRO,Monro,"Monro Inc provides automotive undercar repair and tire services in the United States. The Company provides a broad range of services on passenger cars, light trucks and vans for brakes; mufflers and exhaust systems and steering among others.",Autos,6,Industrials,7
3096,MNST,Monster Beverage,"Monster Beverage Corp develops, markets, sells and distributes energy drink beverages and/or concentrates for energy drink beverages. Its brands include Monster Energy, Java Monster, Monster Rehab, NOS, Full Throttle, Mother, among others.",Beverages - Non-Alcoholic,9,Consumer Staples,2
3098,MNTX,Manitex International,"Manitex International Inc, through its subsidiaries, is engaged in the design, manufacture and distribution of engineered lifting solutions. Its products include boom trucks, truck cranes and sign cranes.",Industrial Products,34,Industrials,7
3099,MO,Altria,"Altria Group Inc along with its subsidiaries is engaged in the manufacture and sale of cigarettes, machine-made large cigars, pipe tobacco, smokeless tobacco products and wine.",Tobacco Products,62,Consumer Staples,2
3102,MOD,Modine Manufacturing Company,"Modine Manufacturing Co manufactures thermal management systems & components, bringing heating & cooling technology and solutions to diversified markets.",Autos,6,Industrials,7
3103,MODN,Model N,"Model N Inc provides revenue management cloud solutions for life science and technology companies. Its portfolio includes Revenue Cloud, Revenue Cloud for Pharma, Revenue Cloud for MedTech and Revenue Cloud for High Tech.",Application Software,4,Information Technology,8
3104,MOFG,MidWestOne Financial,"MidWestOne Financial Group Inc is a bank holding company. The company through its subsidiary provides commercial and retail lending services to individuals, businesses, governmental units and institutional customers in central and east-central Iowa.",Banks,7,Financials,5
3108,MOH,Molina Healthcare,Molina Healthcare Inc is a healthcare company. It offers Medicaid-related solutions to meet the health care needs of low-income families and individuals. It also provides plans through health insurance exchanges.,Health Care Plans,30,Healthcare,6
3111,MORN,Morningstar,"Morningstar Inc is a provider of independent investment research on two core sectors data and research. It offers data on investments such as mutual funds, stocks, exchange-traded funds, closed-end funds, separate accounts, and variable annuities.",Business Services,13,Corporate Services,3
3112,MOS,Mosaic Company (The),Mosaic Co has its activities based in the agriculture industry. Its business involves production and marketing of crop enhancement products such as concentrated phosphate and potash crop nutrients.,Agriculture,2,Industrials,7
3115,MOTS,Motus GI,"Motus GI Holdings Inc is a medical technology company with subsidiaries in the US and Israel dedicated to improving endoscopy outcomes, lowering costs and enhancing patient experiences.",Medical Diagnostics & Research,41,Healthcare,6
3116,MOV,Movado,"Movado Group Inc designs, sources, markets and distributes fine watches. Its brands include Coach Watches, Concord, Ebel, ESQ Movado, Scuderia Ferrari Watches, HUGO BOSS Watches, Juicy Couture Watches, Lacoste Watches, Movado, and Tommy Hilfiger Watches.",Retail - Apparel & Specialty,58,Commercial Services & Supplies,0
3119,MPAA,Motorcar Parts of America,"Motorcar Parts of America Inc is a manufacturer, remanufacturer, and distributor of aftermarket automotive parts for import and domestic cars, light trucks, heavy duty, agricultural and industrial applications.",Autos,6,Industrials,7
3120,MPB,Mid Penn Bancorp,"Mid Penn Bancorp Inc is a bank holding company, which through its holding provides commercial banking & trust business, making available to the community a range of financial services including mortgage & home equity loans, & commercial & consumer loans.",Banks,7,Financials,5
3121,MPC,Marathon Petroleum,"Marathon Petroleum Corp is engaged in the oil & gas sector. The company is engaged in refining, marketing, retail and transportation of petroleum products in the United States.",Oil & Gas - Refining & Marketing,49,"Media, Marketing & Sales",10
3122,MPLX,MPLX Representing Limited Partner Interests,"MPLX LP is a limited partnership company that owns, operates develops and acquires midstream energy infrastructure assets. It gathers, processes and transports natural gas, crude oil, and refined petroleum products.",Oil & Gas - Midstream,48,Energy & Utilities,4
3126,MPW,Medical Properties Trust,"Medical Properties Trust Inc is a self-advised real estate investment trust. It is engaged in the business of investing in, owning, and leasing healthcare real estate.",REITs,55,Financials,5
3127,MPWR,Monolithic Power Systems,"Monolithic Power Systems Inc is a provider of high-performance power solutions. These solutions are found in industrial applications, telecommunication infrastructures, cloud computing, automotive, and consumer applications.",Semiconductors,60,Materials,9
3128,MPX,Marine Products,"Marine Products Corp designs, manufactures and sells fiberglass powerboats Chaparral and Robalo brands.",Autos,6,Industrials,7
3131,MRAM,Everspin,Everspin Technologies Inc is a provider of magnetoresistive random access memory (MRAM) products. The Company operates its business as one operating segment for purposes of assessing performance and making operating decisions.,Semiconductors,60,Materials,9
3132,MRBK,Meridian,"Meridian Bank is a full-service, state-chartered commercial bank providing personal, business lending and deposit services.",Banks,7,Financials,5
3133,MRC,MRC Global,"MRC Global Inc along with its subsidiaries is an industrial distributor of pipe, valves and fittings and related products and services to energy industries. Its other products are pipe, steel fitting, and tubular goods.",Oil & Gas - Services,50,Commercial Services & Supplies,0
3134,MRCC,Monroe Capital,"Monroe Capital Corp is a specialty finance company providing financing to lower middle-market companies in U.S & Canada. It provides customized financing solutions focused mainly on senior, unitranche and junior secured debt.",Banks,7,Financials,5
3135,MRCY,Mercury Systems,"Mercury Systems Inc is a commercial provider of secure processing subsystems designed and made in the USA for critical defense and intelligence programs. The Company delivers affordable solutions, service and support to defense prime contractors.",Computer Hardware,18,Information Technology,8
3136,MRIN,Marin Software Incorporated,"Marin Software Inc provides a cloud-based digital advertising management solution for search, display, social and mobile advertising channels to improve financial performance, realize efficiencies and time savings and improve business decisions.",Application Software,4,Information Technology,8
3137,MRK,Merck & Company (new),"Merck & Co Inc is a health care company that delivers health solutions through its prescription medicines, vaccines, biologic therapies and animal health products.",Drug Manufacturers,23,Industrials,7
3138,MRKR,Marker Therapeutics,TapImmune Inc is developing immunotherapies for a variety of cancers designed to target both tumors and metastatic disease. The company's next-generation technology has been engineered to overcome the deficiencies of earlier cancer vaccine approaches.,Biotechnology,10,Healthcare,6
3140,MRNS,Marinus Pharmaceuticals,Marinus Pharmaceuticals Inc is a clinical stage biopharmaceutical company. It is focused on developing and commercializing innovative therapeutics to treat epilepsy and neuropsychiatric disorders.,Biotechnology,10,Healthcare,6
3141,MRO,Marathon Oil,"Marathon Oil Corp is an exploration and production company. It focuses on producing crude oil and condensate, natural gas liquids and natural gas as well as bitumen from oil sands deposits.",Oil & Gas - E&P,46,Energy & Utilities,4
3142,MRSN,Mersana Therapeutics,"Mersana Therapeutics Inc is a clinical stage biopharmaceutical company focused on developing antibody drug conjugates, or ADCs, that offer a clinically meaningful benefit for cancer patients with significant unmet need.",Biotechnology,10,Healthcare,6
3144,MRTN,Marten Transport,Marten Transport Ltd is a temperature-sensitive truckload carrier in US. It is engaged in transporting and distributing food and other consumer packaged goods which requires a temperature-controlled or insulated environment.,Transportation & Logistics,63,Transportation & Logistics,12
3145,MRTX,Mirati Therapeutics,Mirati Therapeutics Inc is a biotechnology company. The company's focuses on precision medicine for oncology therapeutics. The company provides bioavailable inhibitors with distinct target profiles aiming to treat cancer patients.,Biotechnology,10,Healthcare,6
3146,MRUS,Merus N.V.,"Merus NV is a clinical-stage immuno-oncology company developing innovative full-length human bispecific antibody therapeutics, referred to as Biclonics.",Biotechnology,10,Healthcare,6
3147,MRVL,Marvell Technology,"Marvell Technology Group Ltd and its subsidiaries is a fabless semiconductor provider of application-specific standard products. The company's product portfolio includes devices for storage, networking and connectivity.",Semiconductors,60,Materials,9
3148,MS,Morgan Stanley,"Morgan Stanley is a global investment bank. The company has institutional securities, wealth-management, and asset-management segments.",Brokers & Exchanges,11,Financials,5
3149,MSA,MSA Safety Incorporated,"MSA Safety Inc develops, manufactures & supplies safety products that protect people & facility infrastructure. Its products include fixed gas & flame detection systems, portable gas detection instruments, head protection product & fall protection device.",Consulting & Outsourcing,20,Professional Services,11
3150,MSB,Mesabi Trust,Mesabi Trust operates as a royalty trust in the United States. The company involves in the conservation and protection of the assets held.,Asset Management,5,Financials,5
3152,MSBI,Midland States Bancorp,"Midland States Bancorp Inc through its subsidiary provides traditional community banking and other complementary financial services, including commercial lending, residential mortgage origination, merchant services and prime consumer lending.",Banks,7,Financials,5
3153,MSCI,MSCI,"MSCI Inc is an independent provider of research-driven insights and tools for institutional investors. It offers content, applications and services to support the needs of institutional investors throughout their investment processes.",Brokers & Exchanges,11,Financials,5
3155,MSEX,Middlesex Water Company,"Middlesex Water Co is a water utility based in the U.S. state of New Jersey. It is engaged the business of collecting, treating, distributing and selling water for domestic, commercial, municipal, industrial and fire protection purposes.",Utilities - Regulated,67,Energy & Utilities,4
3157,MSFT,Microsoft,"Microsoft Corp is a technology company. It develop, license, and support a wide range of software products and services. Its business is organized into three segments: Productivity and Business Processes, Intelligent Cloud, and More Personal Computing.",Application Software,4,Information Technology,8
3160,MSI,Motorola Solutions,"Motorola Solutions Inc is a communications equipment manufacturer. It provides communications infrastructure, devices such as two-way portable radios, and an array of communications network management and support services.",Communication Equipment,16,Information Technology,8
3162,MSM,MSC Industrial Direct Company,"MSC Industrial Direct Co Inc distributes maintenance, repair and operating supplies to an industrial-oriented customer base.",Industrial Distribution,33,Industrials,7
3163,MSN,Emerson Radio,"Emerson Radio Corp designs, sources, imports and markets housewares and consumer electronic products and licenses its trademarks to others for products domestically and internationally.",Computer Hardware,18,Information Technology,8
3165,MSTR,MicroStrategy Incorporated,"MicroStrategy Inc is a provider of enterprise-ready analytics, mobile, and security software platforms. The Company provides system-of-record reporting and interactive visualization capabilities offered on any device or in the cloud.",Application Software,4,Information Technology,8
3166,MSVB,Mid-Southern Bancorp,Mid-Southern Savings Bank provides a variety of banking services to individuals and business customers.,Banks,7,Financials,5
3168,MTB,M&T Bank,"M&T Bank Corp offers banking services. Its reportable segments are Business Banking, Commercial Banking, Commercial Real Estate, Discretionary Portfolio, Residential Mortgage Banking and Retail Banking.",Banks,7,Financials,5
3170,MTCH,Match,"Match Group Inc primarily offers online dating products and services through over 45 online dating brands, Tinder being the most well known. The company also has a non-dating business which provides test preparation and tutoring services.",Online Media,51,"Media, Marketing & Sales",10
3171,MTD,Mettler-Toledo International,"Mettler-Toledo International Inc supplies weighing and precision instruments to customers in the life sciences, industrial and food retail industries. Its products are laboratory scales, pipettes, pH meters, thermal analysis equipment and others.",Medical Diagnostics & Research,41,Healthcare,6
3172,MTDR,Matador Resources Company,"Matador Resources Co is an independent energy company, engaged in the exploration, development, production and acquisition of oil and natural gas resources in the United States, with an emphasis on oil and natural gas shale and other unconventional plays.",Oil & Gas - E&P,46,Energy & Utilities,4
3174,MTEM,Molecular Templates,Molecular Templates Inc is a clinical-stage biopharmaceutical company. It develops next generation immunotoxins known as Engineered Toxin Bodies for the treatment of individuals living with various cancer.,Biotechnology,10,Healthcare,6
3175,MTEX,Mannatech Incorporated,"Mannatech Inc develops and sells nutritional supplements, topical and skin care products, and weight-management products. Its products portfolio includes Ambrotose complex, Ambrotose AO, NutriVerus, and OsoLean, among others.",Consumer Packaged Goods,21,Consumer Staples,2
3177,MTG,MGIC Investment,MGIC Investment Corp is engaged in the financial services domain. Its core business is the provision of private mortgage insurance and ancillary services. Insurance premiums generate maximum revenue for the company.,Insurance - Specialty,38,Healthcare,6
3178,MTH,Meritage Homes,Meritage Homes Corp is a designer and builder of single-family homes. The company offer homes that are designed to appeal to a wide range of homebuyers primarily focused on first-time and first move-up buyers. Its operations are spread across USA.,Homebuilding & Construction,32,Energy & Utilities,4
3181,MTN,Vail Resorts,"Vail Resorts Inc is a mountain resort operator. It owns four ski resorts in Colorado, one ski resort in Lake Tahoe, and one summer resort in Grand Teton, Wyoming. Its operating segments are Mountain, Lodging and Real Estate.",Travel & Leisure,64,Transportation & Logistics,12
3182,MTNB,Matinas Biopharma,Matinas BioPharma Holdings Inc is a clinical-stage biopharmaceutical company engaged in identifying & developing safe and effective broad spectrum therapeutics for the treatment of serious and life-threatening infections.,Biotechnology,10,Healthcare,6
3186,MTRN,Materion,"Materion Corp is a producer of metal products. It is an integrated producer of high-performance advanced engineered materials used in a variety of electrical, electronic, thermal, and structural applications.",Metals & Mining,44,Industrials,7
3187,MTRX,Matrix Service Company,"Matrix Service Co provides engineering, fabrication, infrastructure, construction, and maintenance services to the oil, gas, power, petrochemical, industrial, mining and minerals markets.",Oil & Gas - Services,50,Commercial Services & Supplies,0
3189,MTSI,MACOM Technology Solutions,"MACOM Technology Solutions Holdings Inc offers high-performance analog RF, microwave, millimeterwave & photonic semiconductor products for diverse applications ranging from optical, satellite, wired & wireless networks to military and civil radar systems.",Semiconductors,60,Materials,9
3192,MTW,Manitowoc Company (The),"Manitowoc Co Inc provides services to the farming industry. It manufactures markets and supports product lines of mobile telescopic cranes, tower cranes, crawler cranes and boom trucks.",Farm & Construction Machinery,28,Industrials,7
3193,MTX,Minerals,"Minerals Technologies Inc mines, produces, and sells mineral-based products. The company operates in four segments namely Specialty Minerals, Refractories, Performance Materials, and Energy Services segment.",Chemicals,14,Materials,9
3194,MTZ,MasTec,"MasTec Inc is an infrastructure construction company engaged in engineering, building, installation, maintenance and upgrade of communications, energy and utility infrastructure. The company offers its services under the MasTec service mark.",Engineering & Construction,26,Industrials,7
3195,MU,Micron Technology,"Micron Technology Inc along with its subsidiaries provide memory and storage solutions. Its product portfolio consists of memory and storage technologies such as DRAM, NAND, NOR and 3D XPoint memory.",Semiconductors,60,Materials,9
3204,MUR,Murphy Oil,"Murphy Oil Corp is an oil and gas exploration and production company. The company is engaged in the development of unconventional resources that are situated in the United States, Canada, Malaysia and all other countries.",Oil & Gas - E&P,46,Energy & Utilities,4
3206,MUSA,Murphy USA,Murphy USA Inc. is engaged in the marketing of retail motor fuel products and convenience merchandise through a chain of retail stores in the United States.,Retail - Apparel & Specialty,58,Commercial Services & Supplies,0
3207,MUX,McEwen Mining,"McEwen Mining Inc is a mining and minerals exploration company. It is focused on precious and base metals in Argentina, Mexico and the United States.",Metals & Mining,44,Industrials,7
3208,MVBF,MVB Financial,MVB Financial Corp is a bank holding company. It has three reportable segments: commercial and retail banking; mortgage banking; and financial holding company.,Banks,7,Financials,5
3211,MVIS,MicroVision,Microvision Inc is engaged in developing its proprietary PicoP display technology. Its technology can be used to create high-resolution miniature laser display and imaging engines.,Computer Hardware,18,Information Technology,8
3214,MWA,MUELLER WATER PRODUCTS,"Mueller Water Products, Inc. manufactures and markets products used in transmission, distribution and measurement of water. Its products are used by municipalities and the residential and non-residential construction industries.",Industrial Products,34,Industrials,7
3215,MX,MagnaChip Semiconductor,"MagnaChip Semiconductor Corp designs and manufactures analog and mixed-signal semiconductor products. Its products consist of large display solutions, mobile display solutions, sensor solutions, LED solutions, mobile solutions and power conversions.",Semiconductors,60,Materials,9
3216,MXC,Mexco Energy,"Mexco Energy Corporation is an independent oil and gas company. It is engaged in the exploration, development, and production of natural gas and crude oil properties located in the United States.",Oil & Gas - E&P,46,Energy & Utilities,4
3220,MXL,MaxLinear,"MaxLinear Inc is a semiconductor company providing integrated, radio-frequency and mixed-signal integrated circuits for broadband communications and data center, metro and long-haul transport network applications.",Semiconductors,60,Materials,9
3224,MYE,Myers Industries,"Myers Industries Inc manufactures a range of polymer products for industrial, agricultural, automotive, commercial and consumer markets. It also manufactures plastic reusable material handling containers and pallets.",Autos,6,Industrials,7
3226,MYGN,Myriad Genetics,"Myriad Genetics Inc is a molecular diagnostic company. It develops and markets novel predictive medicine, personalized medicine and prognostic medicine tests. It also provides physicians with information to solve unmet medical needs.",Medical Diagnostics & Research,41,Healthcare,6
3232,MYO,Myomo,"Myomo Inc is a medical robotics company that offers expanded mobility for those suffering from neurological disorders and upper-limb paralysis. It develops and markets the MyoPro product line of lightweight, non-invasive, powered arm braces.",Medical Devices,40,Healthcare,6
3235,MYOV,Myovant Sciences,Myovant Sciences Ltd is a clinical-stage biopharmaceutical company. The Company is focused on developing and commercializing therapies for women's health diseases and other endocrine-related disorders. Its product candidate is relugolix.,Biotechnology,10,Healthcare,6
3236,MYRG,MYR,"MYR Group Inc provides specialty electrical construction services. It offers design, engineering, procurement, construction, upgrade, maintenance and repair services on transmission and distribution network.",Engineering & Construction,26,Industrials,7
3237,MYSZ,My Size,My Size Inc focuses on the development of an application which assists the consumer to accurately take the measurements of his or her own body to fit clothing in the best way possible without the need to try them on using a smartphone.,Application Software,4,Information Technology,8
3241,NAII,Natural Alternatives International,"Natural Alternatives International provides contract manufacturing services to companies that market & distribute vitamins, minerals, herbs and other nutritional supplements, as well as other health care products to customers within and outside the U.S.",Consumer Packaged Goods,21,Consumer Staples,2
3246,NAOV,NanoVibronix,"NanoVibronix Inc designs noninvasive biological response-activating devices which target wound healing and pain therapy and can be administered at home, without the assistance of medical professionals.",Medical Devices,40,Healthcare,6
3248,NATH,Nathan's Famous,"Nathan's Famous Inc operates fast food franchises. Its brand portfolio includes names like of Nathan's Famous, Arthur Treacher's Fish and Chips, Kenny Rogers Roasters and Miami Subs.",Restaurants,57,Corporate Services,3
3249,NATI,National Instruments,"National Instruments Corp designs, manufactures & sells computer-based virtual instrumentation software & hardware products to scientists and engineers. Its products include embedded control and monitoring hardware, NI LabVIEW, and NI LabWindows/CVI.",Application Software,4,Information Technology,8
3250,NATR,Nature's Sunshine Products,Natures Sunshine Products Inc is a natural health and wellness company. The company together with its subsidiaries is engaged in the manufacturing and direct selling of nutritional and personal care products.,Consumer Packaged Goods,21,Consumer Staples,2
3252,NAVB,Navidea Biopharmaceuticals,"Navidea Biopharmaceuticals Inc is a biotechnology company engaged in precision medicine. Its products are designed to assist in the identification of undetected diseases and develop treatment for cancer, autoimmune conditions, and inflammatory diseases.",Biotechnology,10,Healthcare,6
3254,NAVI,Navient,"Navient Corp is a financial service provider that offers business processing services to education, healthcare, and government clients at the federal, state, and local levels. The company also provides asset management services.",Credit Services,22,Corporate Services,3
3259,NBHC,National Bank,"National Bank Holdings Corp is a bank holding company. It offers a full range of traditional banking products and financial services to both commercial and consumer clients through its subsidiary NBH Bank, N.A.",Banks,7,Financials,5
3260,NBIX,Neurocrine Biosciences,Neurocrine Biosciences Inc engages in the discovery and development of drugs for the treatment of neurological and endocrine-related diseases and disorders in the United States.,Biotechnology,10,Healthcare,6
3265,NBR,Nabors Industries,Nabors Industries Ltd owns and operates land-based drilling rig fleet. It provides offshore platform workover and drilling rigs in the United States and international markets.,Oil & Gas - Drilling,45,Energy & Utilities,4
3266,NBRV,Nabriva Therapeutics plc,"Nabriva Therapeutics AG is engaged in the research and development of novel anti-infective agents to treat serious infections, with a focus on the pleuromutilin class of antibiotics.",Biotechnology,10,Healthcare,6
3267,NBTB,NBT Bancorp,"NBT Bancorp Inc provides financial services. The company, through community banks, mainly provides consumer loans, home equity loans, mortgages, business banking loans, and commercial loans.",Banks,7,Financials,5
3269,NBY,NovaBay Pharmaceuticals,NovaBay Pharmaceuticals Inc is a biopharmaceutical company engaged in commercializing and developing non-antibiotic anti-infective products to address the unmet therapeutic needs of the eye care market. Its product categories include NEUTROX and CELLERX.,Biotechnology,10,Healthcare,6
3270,NC,NACCO Industries,NACCO Industries Inc along with its subsidiaries is engaged mining coal primarily for use in power generation and provides value-added services for natural resource companies.,Coal,15,Energy & Utilities,4
3275,NCLH,Norwegian Cruise Line,"Norwegian Cruise Line Holdings Ltd is a cruise company which operates the Norwegian, Oceania Cruises and Regent brands. It offers accommodations, multiple dining venues, bars and lounges, spa, casino and retail shopping areas.",Travel & Leisure,64,Transportation & Logistics,12
3276,NCMI,National CineMedia,"National CineMedia Inc is a holding company. The company through its subsidiary, operates digital in-theatre media network in North America, through which it sells in-theatre and online advertising and promotions.",Advertising & Marketing Services,0,"Media, Marketing & Sales",10
3279,NCR,NCR,"NCR Corp is a technology company, which provides products and services, which enable businesses to connect, interact and transact with their customers.",Application Software,4,Information Technology,8
3281,NCSM,NCS Multistage,NCS Multistage Holdings Inc provides engineered products and support services that facilitates the optimization of oil and natural gas well completions and field development strategies.,Oil & Gas - Services,50,Commercial Services & Supplies,0
3285,NDAQ,Nasdaq,"Nasdaq Inc is a provider of trading, clearing, exchange technology, regulatory, securities listing, information and public company services.",Brokers & Exchanges,11,Financials,5
3286,NDLS,Noodles & Company,"Noodles & Co is a fast casual restaurant concept offering lunch and dinner. Its menu includes a variety of cooked-to-order dishes, including noodles and pasta, soups, salads, sandwiches, and appetizers.",Restaurants,57,Corporate Services,3
3288,NDRA,ENDRA Life Sciences,ENDRA Life Sciences Inc develops diagnostics and research products to improve the specificity of clinical ultrasound. Its products allow researchers and clinicians to generate images to identify and cure diseases.,Medical Diagnostics & Research,41,Healthcare,6
3289,NDSN,Nordson,"Nordson Corp engineers, manufactures and markets differentiated products and systems used for adhesive, coating, sealant and biomaterial dispensing, fluid management, testing and inspection, curing, and surface treatment.",Industrial Products,34,Industrials,7
3290,NE,Noble (UK),Noble Corp PLC is an offshore drilling contractor for the oil and gas industry. It performs contract drilling services with its fleet of mobile offshore drilling units.,Oil & Gas - Drilling,45,Energy & Utilities,4
3294,NEM,Newmont Mining,"Newmont Mining Corp is engaged in the production of gold in the United States, Australia, Peru, Ghana and Suriname. It is also engaged in the production of copper, principally through Boddington in Australia and Phoenix in the United States.",Metals & Mining,44,Industrials,7
3295,NEN,New England Realty Associates Limited Partnership Depositary Receipts Evidencing Units of Limited Partnership,"New England Realty Associates LP is engaged in the business of acquiring, developing, holding for investment, operating and selling real estate.",Real Estate Services,56,Professional Services,11
3296,NEO,NeoGenomics,"NeoGenomics Inc operates a network of cancer-related testing laboratories in Ft. Myers and Tampa, Florida, Irvine, California and Nashville, and Tennessee.",Medical Diagnostics & Research,41,Healthcare,6
3297,NEOG,Neogen,"Neogen Corp, through its subsidiaries, develops, manufactures and markets a line of products dedicated to food and animal safety.",Medical Diagnostics & Research,41,Healthcare,6
3298,NEON,Neonode,Neonode Inc develops and licenses user interfaces and optical infrared touch technology. It licenses its multi-touch technology to Original Equipment Manufacturers and Original Design Manufacturers.,Computer Hardware,18,Information Technology,8
3300,NEP,NextEra Energy Partners representing limited partner interests,"NextEra Energy Partners LP is a limited partnership formed to acquire, manage and own contracted clean energy projects with stable long-term cash flows. The renewable energy sales generate maximum revenue for the company.",Utilities - Independent Power Producers,66,Energy & Utilities,4
3301,NEPT,Neptune Wellness Solutions,"Neptune Technologies & Bioressources Inc is a nutrition products company engaged in customizing nutrition solutions, specialty ingredients and consumer brands. It offers premium krill oil under OCEANO3 and other ingredients such as marine and seed oils.",Consumer Packaged Goods,21,Consumer Staples,2
3302,NERV,Minerva Neurosciences,"Minerva Neurosciences Inc is a clinical-stage biopharmaceutical company. It is engaged in the development and commercialization of a portfolio of product candidates to treat patients suffering from central nervous system, or CNS, diseases.",Biotechnology,10,Healthcare,6
3307,NEU,NewMarket,"NewMarket Corp manufactures and sells petroleum additives used in lubricating oils and fuels to enhance their performance in machinery, vehicles, and other equipment. The petroleum additives market has two products: lubricant additives and fuel additives.",Chemicals,14,Materials,9
3312,NEWR,New Relic,"New Relic Inc is a software-as-a-service provider of software analytics products which allow users to monitor software performance with .NET, Java, JavaScript, Node.js, PHP, Python, and Ruby applications deployed in a cloud or in a data center.",Application Software,4,Information Technology,8
3313,NEWT,Newtek Business Services,"Newtek Business Services Corp provides business services. Its services include financial, payroll, payment, technology and insurance solutions. It is also involved in investments in early stage companies.",Asset Management,5,Financials,5
3315,NEXT,NextDecade,"NextDecade Corp develops land-based and floating LNG projects, creating opportunities in the global integrated natural gas industry.",Oil & Gas - E&P,46,Energy & Utilities,4
3316,NFBK,Northfield Bancorp,"Northfield Bancorp Inc through its subsidiary, provides banking services to individuals and corporate customers in Richmond and Kings Counties in New York, and Hunterdon, Mercer, Union and Middlesex counties in New Jersey.",Banks,7,Financials,5
3318,NFG,National Fuel Gas Company,"National Fuel Gas Co is a diversified energy company. It is engaged in the production, gathering, transportation, distribution and marketing of natural gas.",Oil & Gas - E&P,46,Energy & Utilities,4
3320,NFLX,Netflix,"Netflix Inc provides multimedia content through the internet. It provides a subscription based platform for television shows, movies and original series.",Entertainment,27,Healthcare,6
3322,NG,Novagold Resources,"Novagold Resources Inc is a mineral exploration company operating in the gold mining industry, focused on advancing permitting of the Donlin Gold project in Alaska. The Company also has interest in the Galore Creek project in British Columbia, Canada.",Metals & Mining,44,Industrials,7
3326,NGL,NGL ENERGY PARTNERS representing Limited Partner Interests,"NGL Energy Partners LP purchases propane, butane, and other natural gas liquids from refiners, processing plants, producers, and other parties, and sells the product to retailers, refiners, and other participants in the wholesale markets.",Oil & Gas - Refining & Marketing,49,"Media, Marketing & Sales",10
3327,NGS,Natural Gas Services,Natural Gas Services Group Inc manufactures and sells natural gas compression equipment and industrial flare systems. It primarily serves the non-conventional natural gas production businesses and oil and gas plant and production facilities across the US.,Oil & Gas - Services,50,Commercial Services & Supplies,0
3328,NGVC,Natural Grocers by Vitamin Cottage,"Natural Grocers by Vitamin Cottage Inc is a specialty retailer of natural, organic groceries and dietary supplements.",Retail - Defensive,59,Consumer Discretionary,1
3329,NGVT,Ingevity,"Ingevity Corp manufactures and sells chemical products mainly in North America. Its business primarily depends on the sale of specialty chemicals for use in applications like asphalt paving, agrochemicals, and adhesives.",Chemicals,14,Materials,9
3330,NH,NantHealth,"NantHealth Inc is a personalize healthcare company enabling improved patient outcomes and treatment decisions for critical illnesses. Its system infrastructure includes software, middleware and hardware modules.",Application Software,4,Information Technology,8
3332,NHC,National HealthCare,"National Healthcare Corp is engaged in the operation of skilled nursing facilities with associated assisted living and independent living facilities. It provides sub-acute and post-acute skilled nursing care, senior living and home health care services.",Health Care Providers,31,Healthcare,6
3334,NHI,National Health Investors,"National Health Investors Inc is a healthcare facility REIT. It invests in various healthcare facilities, including independent living facilities, senior-living campuses, and medical office buildings.",REITs,55,Financials,5
3337,NHTC,Natural Health Trends,"Natural Health Trends Corp is engaged in the direct selling industry, selling lifestyle enhancement products, cosmetics, personal care and dietary supplements, and also what is called network marketing or multi-level marketing.",Consumer Packaged Goods,21,Consumer Staples,2
3338,NI,NiSource,"NiSource Inc is an energy holding company, whose subsidiaries are fully regulated natural gas and electric utility companies serving customers in seven states.",Utilities - Regulated,67,Energy & Utilities,4
3340,NICK,Nicholas Financial,Nicholas Financial Inc is a specialized consumer finance company engaged in acquiring and servicing automobile finance installment contracts for purchases of new and used automobiles and light trucks.,Credit Services,22,Corporate Services,3
3345,NINE,Nine Energy Service,Nine Energy Service Inc is a North American onshore completion and production services provider that targets unconventional oil and gas resource development.,Oil & Gas - Services,50,Commercial Services & Supplies,0
3347,NIQ,Nuveenn Intermediate Duration Quality Municipal Term Fund of Beneficial Interest,Nuveen Inter Dur Quality Muni Term Fund is a closed-end management investment company. The Fund's investment objective is to provide current income exempt from regular federal income tax with a secondary objective of seeking additional total return.,Asset Management,5,Financials,5
3349,NJR,NewJersey Resources,New Jersey Resources Corp is a utilities service provider. The company mainly provides other retail and wholesale energy services.,Utilities - Regulated,67,Energy & Utilities,4
3352,NKE,Nike,"Nike Inc designs, develops and markets footwear, apparel, equipment, and accessory products. It is a seller of athletic footwear and athletic apparel. It sells its products through NIKE-owned in-line and factory retail stores and internet websites.",Manufacturing - Apparel & Furniture,39,Industrials,7
3354,NKSH,National Bankshares,"National Bankshares Inc is a bank holding company of National Bank of Blacksburg, offering a range of financial products and services, including deposit accounts, commercial, consumer and mortgage loans, credit cards and trust services.",Banks,7,Financials,5
3355,NKTR,Nektar Therapeutics,"Nektar Therapeutics Inc is a biopharmaceutical company engaged in the development of new molecules to treat diseases with unmet medical needs. The company is researching and developing drugs for treating cancer, auto-immune disease and chronic pain.",Biotechnology,10,Healthcare,6
3357,NL,NL Industries,"NL Industries Inc is a holding company and operates in the component products industry through its majority owned subsidiary, CompX International Inc. The Company operates in the chemicals industry through its interest in Kronos Worldwide, Inc.",Industrial Distribution,33,Industrials,7
3359,NLS,Nautilus,"Nautilus Inc is a consumer fitness products company. It is engaged in designing, developing, sourcing and marketing of cardio and strength fitness products and related accessories for consumer use.",Travel & Leisure,64,Transportation & Logistics,12
3361,NLY,Annaly Capital Management,"Annaly Capital Management Inc is a part of the real estate sector. As a mortgage real estate investment trust, it owns a portfolio of real estate related investments, including mortgage pass-through certificates and collateralized mortgage obligations.",REITs,55,Financials,5
3363,NMFC,New Mountain Finance,"New Mountain Finance Corp is an investment management company. It invests in equity interests such as preferred stock, common stock, warrants or options received in connection with debt investments.",Asset Management,5,Financials,5
3365,NMIH,NMI,NMI Holdings Inc through its subsidiaries provides private mortgage guaranty insurance. The company offers two types of mortgage insurance; Primary mortgage insurance and Pool insurance.,Insurance - Property & Casualty,37,Healthcare,6
3369,NMRD,Nemaura Medical,"Nemaura Medical Inc owns a diagnostic medical device company specializing in discovering, developing and commercializing specialty medical devices.",Medical Devices,40,Healthcare,6
3370,NMRK,Newmark,"Newmark Group Inc is a commercial real estate advisory firm. It offers services, including leasing and corporate advisory services, investment sales, commercial mortgage brokerage, appraisal and valuation, project management, and property, among others.",Real Estate Services,56,Professional Services,11
3376,NNBR,NN,"NN Inc manufactures precision bearing components, industrial plastic products and precision metal components serving variety of markets on a global basis.",Industrial Products,34,Industrials,7
3379,NNI,Nelnet,"Nelnet Inc is focused on delivering education-related products and services and loan asset management. It is engaged in student loan servicing, tuition payment processing and school information systems, and communications.",Credit Services,22,Corporate Services,3
3380,NNN,National Retail Properties,"National Retail Properties Inc is a real estate investment trust that invests in and develops properties throughout the United States. Most of the company's properties are located in the Midwest, South, and Southeast of the United States.",REITs,55,Financials,5
3381,NNVC,NanoViricides,"Nanoviricides Inc is a development stage nano-biopharmaceutical company. Its business activities are to discover, develop and commercialize therapeutics to take care of patients suffering from life-threatening viral infections.",Drug Manufacturers,23,Industrials,7
3385,NOC,Northrop Grumman,"Northrop Grumman Corp offers portfolio of capabilities and technologies to deliver products, systems and solutions for applications to government and commercial customers. It provides products, systems and solutions in autonomous systems.",Aerospace & Defense,1,Transportation & Logistics,12
3386,NODK,NI,"NI Holdings Inc is a stock holding company of Nodak Mutual Insurance company and its subsidiaries. The firm and its subsidiaries provide insurance related to auto, home, life and annuities, business, farm and ranch and crop and casualty.",Insurance - Property & Casualty,37,Healthcare,6
3387,NOG,Northern Oil and Gas,"Northern Oil & Gas Inc is an independent energy company engaged in the acquisition, exploration, development and production of oil and natural gas properties in the Bakken and Three Forks formations within the Williston Basin in North Dakota and Montana.",Oil & Gas - E&P,46,Energy & Utilities,4
3391,NOV,National Oilwell Varco,"National Oilwell Varco Inc is a provider in the design, manufacture and sale of equipment and components used in oil and gas drilling, completion and production operations, and the provision of oilfield services to the upstream oil and gas industry.",Oil & Gas - Services,50,Commercial Services & Supplies,0
3392,NOVN,Novan,Novan Inc together with its subsidiaries is a North Carolina based clinical-stage drug development company. It is engaged in the development and commercialization of nitric oxide-based therapies in dermatology.,Biotechnology,10,Healthcare,6
3393,NOVT,Novanta,"Novanta Inc,designs, develops, manufactures and sells precision photonic and motion control components and subsystems to original equipment manufacturers in the medical, industrial, electronics and scientific markets.",Computer Hardware,18,Information Technology,8
3394,NOW,ServiceNow,"ServiceNow Inc provides cloud-based solutions that define, structure, manage, and automate services for enterprise operations in North America, Europe, the Middle East, Africa, the Asia Pacific, and other countries.",Application Software,4,Information Technology,8
3396,NPK,National Presto Industries,"National Presto Industries Inc is engaged in manufacturing defense products. Its product portfolio includes 40mm ammunition, precision and electro-mechanical assemblies and medium caliber cartridge cases, amongst others.",Aerospace & Defense,1,Transportation & Logistics,12
3398,NPO,EnPro Industries,"EnPro Industries Inc is engaged in the designing, developing, manufacturing, and marketing engineered industrial products. It operates with three segments namely Sealing Products, Engineered Products and Power Systems.",Industrial Products,34,Industrials,7
3402,NR,Newpark Resources,"Newpark Resources Inc is in providing products and services to the oil and gas exploration industry serving customers in North America, Europe, the Middle East and Africa, Latin America and Asia Pacific regions.",Oil & Gas - Services,50,Commercial Services & Supplies,0
3403,NRC,National Research,National Research Corp provides analytics and insights that improves measurement and improvement of the patient and employee experience. Its subscription-based solutions provide actionable information and analysis to healthcare organizations.,Medical Diagnostics & Research,41,Healthcare,6
3406,NRG,NRG Energy,"NRG Energy Inc is engaged in the utilities sector. Its primary business involves operation of power generation facilities, trading of energy, capacity and related products, transacting in and trading of fuel & transportation services.",Utilities - Independent Power Producers,66,Energy & Utilities,4
3407,NRIM,Northrim BanCorp,"Northrim BanCorp Inc is a bank holding company for Northrim Bank. It offers commercial and consumer loan and deposit products, investment products, and electronic banking services over the Internet.",Banks,7,Financials,5
3410,NRP,Natural Resource Partners Limited Partnership,"Natural Resource Partners LP is a diversified natural resource company. It is primarily engaged in the business of owning, managing and leasing a diversified portfolio of mineral properties in the United States.",Coal,15,Energy & Utilities,4
3413,NS,Nustar Energy,"NuStar Energy LP is engaged in refining, marketing and operating petroleum product terminals and petroleum liquids pipelines.",Oil & Gas - Midstream,48,Energy & Utilities,4
3414,NSA,National Storage Affiliates Trust of Beneficial Interest,National Storage Affiliates Trust is a real estate investment trust. The company makes investments in self-storage properties located in the United States.,REITs,55,Financials,5
3415,NSC,Norfolk Southern,"Norfolk Southern Corp conducts rail transportation business. It transports raw materials, intermediate products, and finished goods in the United States.",Transportation & Logistics,63,Transportation & Logistics,12
3417,NSIT,Insight Enterprises,"Insight Enterprises Inc is an Information Technology provider helping businesses of all sizes from small and medium sized firms to enterprises, governments, schools and healthcare organizations; define architect, manage Intelligent Technology Solutions.",Application Software,4,Information Technology,8
3419,NSP,Insperity,Insperity Inc is engaged in providing human resources and business solutions designed to improve business performance. Its product offerings are provided through its Workforce Optimization and Workforce Synchronization solutions.,Employment Services,25,Professional Services,11
3420,NSPR,InspireMD,InspireMD Inc is a United States based medical device company. It is primarily focused on the development and commercialization of proprietary MicroNet stent platform technology for the treatment of complex vascular and coronary disease.,Medical Devices,40,Healthcare,6
3421,NSSC,NAPCO Security,"NAPCO Security Technologies Inc is engaged in manufacturing of security products, encompassing access control systems, door security products, intrusion and fire alarm systems and video surveillance products.",Consulting & Outsourcing,20,Professional Services,11
3422,NSTG,NanoString,"NanoString Technologies Inc is a biotechnology company. It develops, manufactures and sells products that unlock scientifically valuable and clinically actionable genomic information from minute amounts of tissue.",Biotechnology,10,Healthcare,6
3424,NSYS,Nortech Systems Incorporated,"Nortech Systems Inc offers a full range of value-added engineering, technical and manufacturing services and support including project management, design, testing, prototyping, manufacturing, supply chain management and post-market services.",Computer Hardware,18,Information Technology,8
3425,NTAP,NetApp,"NetApp Inc provides technology solutions. It is engaged in the design, manufacturing, marketing, and technical support of high-performance storage and data management solutions. Its core product offering icnlude data storage devices such as flash drives.",Computer Hardware,18,Information Technology,8
3428,NTCT,NetScout Systems,"NetScout Systems Inc offers real-time operational intelligence and performance analytics for service assurance and cyber security solutions used by service provider, enterprise and government networks.",Application Software,4,Information Technology,8
3432,NTGR,NETGEAR,"Netgear Inc is a networking equipment provider. Its array of products includes WiFi routers, DSL modems, Hotspots, USB Modems, WiFi adapters & switches.",Communication Equipment,16,Information Technology,8
3433,NTIC,Northern International,"Northern Technologies International Corp develops and markets proprietary environmentally beneficial products and services. The Company is engaged in developing, manufacturing and marketing ZERUST rust and corrosion inhibiting products and services.",Chemicals,14,Materials,9
3434,NTIP,Network-1,"Network-1 Technologies Inc is engaged in the development, licensing and protection of the intellectual property assets. It identifies and acquires intellectual property from companies & inventors and implement industry licensing programs.",Communication Equipment,16,Information Technology,8
3435,NTLA,Intellia Therapeutics,"Intellia Therapeutics Inc is a gene editing company focused on the development of proprietary, potentially curative therapeutics utilizing a biological tool known as the CRISPR/Cas9 system.",Biotechnology,10,Healthcare,6
3437,NTNX,Nutanix,"Nutanix Inc provides cloud capabilities for businesses. It mainly offers web-scale engineering and consumer-grade design, virtualization and storage into a resilient, and software-defined solution to its customers.",Application Software,4,Information Technology,8
3440,NTRA,Natera,"Natera Inc is a provider of diagnostic services predominantly in the United States. It offers various tests which detect chromosomal abnormalities, reasons for miscarriages and paternity.",Medical Diagnostics & Research,41,Healthcare,6
3442,NTRP,Neurotrope,Neurotrope Inc is biopharmaceutical company with product candidates in pre-clinical and clinical development. It is engaged in developing a product platform based upon a drug candidate called bryostatin for the treatment of Alzheimer's disease.,Biotechnology,10,Healthcare,6
3443,NTRS,Northern Trust,"Northern Trust Corp is a provider of asset servicing, fund administration, asset management, fiduciary and banking solutions for corporations, institutions, families and individuals.",Asset Management,5,Financials,5
3444,NTWK,NETSOL,"Netsol Technologies Inc and subsidiaries designs, develops, markets, and exports proprietary software products to customers in the automobile finance and leasing, banking, healthcare, and financial services industries globally.",Application Software,4,Information Technology,8
3448,NUE,Nucor,Nucor Corp and its affiliates are engaged in the manufacturing of steel and steel products. It also produces direct reduced iron for use in the steel mills. The company is involved in every phase of the steelmaking.,Steel,61,Materials,9
3451,NURO,NeuroMetrix,"NeuroMetrix Inc is engaged in product development, manufacturing, regulatory affairs and sales and marketing. It mainly produces bioelectrical and digital medicine to address chronic health conditions including chronic pain, sleep disorders, and diabetes.",Medical Instruments & Equipment,43,Commercial Services & Supplies,0
3452,NUS,Nu Skin Enterprises,"Nu Skin Enterprises Inc develops and distributes consumer products including anti-aging skin products, body care, hair care, men's care, oral care, sun protection and cosmetics under Nu Skin and Pharmanex brands.",Consumer Packaged Goods,21,Consumer Staples,2
3454,NUVA,NuVasive,NuVasive Inc is a medical device company. It develops minimally-disruptive surgical products and procedurally-integrated solutions for the spine. Its product portfolio is focused on applications for spine fusion surgery.,Medical Devices,40,Healthcare,6
3456,NVAX,Novavax,"Novavax Inc is a clinical-stage vaccine company. It is engaged in the discovery, development and commercialization of recombinant nanoparticle vaccines and adjuvants.",Biotechnology,10,Healthcare,6
3458,NVCR,NovoCure Limited,"NovoCure Ltd is a medical systems developer in the United States. Its primary product is the TTFields delivery system, which is a low-intensity therapy to combat acute tumors.",Medical Instruments & Equipment,43,Commercial Services & Supplies,0
3459,NVDA,NVIDIA,"NVIDIA Corp is a developer of graphics processing unit. It caters to areas like gaming, professional visualization, datacenter and automobiles.",Semiconductors,60,Materials,9
3460,NVEC,NVE,"NVE Corp is engaged in the research, design, and manufacturing of spintronics for commercial and military markets.",Semiconductors,60,Materials,9
3461,NVEE,NV5 Global,"NV5 Global Inc is a provider of professional and technical engineering and consulting solutions to public and private sector clients in the infrastructure, energy, construction, real estate, and environmental markets.",Engineering & Construction,26,Industrials,7
3462,NVFY,Nova Lifestyle,"Nova Lifestyle Inc is a designer and lifestyle furniture company. It distributes and retails contemporary styled residential furniture. The firm's marketing and sales platform offer retail, online selection, and purchase fulfillment internationally.",Manufacturing - Apparel & Furniture,39,Industrials,7
3465,NVIV,InVivo Therapeutics,InVivo Therapeutics Holdings Corp is a research and clinical-stage biomaterials and biotechnology company with a focus on treatment of spinal cord injuries.,Biotechnology,10,Healthcare,6
3470,NVR,NVR,"NVR Inc is a United States based company engaged in the construction and sale of single-family detached homes, town homes and condominium buildings. It also operates in mortgage banking and title services business.",Homebuilding & Construction,32,Energy & Utilities,4
3471,NVRO,Nevro,Nevro Corp develops and sells medical devices mainly in the United States. Its main product is the Senza system which is intended to relieve leg and spinal cord pain with the application of the HF10 therapy.,Medical Devices,40,Healthcare,6
3473,NVT,nVent Electric plc,"nVent Electric PLC is a provider of electrical connection and protection solutions. The company offers enclosures, electrical connections and fastening, and thermal management solutions .",Computer Hardware,18,Information Technology,8
3474,NVTA,Invitae,"Invitae Corp is a genetic information company engaged in genetic diagnostics for hereditary disorders. It provides testing for multiple genes including hereditary cancer, neurological disorders, cardiovascular disorders and other hereditary conditions.",Medical Diagnostics & Research,41,Healthcare,6
3477,NWBI,Northwest Bancshares,"Northwest Bancshares Inc is a stock savings bank and community-oriented financial institution. It operates banks in Pennsylvania, New York, Ohio and Maryland offering personal and business deposit and loan products.",Banks,7,Financials,5
3478,NWE,NorthWestern,NorthWestern Corp is a part of the utilities market sector. The primary occupation of the company involves the generation and transmission of electricity. It also provides natural gas.,Utilities - Regulated,67,Energy & Utilities,4
3479,NWFL,Norwood Financial,Norwood Financial Corp is the holding company for Wayne Bank. It offers personal and business credit services and trust and investment products and real estate settlement services.,Banks,7,Financials,5
3481,NWL,Newell Brands,"Newell Brands Inc is engaged in the household products market. Its products include stationery material such as pens and markers, food storage products and hygiene systems.",Consumer Packaged Goods,21,Consumer Staples,2
3482,NWLI,National Western Life,"National Western Life Group Inc is a stock life insurance company. It offers a portfolio of individual whole life, universal life and term insurance plans, and annuities, including supplementary riders.",Insurance - Life,36,Healthcare,6
3483,NWN,Northwest Natural Holding Company,"Northwest Natural Gas along with its subsidiaries distributes natural gas in Oregon, Washington and California. The company has two business segments: Utility segment and Gas Storage segment.",Utilities - Regulated,67,Energy & Utilities,4
3484,NWPX,Northwest Pipe Company,"Northwest Pipe Co is a manufacturer of engineered steel pipe water systems in North America. It operates in only one segment, Water Transmission.",Industrial Products,34,Industrials,7
3486,NWSA,News,News Corp is a diversified media and information services company focused on creating and distributing authoritative and engaging content to consumers and businesses.,Entertainment,27,Healthcare,6
3487,NX,Quanex Building Products,"Quanex Building Products Corp manufactures engineered products such as window components that include flexible insulating glass spacers, extruded vinyl profiles, window and door screens, solar panel sealants & precision-formed metal & wood products.",Building Materials,12,Materials,9
3491,NXGN,NextGen Healthcare,Quality Systems Inc provides technology-based solutions & services to USA based ambulatory care market. It develops and markets healthcare information systems that automate practice management & electronic health records for medical and dental practices.,Application Software,4,Information Technology,8
3495,NXPI,NXP Semiconductors N.V.,"NXP Semiconductors NV is a semiconductor company. It mainly provides high-performance mixed signal and standard product solutions for automotive, identification, wireless infrastructure, industrial, mobile, consumer and computing applications.",Semiconductors,60,Materials,9
3498,NXRT,NexPoint Residential Trust,NexPoint Residential Trust Inc focuses on acquiring multifamily properties in markets with attractive job growth and household formation fundamentals primarily in the Southeastern and Southwestern United States.,REITs,55,Financials,5
3499,NXST,Nexstar Media,Nexstar Media Group Inc is a television broadcasting company serving the entertainment industry in the United States. The company is primarily involved in the operations of television stations.,Entertainment,27,Healthcare,6
3502,NYCB,New York Community Bancorp,New York Community Bancorp Inc has over $45 billion of total assets and operations spread across various locations across five states. It operates most of its business operations from the New York metropolitan area.,Banks,7,Financials,5
3503,NYMT,New York Mortgage Trust,"New York Mortgage Trust Inc is a real estate investment trust. The Company is engaged in acquiring, investing in, financing and managing mortgage-related assets and, to a lesser extent, financial assets.",REITs,55,Financials,5
3506,NYT,New York Times Company (The),"New York Times Co is a publishing service provider. Its activities include creating, collecting and distributing news and information digitally and through newspapers.",Publishing,54,"Media, Marketing & Sales",10
3509,O,Realty Income,"Realty Income Corp owns, manages and leases over 5,000 properties across U.S and Puerto Rico. It operates a diversified portfolio of properties that includes commercial, manufacturing and distribution facilities.",REITs,55,Financials,5
3519,OC,Owens Corning New,"Owens-Corning Inc manufactures and sells glass fiber products in the US. The company mainly offers Composites, Insulation, and Roofing solutions. Through these businesses it provides glass fiber, insulation service, shingles and roofing accessories.",Building Materials,12,Materials,9
3520,OCC,Optical Cable,Optical Cable Corp manufactures tight-buffer fiber optic and copper data communication cables and data communication connectivity solutions for enterprise markets.,Communication Equipment,16,Information Technology,8
3521,OCFC,OceanFirst Financial,OceanFirst Financial Corp operates in the banking services segment. Its key business is the provision of loans and deposit products to customers in the United States.,Banks,7,Financials,5
3522,OCN,Ocwen Financial,"Ocwen Financial Corp is a financial services holding company. The Company through its subsidiaries provides residential and commercial mortgage loan servicing, special servicing and asset management services.",Banks,7,Financials,5
3524,OCSL,Oaktree Specialty Lending,Oaktree Specialty Lending Corp is a specialty finance company. It focuses on providing customized one-stop credit solutions to companies with limited access to public or syndicated capital markets.,Credit Services,22,Corporate Services,3
3525,OCUL,Ocular Therapeutix,Ocular Therapeutix Inc is a biopharmaceutical company. It is engaged in developing and commercializing therapies for diseases and conditions of the eye using its proprietary hydrogel platform technology.,Biotechnology,10,Healthcare,6
3526,OCX,OncoCyte,"OncoCyte Corp focuses on the discovery, development, and commercialization of novel, non-invasive, liquid biopsy diagnostics for the early detection of cancer.",Biotechnology,10,Healthcare,6
3527,ODC,Oil-Dri Of America,"Oil-Dri Corp develops, manufactures, and markets sorbent products made primarily from clay. Its offerings include cat litter, floor products, toxin control substances for livestock, agricultural chemical carriers, and filtration and purification aids.",Chemicals,14,Materials,9
3528,ODFL,Old Dominion Freight Line,"Old Dominion Freight Lines Inc is a leading, less-than-truckload (LTL) union-free company providing premium service to all its customers. The company offers regional, inter-regional and national LTL service and value-added logistics services.",Transportation & Logistics,63,Transportation & Logistics,12
3529,ODP,Office Depot,"Office Depot Inc is a supplier of office products and services. It offers products including office supplies, paper, ink, and tone, cleaning chemical and equipment's, monitors and equipment's, computers and tablets, office appliances, and school supplies.",Retail - Apparel & Specialty,58,Commercial Services & Supplies,0
3531,OEC,Orion Engineered Carbons S.A,Orion Engineered Carbons SA is a producer of carbon black. The company's segment consists of Specialty Carbon Black and Rubber Carbon Black.,Chemicals,14,Materials,9
3532,OESX,Orion Energy Systems,"Orion Energy Systems Inc researches, develops, designs, manufactures, markets, sells and implements energy management systems consisting of energy efficient commercial and industrial interior and exterior lighting systems and related services.",Computer Hardware,18,Information Technology,8
3533,OFC,Corporate Office Properties Trust,Corporate Office Properties Trust is a fully-integrated and self-managed real estate investment trust. Its portfolio comprises of office buildings in the Baltimore-Washington Corridor and Northern Virginia area.,REITs,55,Financials,5
3534,OFED,Oconee Federal Financial,Oconee Federal Financial Corp is engaged in attracting retail deposits from the general public and investing those deposits together with funds generated from operations in residential mortgage loans and other loans.,Banks,7,Financials,5
3535,OFG,OFG Bancorp,"OFG Bancorp through its subsidiaries provides commercial, consumer and mortgage lending, leasing, auto loans, financial planning, insurance sales, money management and investment banking, and corporate and individual trust services.",Banks,7,Financials,5
3536,OFIX,Orthofix Medical,Orthofix International NV is a medical device company. It focuses on providing reconstructive and regenerative orthopedic and spine solutions to physicians.,Medical Devices,40,Healthcare,6
3537,OFLX,Omega Flex,Omega Flex Inc is a US based company engaged in the manufaturing of flexible metal hose.,Industrial Products,34,Industrials,7
3538,OFS,OFS Capital,"OFS Capital Corp is an externally managed, closed-end, non-diversified management investment company. Its investment objective is to provide its shareholders with both current income and capital appreciation through debt investments.",Asset Management,5,Financials,5
3540,OGE,OGE Energy,"OGE Energy Corp, together with its subsidiaries, operates as an energy and energy services provider. It offers physical delivery and related services for electricity and natural gas in the south central United States.",Utilities - Regulated,67,Energy & Utilities,4
3541,OGEN,Oragenics,"Oragenics Inc is a biopharmaceutical company which engages in the discovery, development and commercialization of technologies associated with oral health, broad spectrum antibiotics and other general health benefits.",Biotechnology,10,Healthcare,6
3542,OGS,ONE Gas,"ONE Gas Inc is engaged in the business of natural gas distribution. The Company serves residential, commercial, industrial, transportation and wholesale and public authority customers in Oklahoma, Kansas, and Texas.",Utilities - Regulated,67,Energy & Utilities,4
3545,OHI,Omega Healthcare Investors,"Omega Healthcare Investors Inc is a self-administered real estate investment trust. It is engaged in investing in income-producing healthcare facilities, including long-term care facilities located in the United States and United Kingdom.",REITs,55,Financials,5
3547,OI,Owens-Illinois,"Owens-Illinois Inc is a glass container manufacturer. The company is also a preferred partner for various food and beverage brands. It provides glass packaging for beer, wine, spirits, food, non-alcoholic beverages, cosmetics and pharmaceuticals.",Packaging & Containers,52,Commercial Services & Supplies,0
3550,OII,Oceaneering International,"Oceaneering International Inc is an oil & gas enterprise. It provides engineered services and products to the offshore oil and gas industry, with a focus on deepwater applications.",Oil & Gas - Services,50,Commercial Services & Supplies,0
3552,OIS,Oil States International,"Oil States International Inc provides products and services to oil and natural gas companies. It operates in oil and natural gas producing regions, including U.S., Canada, West Africa, North Sea, South America and Southeast and Central Asia.",Oil & Gas - Services,50,Commercial Services & Supplies,0
3553,OKE,ONEOK,"ONEOK Inc is a diversified energy company. Its business operations are divided into Natural Gas Gathering and Processing, Natural Gas Liquids and Natural Gas Pipelines.",Oil & Gas - Midstream,48,Energy & Utilities,4
3554,OKTA,Okta,"Okta Inc is an identity and access management company. Its products include Universal Directory,Single Sign-On, Adaptive Multi-Factor Authentication, Lifecycle Management, Mobility Management, and API Access Management.",Application Software,4,Information Technology,8
3556,OLED,Universal Display,"Universal Display Corp is engaged in the research, development & commercialization of organic light emitting diode or OLED, technologies & materials for use in displays for wearables, smartphones, tablets & televisions & solid-state lighting applications.",Semiconductors,60,Materials,9
3557,OLLI,Ollie's Bargain Outlet,"Ollie's Bargain Outlet Holdings Inc is a retailer of brand name merchandise. It offers customers a selection of brand name products, including housewares, food, books and stationery, bed and bath, floor coverings, toys and hardware at reduced prices.",Retail - Defensive,59,Consumer Discretionary,1
3558,OLN,Olin,"Olin Corp is manufactures and sells chlor alkali products. It is engaged in three segments Chlor Alkali Products, Epoxy and Winchester.",Chemicals,14,Materials,9
3559,OLP,One Liberty Properties,"One Liberty Properties Inc is a self-administered and self-managed real estate investment trust. It acquires, owns and manages a geographically diversified portfolio of retail, industrial, flex, health and fitness, and other properties.",REITs,55,Financials,5
3562,OMC,Omnicom,"Omnicom Group Inc is an advertising, marketing and corporate communications company. It provides professional services to clients through multiple agencies.",Advertising & Marketing Services,0,"Media, Marketing & Sales",10
3563,OMCL,Omnicell,"Omnicell Inc provides automation and business analytics software solutions for patient-centric medication and supplies management across the entire healthcare continuum, from the acute care hospital setting to post-acute skilled nursing.",Application Software,4,Information Technology,8
3565,OMER,Omeros,"Omeros Corp is a biopharmaceutical company. It focuses on research and development of small-molecule and protein therapeutics to treat inflammation, coagulopathies, and disorders of the central nervous system and sells Omidria for cataract surgeries.",Biotechnology,10,Healthcare,6
3566,OMEX,Odyssey Marine Exploration,Odyssey Marine Exploration Inc is engaged in deep-ocean exploration. The Company's techniques are applied to shipwreck cargo recovery and other marine survey and exploration charter services.,Business Services,13,Corporate Services,3
3567,OMF,OneMain,OneMain Holdings Inc is a consumer finance company that provides loan products to non-prime customers.,Credit Services,22,Corporate Services,3
3568,OMI,Owens & Minor,"Owens & Minor Inc is a healthcare logistics firm distributing low-tech, consumable medical supplies to acute-care hospitals. The company distributes products to healthcare service providers under various brands such as MediChoice and ArcRoyal.",Medical Distribution,42,Healthcare,6
3571,ON,ON Semiconductor,"ON Semiconductor Corp manufactures and markets semiconductor components. It provides a portfolio of analog, digital and mixed-signal integrated circuits, standard products, image sensors, custom devices, and power management and others.",Semiconductors,60,Materials,9
3572,ONB,Old National Bancorp,"Old National Bancorp is holding company engaged in the single business of insurance underwriting and related services. It provides financial services including commercial and retail banking, trust, brokerage, correspondent banking, and insurance.",Banks,7,Financials,5
3574,ONCS,OncoSec Medical Incorporated,"OncoSec Medical Inc is a biotechnology company engaged in designing, developing and commercializing gene therapies, therapeutics and proprietary medical approaches to stimulate and guide an anti-tumor immune response for the treatment of cancer.",Biotechnology,10,Healthcare,6
3578,ONTX,Onconova Therapeutics,Onconova Therapeutics Inc is a biopharmaceutical company focusing on discovering and developing novel small molecule product candidates primarily to treat cancer.,Biotechnology,10,Healthcare,6
3579,ONVO,Organovo,Organovo Holdings Inc is a development-stage company. It is engaged in developing and commercializing functional three-dimensional human tissues.,Medical Diagnostics & Research,41,Healthcare,6
3580,OOMA,Ooma,"Ooma Inc provides communication solutions and other connected services to small business, home, and mobile users. The company's hybrid SaaS platform, consisting of its proprietary cloud provides the connectivity and functionality that power its solutions.",Communication Services,17,Corporate Services,3
3582,OPBK,OP Bancorp,"OP Bancorp is a bank holding company. The company through its bank holding offers products & services including accepting deposits, making loans, investments, demand & time deposits, & commercial business loans to small to medium sized businesses.",Banks,7,Financials,5
3584,OPGN,OpGen,OpGen Inc is an precision medicine company using molecular diagnostics and bioinformatics to help combat infectious disease.,Medical Diagnostics & Research,41,Healthcare,6
3585,OPHC,OptimumBank,OptimumBank Holdings Inc is a bank holding company for OptimumBank. The company through its subsidiaries offers banking products and services to individuals and businesses.,Banks,7,Financials,5
3587,OPI,Office Properties Income Trust,Government Properties Income Trust is a real estate investment trust that primarily owns properties located throughout the United States that are majority leased to government tenants. The majority of properties are office buildings.,REITs,55,Financials,5
3588,OPK,Opko Health,OPKO Health Inc is a diversified healthcare company. Its business includes diagnostics and provision of pharmaceutical products.,Drug Manufacturers,23,Industrials,7
3590,OPOF,Old Point Financial,"Old Point Financial Corp provides banking products and solutions to its customers in the United States. Its primary occupation is the provision of loan, deposit and cash management services to retail and commercial customers.",Banks,7,Financials,5
3592,OPRX,OptimizeRx,OptimizeRx Corp is a technology solutions company serving the healthcare industry. It is engaged in providing consumer and physician platforms. Its core product offering is OPTIMIZERx and SampleMD software application.,Application Software,4,Information Technology,8
3593,OPTN,OptiNose,"OptiNose Inc is a specialty pharmaceutical company focused on the development and commercialization of products for patients treated by ear, nose and throat (ENT) and allergy specialists.",Drug Manufacturers,23,Industrials,7
3594,OPTT,Ocean Power,Ocean Power Technologies Inc is engaged in developing systems that generate electricity by harnessing the renewable energy of ocean waves.,Industrial Products,34,Industrials,7
3595,OPY,Oppenheimer (DE),"Oppenheimer Holdings Inc. is a middle-market investment bank and service broker-dealer. It is involved in various activities such as retail securities brokerage, institutional sales and trading, investment banking, trust services and many others.",Brokers & Exchanges,11,Financials,5
3597,ORA,Ormat,"Ormat Technologies Inc is engaged in the geothermal and recovered energy power business. It designs, develops, builds, sells, owns, and operates clean, environmentally friendly geothermal and recovered energy-based power plants.",Utilities - Independent Power Producers,66,Energy & Utilities,4
3601,ORC,Orchid Island Capital,"Orchid Island Capital Inc invests in residential mortgage-backed securities, or RMBS across the United States. The company is externally managed and advised by Bimini Advisors, LLC, a wholly-owned subsidiary of Bimini Capital Management, Inc.",REITs,55,Financials,5
3602,ORCL,Oracle,"Oracle Corp is a computer software company. It sells enterprise information technology solutions, including databases, middleware, applications, and hardware. The Company primarily offers software licenses, support, and maintenance services worldwide.",Application Software,4,Information Technology,8
3603,ORGO,Organogenesis,"Avista Healthcare Public Acquisition Corp is a newly organized blank check company. The Company was formed for the purpose of effecting a merger, share exchange, asset acquisition, stock purchase, reorganization or similar business combination.",Drug Manufacturers,23,Industrials,7
3604,ORGS,Orgenesis,Orgenesis Inc is engaged in developing clinical stage technology that with the capacity to induce a shift in developmental fate of cells from liver & converting them into pancreatic beta cell like insulin producing cells for patients with Type 1 Diabetes.,Biotechnology,10,Healthcare,6
3605,ORI,Old Republic International,"Old Republic International Corporation is engaged in insurance underwriting and related services. It conducts its operations through General Insurance, Title Insurance, and the Republic Financial Indemnity and consumer credit indemnity Run-off Business.",Insurance,35,Healthcare,6
3607,ORLY,O'Reilly Automotive,"O'Reilly Automotive Inc acts as a seller of aftermarket automotive parts, tools, and accessories, serving professional and DIY (do-it-yourself) customers in the US.",Retail - Apparel & Specialty,58,Commercial Services & Supplies,0
3609,ORMP,Oramed Pharmaceuticals,"Oramed Pharmaceuticals Inc is a pharmaceutical company. The Company is engaged in the research and development of pharmaceutical solutions, including an orally ingestible insulin capsule or tablet.",Biotechnology,10,Healthcare,6
3610,ORN,Orion Common,"Orion Group Holdings Inc is active in the business of marine construction, design and specialty services. It provides services such as marine transportation facility construction, marine environmental structures and commercial concrete construction.",Engineering & Construction,26,Industrials,7
3612,ORRF,Orrstown Financial Services,"Orrstown Financial Services Inc is a holding company. The Bank is engaged in commercial banking and trust business, this involves accepting demand, time and savings deposits, and granting loans.",Banks,7,Financials,5
3614,OSBC,Old Second Bancorp,"Old Second Bancorp Inc is a bank holding company. It provides consumer and commercial banking products such as demand, money market, savings, time deposit and also commercial, industrial, consumer and real estate lending services.",Banks,7,Financials,5
3615,OSG,Overseas Shipholding,Overseas Shipholding Group Inc through its subsidiaries owns and operates a fleet of oceangoing vessels engaged in the transportation of crude oil and petroleum products for oil companies and traders under short- and medium-term contracts.,Transportation & Logistics,63,Transportation & Logistics,12
3617,OSIS,OSI Systems,"OSI Systems Inc, together with its subsidiaries, is a designer and manufacturer of electronic systems and components for critical applications. The Company's business segments are Security, Healthcare, and Optoelectronics and Manufacturing.",Computer Hardware,18,Information Technology,8
3618,OSK,Oshkosh (Holding Company)Common Stock,"Oshkosh Corp designs, manufactures and markets specialty vehicles and aerial work platforms under the JLG brand. It serves customers in the private and public sectors.",Truck Manufacturing,65,Industrials,7
3620,OSPN,OneSpan,"Vasco Data Security International Inc operates as a security company. It designs, develops and markets digital solutions for identity, security and business productivity that protect and facilitate transactions online.",Application Software,4,Information Technology,8
3621,OSS,One Stop Systems,"One Stop Systems Inc designs, manufactures and markets high-end systems for high performance computing applications. Its products are used by automated equipment used for telecommunications, industrial and military applications.",Computer Hardware,18,Information Technology,8
3622,OSTK,Overstock.com,"Overstock.com Inc is an online retailer which provides products and services through websites. It offers a broad range of products, including furniture and home decor, apparel and accessories, books, electronics, and other items.",Retail - Apparel & Specialty,58,Commercial Services & Supplies,0
3623,OSUR,OraSure,"OraSure Technologies Inc develops, manufactures, markets and sells oral fluid diagnostic products and specimen collection devices using its proprietary oral fluid technologies.",Medical Instruments & Equipment,43,Commercial Services & Supplies,0
3625,OTEX,Open Text,"Open Text Corp develops and sells enterprise information management (EIM) software. The company offers EIM software that allows clients to archive, aggregate, retrieve, and search unstructured information for better management.",Application Software,4,Information Technology,8
3628,OTLK,Outlook Therapeutics,"Oncobiologics Inc is a clinical-stage biopharmaceutical company. It is engaged in identifying, developing, manufacturing and commercializing complex biosimilar therapeutics in the disease areas of immunology and oncology.",Biotechnology,10,Healthcare,6
3629,OTTR,Otter Tail,"Otter Tail Corp through its utility business units provides electricity and energy services. It operates in segments namely, Electric, Manufacturing, and Plastics.",Utilities - Regulated,67,Energy & Utilities,4
3631,OUT,OUTFRONT Media,Outfront Media Inc is the United States-based real estate investment trust. It provides advertising space on out-of-home advertising structures and sites in the United States and Canada.,REITs,55,Financials,5
3632,OVBC,Ohio Valley Banc,"Ohio Valley Banc Corporation is a financial holding company. It is engaged in commercial and retail banking. It is a full-service financial institution, offers commercial and consumer banking services in Ohio as well as western West Virginia.",Banks,7,Financials,5
3633,OVID,Ovid Therapeutics,Ovid Therapeutics Inc is a US-based biopharmaceutical company. The firm is engaged primarily in developing medicines for patients suffering with rare neurological disorders.,Biotechnology,10,Healthcare,6
3634,OVLY,Oak Valley Bancorp (CA),Oak Valley Bancorp is a bank holding company of Oak Valley Community Bank. It provides personal banking and commercial banking services.,Banks,7,Financials,5
3635,OXBR,Oxbridge Re Limited,Oxbridge Re Holdings Ltd is engaged in providing reinsurance business solutions. The company through its subsidiary offers reinsurance to property and casualty insurers in the Gulf Coast region of the United States.,Insurance - Specialty,38,Healthcare,6
3637,OXM,Oxford Industries,"Oxford Industries Inc is an apparel company, which designs, sources, markets and distributes products bearing the trademarks of its company-owned lifestyle brands as well as certain licensed and private label apparel products.",Manufacturing - Apparel & Furniture,39,Industrials,7
3638,OXSQ,Oxford Square Capital,Oxford Square Capital Corp is a closed-end non-diversified management investment company. The firm's investment objective is to maximize its portfolio's total return. Its primary focus is to seek current income by investing in corporate debt securities.,Asset Management,5,Financials,5
3639,OXY,Occidental Petroleum,"Occidental Petroleum Corp is in the business of exploration and production of oil and gas. It also processes, gathers, transports, stores, purchases and markets oil, condensate, natural gas liquids, natural gas.",Oil & Gas - E&P,46,Energy & Utilities,4
3642,PAA,Plains All American Pipeline,"Plains All American Pipeline LP is engaged in providing transportation, storage, processing, fractionation, and marketing services for crude oil, refined products, natural gas liquids, liquefied petroleum gas, and related products.",Oil & Gas - Midstream,48,Energy & Utilities,4
3645,PACB,Pacific Biosciences of California,"Pacific Biosciences of California Inc is a biotechnology company. It is engaged in design, development, and manufacture of sequencing system to help scientists resolve genetically complex problems.",Medical Diagnostics & Research,41,Healthcare,6
3648,PACW,PacWest Bancorp,"PacWest Bancorp is a bank holding company. It provides commercial banking services, including real estate, construction, and commercial loans.",Banks,7,Financials,5
3649,PAG,Penske Automotive,"Penske Automotive Group Inc is a transportation services company. It operates automotive and commercial vehicle dealership in the United States and Western Europe & distributes commercial vehicles, diesel engines and related parts.",Autos,6,Industrials,7
3650,PAGP,Plains Shares representing limited partner interests,"Plains GP Holdings LP owns and operates midstream energy infrastructure and provides logistics services for crude oil, natural gas liquids, natural gas and refined products. Its business segments are Transportation, Facilities, and Supply and Logistics.",Oil & Gas - Midstream,48,Energy & Utilities,4
3652,PAHC,Phibro Animal Health,"Phibro Animal Health Corp is a diversified animal health and mineral nutrition company. It develops, manufactures and markets products for food animals including poultry, swine and cattle.",Drug Manufacturers,23,Industrials,7
3655,PANL,Pangaea Logistics Solutions,"Pangaea Logistics Solutions Ltd and its subsidiaries provide seaborne drybulk transportation services. It transports drybulk cargos including grains, coal, iron, ore, pig, iron, hot briquetted iron, bauxite, alumina etc.",Transportation & Logistics,63,Transportation & Logistics,12
3656,PANW,Palo Alto Networks,Palo Alto Networks Inc develops and sells network and endpoint cybersecurity solutions to enterprise customers.,Application Software,4,Information Technology,8
3657,PAR,PAR Technology,"PAR Technology Corp together with its subsidiaries provides management technology solutions including software, hardware, and related services.",Application Software,4,Information Technology,8
3658,PARR,Par Pacific,"Par Pacific Holdings Inc is an oil refining and marketing company. It owns and operates refineries with related logistics and retail networks. It also transports, markets and distributes crude oil.",Oil & Gas - E&P,46,Energy & Utilities,4
3659,PATI,Patriot Transportation Holding,"Patriot Transportation Holding Inc, through its subsidiaries, is engaged in the transportation and real estate businesses. Its activities include hauling petroleum related products and dry bulk commodities and liquid chemicals.",Transportation & Logistics,63,Transportation & Logistics,12
3660,PATK,Patrick Industries,Patrick Industries Inc is a manufacturer of component products and distributor of building products and materials to the recreational vehicle and manufactured housing industries.,Manufacturing - Apparel & Furniture,39,Industrials,7
3661,PAVM,PAVmed,PAVmed Inc is a medical device company engaged in advancing a pipeline of medical technologies from concept to commercialization using a business model focused on capital and time efficiency.,Medical Devices,40,Healthcare,6
3662,PAYC,Paycom Software,Paycom Software Inc is a provider of cloud-based HCM software solution delivered as Software-as-a-Services. It provides functionality and data analytics that businesses need to manage the complete employment life cycle from recruitment to retirement.,Application Software,4,Information Technology,8
3663,PAYX,Paychex,"Paychex Inc operates in payroll outsourcing industry. The company provides integrated payroll, human resource, insurance, and benefits outsourcing solutions for small and medium-sized businesses in the United States.",Business Services,13,Corporate Services,3
3664,PB,Prosperity Bancshares,"Prosperity Bancshares, Inc. operates as the financial holding company for Prosperity Bank. It provides range of financial products and services to small and medium-sized businesses and consumers.",Banks,7,Financials,5
3668,PBF,PBF Energy,PBF Energy Inc is engaged in the oil and gas sector. It is a petroleum refiner and supplier of unbranded transportation fuels.,Oil & Gas - Refining & Marketing,49,"Media, Marketing & Sales",10
3670,PBH,Prestige Consumer Healthcare,Prestige Brands Holdings Inc is a healthcare company. Its core business involves the distribution of healthcare and household cleaning products to supermarkets and drug stores.,Medical Distribution,42,Healthcare,6
3671,PBHC,Pathfinder Bancorp,"Pathfinder Bancorp Inc is a stock holding company. It is engaged in the attracting deposits and investing deposits in loans secured by one-to-four family residential real estate, commercial real estate, business assets and investment securities.",Banks,7,Financials,5
3672,PBI,Pitney Bowes,"Pitney Bowes Inc is a technology company that offers products and solutions to assist consumers in marketing to their customers. Its products include customer information management, location intelligence, and customer engagement products and solutions.",Industrial Products,34,Industrials,7
3673,PBIP,Prudential Bancorp,"Prudential Bancorp Inc, through Prudential Savings Bank attracts deposits from its community through its branch offices and invests those deposits, together with funds from borrowings and operations, in single-family residential loans.",Banks,7,Financials,5
3674,PBPB,Potbelly,"Potbelly Corporation is a neighborhood sandwich concept offering sandwiches, salads and other menu items. Geographically, the group has its business presence internationally and generates most of the income through the sale of food items.",Restaurants,57,Corporate Services,3
3679,PBYI,Puma Biotechnology,"Puma Biotechnology Inc is a biopharmaceutical company. It is engaged in the acquisition, development and commercialization of products to enhance cancer care. Its drug candidates are PB272 (neratinib, oral), PB272 (neratinib, intravenous), and PB357.",Biotechnology,10,Healthcare,6
3680,PCAR,PACCAR,"PACCAR Inc manufactures and sells light, medium and heavy-duty trucks and parts under the Kenworth, Peterbilt and DAF brands. It also designs and manufactures advanced diesel engines and provides financial and information technology services.",Truck Manufacturing,65,Industrials,7
3681,PCB,Pacific City Financial,"Pacific City Financial Corp through its subsidiary Pacific City Bank, offers loan and deposit products focused on individuals and professionals and small-to-medium sized businesses.",Banks,7,Financials,5
3683,PCG,Pacific Gas & Electric Co.,"PG&E Corp is an electric utility company that provides electricity as well as natural gas distribution, electricity generation, procurement, and transmission, and natural gas procurement, transportation, and storage.",Utilities - Regulated,67,Energy & Utilities,4
3684,PCH,PotlatchDeltic,"PotlatchDeltic Corp, formerly Potlatch Corp, is a real estate investment trust. It operates a real estate sales business and five wood products manufacturing facilities that produce lumber and plywood.",REITs,55,Financials,5
3692,PCRX,Pacira Pharmaceuticals,"Pacira Pharmaceuticals Inc is a specialty and generic drug manufacturing company. The company develops, manufactures, and commercializes pharmaceutical products for use in hospitals and ambulatory surgery centers across the United States.",Drug Manufacturers,23,Industrials,7
3693,PCSB,PCSB Financial,PCSB Financial Corp operates as a bank holding company. The Company through its subsidiary provides banking services and offers lending and depositing services.,Banks,7,Financials,5
3694,PCTI,PC-Tel,PCTEL Inc designs and delivers Performance Critical TELecom technology solutions to the wireless industry. It supplies wireless network antenna and testing solutions.,Communication Equipment,16,Information Technology,8
3695,PCTY,Paylocity Holding,"Paylocity Holding Corp is a provider of cloud-based payroll and human capital management, software solutions for medium-sized organizations. Its services are provided in a software-as-a-service delivery model utilizing its cloud-based platform.",Application Software,4,Information Technology,8
3696,PCYG,Park City,"Park City Group Inc is a software service provider. The company and its subsidiaries develop, market and support proprietary software products. These products assist management of business operations, which helps clients to make more informed decisions.",Application Software,4,Information Technology,8
3697,PCYO,Pure Cycle,Pure Cycle Corp provides wholesale water and wastewater services which includes designing and constructing water and wastewater systems as well as operating and maintaining such systems.,Utilities - Regulated,67,Energy & Utilities,4
3699,PDCO,Patterson Companies,"Patterson Companies Inc is a value-added specialty distributor. It operates through its two strategic business units, Patterson Dental and Patterson Animal Health, offering similar products and services to different customer bases.",Medical Distribution,42,Healthcare,6
3700,PDEX,Pro-Dex,"Pro-Dex Inc is engaged in designing, development, and manufacturing of powered rotary drive surgical and dental instruments used primarily in the orthopedic, spine, maxocranial facial and dental markets.",Medical Instruments & Equipment,43,Commercial Services & Supplies,0
3701,PDFS,PDF Solutions,"PDF Solutions Inc provides electrical characterization and data analytics for process-design optimization and yield enhancement. It offers Manufacturing Process Solutions, Volume Manufacturing Solution, and Design-for-Inspection solutions.",Application Software,4,Information Technology,8
3703,PDLB,PDL Community Bancorp,"PDL Community Bancorp is a United States based bank holding company. It offers deposit and loan products. The bank provides Personal solutions, Business solutions, and Lending Solutions.",Banks,7,Financials,5
3705,PDM,Piedmont Office Realty Trust,Piedmont Office Realty Trust Inc is a real estate investment trust. It is engaged in the acquisition and ownership of commercial real estate properties throughout the United States.,REITs,55,Financials,5
3710,PEB,Pebblebrook Hotel Trust of Beneficial Interest,Pebblebrook Hotel Trust is an internally managed hotel investment company organized to acquire and invest in hotel properties. The firm focuses on both branded and independent full-service hotels in the upper upscale segment of the lodging industry.,REITs,55,Financials,5
3711,PEBK,Peoples Bancorp of North Carolina,"Peoples Bancorp of North Carolina Inc is a bank holding company, has no operations, and conducts no business of its own other than owning the Bank. It is a state-chartered commercial bank serving the retail and corporate customers.",Banks,7,Financials,5
3712,PEBO,Peoples Bancorp,"Peoples Bancorp Inc (Marietta OH) is a financial holding company. It is engaged in providing banking, insurance, investment and trust solutions through its financial units. It offers demand deposit accounts, savings accounts, and money market accounts.",Banks,7,Financials,5
3713,PED,Pedevco,"PEDEVCO Corp is a U.S based energy company. It is engaged in the acquisition, exploration, development and production of oil and natural gas shale plays in the Denver-Julesberg Basin (D-J Basin) in Colorado.",Oil & Gas - E&P,46,Energy & Utilities,4
3714,PEG,Public Service Enterprise Incorporated,Public Service Enterprise Group Inc operates in the utilities sector. Its primary business involves the production and transmission of power.,Utilities - Regulated,67,Energy & Utilities,4
3715,PEGA,Pegasystems,"Pegasystems Inc. develops, market, and license software and also provides implementation, consulting, training, and technical support services to help its customers maximize the business value from the use of the company's software.",Application Software,4,Information Technology,8
3719,PEN,Penumbra,"Penumbra Inc designs, develops, manufactures and markets medical devices. The products of the company address ischemic stroke, hemorrhagic stroke and vascular conditions that can be treated through thrombectomy and embolization procedures.",Medical Devices,40,Healthcare,6
3720,PENN,Penn National Gaming,"Penn National Gaming Inc is a diversified, multi-jurisdictional owner and manager of gaming and racing facilities and video gaming terminal operations with a focus on slot machine entertainment.",Travel & Leisure,64,Transportation & Logistics,12
3722,PEP,PepsiCo,"PepsiCo Inc is a food, snack and beverage company. It manufactures, markets, distributes and sells convenient and enjoyable beverages, foods and snacks, serving customers and consumers in more than 200 countries and territories.",Beverages - Non-Alcoholic,9,Consumer Staples,2
3726,PESI,Perma-Fix Environmental Services,"Perma-Fix Environmental Services Inc is an environmental and technology know-how company. It provides treatment, storage, processing and disposal of mixed waste. The company operates in three reportable segments; Treatment, Services, and Medical.",Waste Management,68,Transportation & Logistics,12
3727,PETQ,PetIQ,"PetIQ Inc is a manufacturer and distributor of health and wellness products for dogs and cats. The company's product offering includes pet Rx medications, OTC flea and tick preventatives, vitamins treats, nutritional supplements, and hygiene products.",Drug Manufacturers,23,Industrials,7
3728,PETS,PetMed Express,"PetMed Express Inc is a nationwide pet pharmacy. The Company markets prescription and non-prescription pet medications and other health products for dogs, cats, and horses direct to the consumer.",Retail - Defensive,59,Consumer Discretionary,1
3734,PFE,Pfizer,"Pfizer Inc is a biopharmaceutical company that discovers, develops, manufactures, and markets healthcare products including medicines, and vaccines as well as many of the consumer healthcare products.",Drug Manufacturers,23,Industrials,7
3735,PFG,Principal Financial,"Principal Financial Group Inc is an investment management company. It offers a range of financial products and services, including retirement, asset management and insurance. The company receives maximum revenue in the form of premiums.",Insurance - Life,36,Healthcare,6
3736,PFGC,Performance Food Company,"Performance Food Group Co delivers food and related products in the United States that operates in three segments Performance foodservice, Vistar and PFG Customised. Its customers include restaurants, schools, companies, hospitals, theatres, among others.",Retail - Defensive,59,Consumer Discretionary,1
3737,PFIE,Profire Energy,"Profire Energy Inc is an oilfield technology company. The Company provides products that enhance the efficiency, safety, and compliance of the oil and gas industry.",Oil & Gas - Services,50,Commercial Services & Supplies,0
3738,PFIN,P & F Industries,P & F Industries Inc is a United States based company engaged in the manufacturing and importing of air-powered tools through its subsidiaries. The company operates in the single business segment of Tools business.,Industrial Products,34,Industrials,7
3739,PFIS,Peoples Financial Services,"Peoples Financial Services Corp is a bank holding company, The company through its subsidiaries provides a full range of financial services. Its products and services include checking accounts, business accounts, savings accounts, and others.",Banks,7,Financials,5
3741,PFLT,PennantPark Floating Rate Capital,PennantPark Floating Rate Capital Ltd is an investment company. Its objective is to generate current income and capital appreciation by investing in Floating Rate Loans and other investments made to U.S. middle-market companies.,Asset Management,5,Financials,5
3742,PFMT,Performant Financial,Performant Financial Corp provides technology-enabled recovery and related analytics services in the United States. It helps identify and recover delinquent or defaulted assets and improper payments for both government and private clients.,Business Services,13,Corporate Services,3
3747,PFS,Provident Financial Services,Provident Financial Services Inc is a financial service provider operating through its subsidiary. The company provides banking services to individual and business customers. Net interest income is the largest portion of the company's net revenue.,Banks,7,Financials,5
3748,PFSI,PennyMac Financial Services,PennyMac Financial Services Inc provides mortgage loans to customers in the United States. The company's services span its main function of loan production and loan servicing which includes the recovery of loans and other related charges.,Banks,7,Financials,5
3749,PFSW,PFSweb,"PFSweb Inc is a global commerce service provider using integrated technologies, professional services, and a worldwide network of systems and logistics to deliver global commerce solutions.",Business Services,13,Corporate Services,3
3750,PG,Procter & Gamble Company (The),"Procter & Gamble Co is a consumer goods company. The firm markets its products internationally through various channels which include mass merchandisers, grocery stores, membership club stores, drug stores, and department stores.",Consumer Packaged Goods,21,Consumer Staples,2
3751,PGC,Peapack-Gladstone Financial,"Peapack Gladstone Financial Corp provides commercial banking services. It also provides consumer banking services, including checking and savings account, residential mortgages, home equity lines of credit and other second mortgage loans.",Banks,7,Financials,5
3755,PGR,Progressive (The),"Progressive Corp is an insurance holding company which provides personal and commercial auto insurance, residential property insurance, and other specialty property-casualty insurance and related services.",Insurance - Property & Casualty,37,Healthcare,6
3756,PGRE,Paramount,"Paramount Group Inc is a real estate investment trust which focuses on owning, operating, managing, acquiring and redeveloping office properties.Its portfolio consists of over 12 Class A office properties aggregating nearly10.4 million square feet.",REITs,55,Financials,5
3757,PGTI,PGT Innovations,"PGT Innovations Inc, formerly PGT Inc is a manufacturer and supplier of impact-resistant aluminum and vinyl-framed windows and doors and offers a broad range of fully customizable window and door products.",Building Materials,12,Materials,9
3759,PH,Parker-Hannifin,Parker Hannifin Corp is a diversified manufacturer of motion and control technologies and systems. It operates in two reportable business segments namely Diversified Industrial and Aerospace Systems.,Industrial Products,34,Industrials,7
3765,PHIO,Phio Pharmaceuticals,"RXi Pharmaceuticals Corp is principally engaged in developing therapeutics based on its proprietary self-delivering RNAi platform and Samcyprone, a topical immunomodulator, which addresses significant unmet medical needs.",Biotechnology,10,Healthcare,6
3767,PHM,PulteGroup,PulteGroup Inc is engaged in the homebuilding business. Its business includes the acquisition and development of land for residential purposes within the U.S. It is also engaged in mortgage banking operations.,Homebuilding & Construction,32,Energy & Utilities,4
3769,PHX,Panhandle Oil and Gas,"Panhandle Oil and Gas Inc is engaged in the acquisition, management and development of non-operated oil and natural gas properties, including wells located on the its mineral and leasehold acreage.",Oil & Gas - E&P,46,Energy & Utilities,4
3771,PI,Impinj,Impinj Inc provides radio frequency identification solutions. The company's software includes - ItemSense.,Computer Hardware,18,Information Technology,8
3774,PII,Polaris Industries,"Polaris Industries Inc designs and manufactures powersports vehicles including Off-Road Vehicles, All-Terrain Vehicles, side-by-side vehicles for recreational and utility use, Snowmobiles, Motorcycles, Commercial, Government and Defense vehicles.",Autos,6,Industrials,7
3776,PINC,Premier,"Premier Inc is a healthcare alliance. The Company together with its subsidiaries and affiliates, is a healthcare improvement company that unites hospitals, health systems, physicians and other healthcare providers.",Application Software,4,Information Technology,8
3778,PIRS,Pieris Pharmaceuticals,Pieris Pharmaceuticals Inc is a clinical-stage biopharmaceutical company engaged in discovering and developing Anticalin class of biotherapeutics for patients with diseases in which there is high unmet medical needs.,Biotechnology,10,Healthcare,6
3779,PIXY,ShiftPixy,ShiftPixy Inc is a provider of employment services solutions for businesses and workers in an environment in which shift or other part-time/temporary positions are performed.,Employment Services,25,Professional Services,11
3781,PJT,PJT Partners,"PJT Partners Inc is a United States-based company. It delivers strategic advisory, restructuring and special situations and fund placement and secondary advisory services to corporations, financial sponsors, institutional investors and governments.",Brokers & Exchanges,11,Financials,5
3782,PK,Park Hotels & Resorts,"Park Hotels & Resorts Inc is a lodging real estate company. It portfolio consists of approximately 67 premium-branded hotels and resorts with over 35,000 rooms located in prime United States and internationally.",REITs,55,Financials,5
3783,PKBK,Parke Bancorp,Parke Bancorp Inc is a bank holding company. It operates as a commercial bank providing personal and financial services to individuals and small to mid-sized businesses in various states of USA. It provides commercial loan products and retail banking.,Banks,7,Financials,5
3784,PKE,Park Electrochemical,"Park Electrochemical Corp develops, manufactures, markets and sells digital and radio frequency microwave printed circuit materials products for the telecommunications and internet infrastructure and high-end computing markets.",Semiconductors,60,Materials,9
3785,PKG,Packaging of America,"Packaging Corp of America is a producer of container board and corrugated products in the US. Further, it also produces multi-color boxes and displays, as well as meat boxes and wax-coated boxes for the agricultural industry.",Packaging & Containers,52,Commercial Services & Supplies,0
3786,PKI,PerkinElmer,"PerkinElmer Inc is a diagnostics company that provides instruments, consumables, and services to biomedical, chemical and to general industrial markets. It operates in two segments namely Discovery and Analytical Solutions and Diagnostics.",Medical Diagnostics & Research,41,Healthcare,6
3788,PKOH,Park-Ohio,"Park-Ohio Holdings Corp is a United States based company, engaged in industrial supply chain logistics and diversified manufacturing business. It operates in three business segment namely Supply Technologies, Assembly Components and Engineered Products.",Industrial Distribution,33,Industrials,7
3790,PLAB,Photronics,Photronics Inc is principally engaged in manufacturing photomasks which are used as masters to transfer circuit patterns onto semiconductor wafers and flat panel substrates.,Semiconductors,60,Materials,9
3791,PLAG,Planet Green,"American Lorain Corp is a food manufacturing company. The Company is engaged in developing, manufacturing and selling of convenience foods, chestnut products, and frozen, canned and bulk foods.",Consumer Packaged Goods,21,Consumer Staples,2
3792,PLAY,Dave & Buster's Entertainment,Dave & Buster's Entertainment Inc is an owner and operator of high-volume venues that combine dining and entertainment in North America for both adults and families.,Restaurants,57,Corporate Services,3
3793,PLBC,Plumas Bancorp,Plumas Bancorp is a bank holding company for Plumas Bank. It provides banking and investment services. Its source of income is dividends from the bank.,Banks,7,Financials,5
3794,PLCE,Children's Place (The),"Children's Place Inc is an apparel retailer that operates stores in North America and sells through its website and wholesale. It designs, contracts to manufacture, and sells merchandise under the brand names The Children's Place, Place and Baby Place.",Retail - Apparel & Specialty,58,Commercial Services & Supplies,0
3795,PLD,Prologis,"Prologis Inc is a real estate investment trust that develops, acquires, and operates industrial and logistics facilities across over 18 countries. It operates in two business segments that are Real Estate Operations and Strategic Capital.",REITs,55,Financials,5
3797,PLL,Piedmont Lithium Limited,Piedmont Lithium Ltd is an emerging lithium company. The company is focused on the development of its 100%-owned Piedmont Lithium Project in North Carolina.,Metals & Mining,44,Industrials,7
3799,PLNT,Planet Fitness,"Planet Fitness Inc is a franchisor and operator of fitness centers in the United States. It has approximately more than 8.7 million members and more than 1,200 stores in 47 states, the District of Columbia, Puerto Rico, Canada and the Dominican Republic.",Travel & Leisure,64,Transportation & Logistics,12
3800,PLOW,Douglas Dynamics,"Douglas Dynamics Inc manufacturer and upfitter of commercial vehicle attachments and equipment. Its products include snow plows, sand and salt spreaders, and turf-care equipment sold under the Blizzard, Fisher, Snowex, Western, and Turfex brands.",Autos,6,Industrials,7
3801,PLPC,Preformed Line Products Company,"Preformed Line Products Co is a designer and manufacturer of products and systems for construction and maintenance of overhead and underground networks for the energy, telecommunication, cable operators, data communication and other industries.",Computer Hardware,18,Information Technology,8
3802,PLSE,Pulse Biosciences,Pulse Biosciences Inc is a development stage medical device company using a novel and proprietary platform technology called Nano-Pulse Electro-Signaling or NPES for biomedical applications.,Medical Instruments & Equipment,43,Commercial Services & Supplies,0
3804,PLUG,Plug Power,"Plug Power Inc provides alternative energy technology. It is engaged in the design, development, commercialization and manufacture of hydrogen fuel cell systems used for the industrial off-road market and the stationary power market.",Computer Hardware,18,Information Technology,8
3805,PLUS,ePlus,"ePlus Inc is engaged in the sales of information technology hardware, third-party software, professional engineering services, & third-party maintenance contracts & its proprietary software as well as financing of equipment, software & related services.",Application Software,4,Information Technology,8
3806,PLX,Protalix BioTherapeutics (DE),"Protalix BioTherapeutics Inc is a biopharmaceutical company focused on the development and commercialization of recombinant therapeutic proteins based on its proprietary ProCellEx protein expression system, or ProCellEx.",Biotechnology,10,Healthcare,6
3808,PLXS,Plexus,Plexus Corp is an electronic equipment manufacturer. It delivers optimized product realization solutions through a product realization value stream services model.,Computer Hardware,18,Information Technology,8
3809,PLYA,Playa Hotels & Resorts N.V.,"Playa Hotels & Resorts NV is an owner, operator and developer of all-inclusive resorts in prime beachfront locations in Mexico and the Caribbean. Its portfolio consists of approximately 13 resorts located in Mexico, the Dominican Republic and Jamaica.",Travel & Leisure,64,Transportation & Logistics,12
3810,PLYM,Plymouth Industrial REIT,"Plymouth Industrial REIT Inc is a full service, vertically integrated, self-administered and self-managed REIT focused on the acquisition, ownership and management of single and multi-tenant Class B industrial properties.",REITs,55,Financials,5
3811,PM,Philip Morris International,Philip Morris International Inc is a holding company. It manufactures and sells cigarettes and other tobacco products in markets outside the United States of America.,Tobacco Products,62,Consumer Staples,2
3813,PMD,Psychemedics,"Psychemedics Corp provides testing services for the detection of drugs of abuse through the analysis of hair samples. This information is useful to employers for both applicant and employee testing, as well as to physicians and among others.",Medical Diagnostics & Research,41,Healthcare,6
3819,PMT,PennyMac Mortgage Investment Trust of Beneficial Interest,"PennyMac Mortgage Investment Trust is a real estate investment trust.The company operates through four segments namely correspondent production, credit sensitive strategies, interest rate sensitive strategies and corporate activities.",REITs,55,Financials,5
3820,PMTS,CPI Card,"CPI Card Group Inc provides financial payment card solutions and services, It offers credit, debit and prepaid cards including Europay, Mastercard and Visa chip, personalization, instant issuance, fulfillment and mobile payment services.",Industrial Products,34,Industrials,7
3822,PNBK,Patriot National Bancorp,"Patriot National Bancorp Inc is the holding company for Patriot Bank NA, which provides consumer and commercial banking services to individuals, small and medium-sized businesses, professionals and municipalities.",Banks,7,Financials,5
3823,PNC,PNC Financial Services (The),"PNC Financial Services Group Inc operates in the financial services domain. Its main business includes retail banking, corporate and institutional banking, asset management and residential mortgage banking.",Banks,7,Financials,5
3825,PNFP,Pinnacle Financial Partners,"Pinnacle Financial Partners Inc is a financial service provider. The company operates through its wholly owned subsidiary, Pinnacle Bank. It offers banking, investment, trust, mortgage and insurance products, and services.",Banks,7,Financials,5
3827,PNM,PNM Resources (Holding Co.),"PNM Resources Inc is an investor-owned holding company which owns regulated utilities providing electricity and electric services in New Mexico and Texas. It provides electric generation, transmission, and distribution services.",Utilities - Regulated,67,Energy & Utilities,4
3828,PNNT,PennantPark Investment,PennantPark Investment Corporation is an investment management company. Its investment objective is to generate current income and capital appreciation also seeking to preserve capital through debt and equity investments.,Asset Management,5,Financials,5
3829,PNR,Pentair plc.,"Pentair PLC is engaged in manufacturing pumps for commercial and residential applications, including sump pumps, well pumps, and fire-protection pumps. It also provides advanced connectors and fasteners and protection for sensitive electronics.",Industrial Products,34,Industrials,7
3830,PNRG,PrimeEnergy Resources,"PrimeEnergy Corp is an independent oil and natural gas company. The company is engaged in acquiring, developing and producing oil and natural gas. It owns properties located in Texas, Oklahoma, West Virginia, New Mexico, Colorado and Louisiana.",Oil & Gas - E&P,46,Energy & Utilities,4
3833,PNW,Pinnacle West Capital,"Pinnacle West Capital Corp is an investor owned electric utility holding company based in Phoenix, Arizona. It provides retail or/and wholesale electric service through its subsidiary Arizona Public Service.",Utilities - Regulated,67,Energy & Utilities,4
3834,PODD,Insulet,"Insulet Corp is a medical device company based in Billerica, Massachusetts. The company develops, manufactures and sells OmniPod Insulin Management System, an insulin infusion system for people with insulin-dependent diabetes.",Medical Devices,40,Healthcare,6
3835,POL,PolyOne,"PolyOne Corp is a chemical manufacturer that provides specialized polymer materials, services and solutions with operations in specialty polymer formulations, color and additive systems, plastic sheet and packaging solutions and polymer distribution.",Chemicals,14,Materials,9
3836,POLA,Polar Power,"Polar Power Inc designs, manufactures and sells direct current, or DC, power systems for applications in the telecommunications, military, electric vehicle charging, cogeneration, distributed power and uninterruptable power supply markets.",Industrial Products,34,Industrials,7
3837,POOL,Pool,"Pool Corp is a wholesale distributor of swimming pool supplies, equipment and related leisure products. It also distributes irrigation and landscape products in the United States.",Travel & Leisure,64,Transportation & Logistics,12
3839,POR,Portland General Electric,"Portland General Electric Co is a vertically integrated electric utility. It is engaged in the generation, wholesale purchase, transmission, distribution, and retail sale of electricity in the State of Oregon.",Utilities - Regulated,67,Energy & Utilities,4
3840,POST,Post,"Post Holdings Inc is a consumer packaged goods company producing and selling cereals, egg products, refrigerated potato and dairy items, private-label nut butters, and protein shakes, bars, and powders.",Consumer Packaged Goods,21,Consumer Staples,2
3841,POWI,Power Integrations,"Power Integrations Inc designs, develops and markets analog, mixed-signal integrated circuits, and other electronic components and circuitry used in power conversion. The company's product is used in converting electricity.",Semiconductors,60,Materials,9
3842,POWL,Powell Industries,Powell Industries Inc develops industrial goods. Its custom engineered equipment and systems find use in control of electrical energy and other critical processes.,Industrial Products,34,Industrials,7
3843,PPBI,Pacific Premier Bancorp,"Pacific Premier Bancorp Inc, through its subsidiaries, provides banking products and services. It offers cash management, electronic banking services, credit facilities and retirement accounts, among others.",Banks,7,Financials,5
3844,PPC,Pilgrim's Pride,"Pilgrims Pride Corp engages in processing, marketing, and distribution fresh, frozen and value-added chicken products to retailers, grocers, distributors and food service operators. It offers chickens as a whole and different cuts.",Consumer Packaged Goods,21,Consumer Staples,2
3846,PPG,PPG Industries,"PPG Industries Inc is engaged in manufacturing and distributing coatings, specialty materials and glass products. It sells its products to a wide variety of end users, including the automotive, aerospace, construction, and industrial markets.",Chemicals,14,Materials,9
3847,PPIH,Perma-Pipe International,"Perma-Pipe International Holdings Inc manufactures pre-insulated piping and leak detection systems for oil and gas gathering, district heating and cooling, and other applications.",Industrial Products,34,Industrials,7
3850,PPSI,Pioneer Power Solutions,"Pioneer Power Solutions Inc manufactures, sells and services a broad range of specialty electrical transmission, distribution, and on-site power generation equipment for applications in the utility, industrial, commercial and backup power markets.",Computer Hardware,18,Information Technology,8
3853,PRA,ProAssurance,"Proassurance Corp is a property and casualty insurance company that provides professional liability insurance for healthcare professionals and facilities, professional liability insurance for attorneys, and liability insurance for medical technology.",Insurance - Property & Casualty,37,Healthcare,6
3854,PRAA,PRA,"PRA Group Inc is a United States-based company that primarily acquires, collects, and processes nonperforming loans. The company generates the majority of its sales from the United States.",Credit Services,22,Corporate Services,3
3858,PRFT,Perficient,"Perficient Inc provides a variety of information technology services such as big data analytics, technology platform implementations, enterprise content management, portals and collaboration, management consulting, business integration and others.",Application Software,4,Information Technology,8
3859,PRGO,Perrigo Company plc,"Perrigo Co PLC is a healthcare company providing branded OTC products throughout Europe and the USA. It sells its products primarily in North America and Europe, as well as in other markets, including Australia, Israel and China.",Drug Manufacturers,23,Industrials,7
3860,PRGS,Progress Software,"Progress Software Corp is involved in application development, empowering enterprises to build mission critical business applications. It offers spanning web, mobile and data for on-premise and cloud environments.",Application Software,4,Information Technology,8
3862,PRI,Primerica,"Primerica Inc is a life insurance company that distributes its products to middle income households in the United States and Canada. The company assists its clients in terms of life insurance, mutual funds, annuities and other financial products.",Insurance - Life,36,Healthcare,6
3863,PRIM,Primoris Services,"Primoris Services Corp provides construction, maintenance, replacement, water and waste-water and engineering services to public utilities, petrochemical companies, energy companies and municipalities.",Engineering & Construction,26,Industrials,7
3864,PRK,Park National,Park National Corp is a financial bank holding company. It provides commercial banking services to small and medium population Ohio communities.,Banks,7,Financials,5
3865,PRLB,Proto Labs,"Proto Labs Inc is an online and technology-enabled manufacturer of on-demand three-dimensional printed, computer numerical control machined and injection-molded custom parts for prototyping and short-run production.",Industrial Products,34,Industrials,7
3866,PRMW,Primo Water,"Primo Water Corp is a provider of multi-gallon purified bottled water, self-service refill water and water dispensers sold through retailers in the United States and Canada.",Beverages - Non-Alcoholic,9,Consumer Staples,2
3867,PRO,PROS,"Pros Holdings Inc is a provider of cloud-based revenue and profit realization software solutions to business-to-business and business-to-consumer companies. Its solutions assist customers in growing revenue, modernizing business processes, and others.",Application Software,4,Information Technology,8
3868,PROV,Provident Financial,"Provident Financial Holdings Inc is engaged in providing community banking & mortgage banking services. It accepts deposits, offers banking services, and provides multi-family, commercial real estate, commercial business, consumer & other mortgage loans.",Banks,7,Financials,5
3869,PRPH,ProPhase Labs,"ProPhase Labs Inc is a manufacturer and distributor of homeopathic and health products. It is also engaged in the research and development of potential over-the-counter drug, natural health products, supplements, personal care & cosmeceutical products.",Drug Manufacturers,23,Industrials,7
3870,PRPL,Purple Innovation,"Purple Innovation Inc designs, manufactures and sells a range of comfort technology offerings, including mattresses, a pillow, cushions, sheets, bed platforms and other products.",Manufacturing - Apparel & Furniture,39,Industrials,7
3871,PRPO,Precipio,"Precipio Inc is a diagnostics company, which has built a platform designed to eradicate the problem of misdiagnosis by harnessing the expertise and technology developed within academic institutions and delivering diagnostic information to physicians.",Medical Diagnostics & Research,41,Healthcare,6
3877,PRTA,Prothena plc,Prothena Corp PLC is a biotechnology company. It discovers and develops novel antibodies for the potential treatment of a broad range of diseases that involve protein misfolding or cell adhesion.,Biotechnology,10,Healthcare,6
3878,PRTH,Priority Technology,"M I Acquisitions Inc is a blank check company. Its objective is to acquire, through a merger, share exchange, asset acquisition, stock purchase, recapitalization, reorganization or other similar business combination.",Conglomerates,19,Industrials,7
3879,PRTK,Paratek Pharmaceuticals,Paratek Pharmaceuticals Inc is a clinical-stage biopharmaceutical company. It is focused on the development and commercialization of therapeutics based upon tetracycline chemistry.,Biotechnology,10,Healthcare,6
3881,PRTS,U.S. Auto Parts Network,"U.S. Auto Parts Network Inc is an online provider of automotive aftermarket parts and repair information. Its products are classified into three subcategories: collision parts, engine parts, and performance parts and accessories.",Retail - Apparel & Specialty,58,Commercial Services & Supplies,0
3883,PRU,Prudential Financial,"Prudential Financial Inc offers annuities, life insurance, retirement plan services, and asset management products to individual and institutional customers in the United States, Asia, Europe and Latin America.",Insurance - Life,36,Healthcare,6
3885,PSA,Public Storage,"Public Storage is a part of the real estate sector. It is engaged in the acquisition, development, ownership and operation of self-storage facilities.",REITs,55,Financials,5
3888,PSEC,Prospect Capital,Prospect Capital Corporation is a closed-end investment company. It aims to generate current income and long-term capital appreciation through debt and equity investments.,Asset Management,5,Financials,5
3891,PSMT,PriceSmart,Pricesmart Inc through its subsidiaries is engaged in the ownership and operation of membership shopping warehouse clubs under the trade name PriceSmart in Central America and the Caribbean.,Retail - Defensive,59,Consumer Discretionary,1
3893,PSTG,Pure Storage,"Pure Storage Inc provides data storage services. It provides flash optimized software, flash array hardware and cloud based management services.",Computer Hardware,18,Information Technology,8
3895,PSX,Phillips 66,Phillips 66 is an oil and gas company that purchases for resale and markets refined petroleum products. Its joint venture operates facilities in the United States and the Middle East and primarily produces olefins and polyolefins.,Oil & Gas - Refining & Marketing,49,"Media, Marketing & Sales",10
3897,PTC,PTC,"PTC Inc is a US-based company develops and delivers technology solutions comprised of software and services that help companies design products, manage product information and improve their product development and services processes.",Application Software,4,Information Technology,8
3898,PTCT,PTC Therapeutics,"PTC Therapeutics Inc is a biopharmaceutical company. It is focused on the discovery and development of orally administered, proprietary small-molecule drugs that target post-transcriptional control processes.",Biotechnology,10,Healthcare,6
3900,PTEN,Patterson-UTI Energy,"Patterson-UTI Energy Inc is a North America-based land rig drilling contractors. It operates in three segments namely, Contract Drilling Services, Pressure Pumping Services, and Oil and Natural Gas Exploration and Production.",Oil & Gas - Drilling,45,Energy & Utilities,4
3901,PTGX,Protagonist Therapeutics,Protagonist Therapeutics Inc is a clinical-stage biopharmaceutical company with a proprietary peptide-based technology platform focused on discovering and developing new chemical entities to address significant unmet medical needs.,Biotechnology,10,Healthcare,6
3905,PTN,Palatin,"Palatin Technologies Inc is a biopharmaceutical company engaged in developing targeted, receptor-specific peptide therapeutics for the treatment of diseases with unmet medical need and commercial potential.",Medical Diagnostics & Research,41,Healthcare,6
3908,PTSI,P.A.M. Transportation Services,"P.A.M. Transportation Services Inc through its subsidiaries operates as a truckload transportation and logistics company. The company is a truckload dry-van carrier, transporting general commodities throughout the continental United States and Canada.",Transportation & Logistics,63,Transportation & Logistics,12
3915,PULM,Pulmatrix,Pulmatrix Inc is is a clinical stage biotechnology company. The Company is engaged in discovery and development of a novel class of inhaled therapeutic products intended to prevent and treat respiratory diseases and infections.,Biotechnology,10,Healthcare,6
3916,PUMP,ProPetro Holding,ProPetro Holding Corp is an oilfield services company providing hydraulic fracturing and other complementary services to upstream oil and gas companies.,Oil & Gas - Services,50,Commercial Services & Supplies,0
3918,PVBC,Provident Bancorp,"Provident Bancorp Inc provides a range of banking products and services to small and medium-sized commercial customers. The company, through its subsidiary, is a Massachusetts-chartered stock savings bank.",Banks,7,Financials,5
3920,PVH,PVH,"PVH Corp is apparel company, which designs and markets branded dress shirts, neckwear, sportswear, jeanswear, intimate apparel, swim products, handbags, footwear and other related products. Its brands include Tommy Hilfiger and Calvin Klein.",Manufacturing - Apparel & Furniture,39,Industrials,7
3923,PW,Power REIT (MD),"Power REIT holds, develops, acquires and manages real estate assets related to transportation and energy infrastructure in the United States.",REITs,55,Financials,5
3924,PWOD,Penns Woods Bancorp,"Penns Woods Bancorp Inc is a bank holding company. It is engaged in a full-service commercial banking business, making available to the community a range of financial services including installment loans, credit cards, among others.",Banks,7,Financials,5
3925,PWR,Quanta Services,Quanta Services Inc is a provider of specialty contracting services. The company offers infrastructure solutions to the electric power and oil and gas industries in North America and in select international markets.,Engineering & Construction,26,Industrials,7
3926,PXD,Pioneer Natural Resources Company,Pioneer Natural Resources Co is an independent oil and gas exploration and production company with operations in the United States. Its focus includes the Permian Basin and Eagle Ford Shale regions of Texas.,Oil & Gas - E&P,46,Energy & Utilities,4
3927,PXLW,Pixelworks,Pixelworks Inc manufactures and sells semiconductor products primarily in Japan. The company's technology provides key essentials for the development of display features in electronic devices such as smartphones and tablets.,Semiconductors,60,Materials,9
3931,PYPL,PayPal,"PayPal Holdings Inc is a technology platform company that enables digital and mobile payments on behalf of consumers and merchants. The company's payments platform includes PayPal, PayPal Credit, Venmo, Xoom and Braintree products.",Credit Services,22,Corporate Services,3
3934,PZG,Paramount Gold Nevada,Paramount Gold Nevada Corp is an exploration stage mining company with projects in Nevada and northern Mexico. The Company acquires and develops known precious metals deposits in large-scale geological environments in North America.,Metals & Mining,44,Industrials,7
3936,PZZA,Papa John's International,"Papa John's International Inc operates and franchises pizza delivery and carryout restaurants activities. The company also operates dine-in and delivery restaurants under the trademark ""Papa John's"".",Restaurants,57,Corporate Services,3
3940,QCOM,QUALCOMM Incorporated,"Qualcomm Inc develops and licenses wireless technology. It also engages in designing chips for mobile phones. The company is also the world's largest wireless chip vendor, supplying many premier handset makers with leading-edge processors.",Semiconductors,60,Materials,9
3943,QDEL,Quidel,"Quidel Corp is engaged in the development, manufacturing, and marketing of rapid diagnostic testing solutions. It includes applications in infectious diseases, women's health, gastrointestinal diseases, and others.",Medical Diagnostics & Research,41,Healthcare,6
3949,QLYS,Qualys,"Qualys Inc provides cloud security and compliance solutions to organizations identifying security risks to their IT infrastructures, to protect their IT systems from cyber-attacks and achieve compliance with internal policies and external regulations.",Application Software,4,Information Technology,8
3950,QNST,QuinStreet,"QuinStreet Inc is an online marketing and media company that delivers qualified clicks and inquiries at low cost with great scalability. The company's operations and revenue are in North America, but has emerging businesses in Brazil and India.",Online Media,51,"Media, Marketing & Sales",10
3952,QRHC,Quest Resource Holding Corporation.,"Quest Resource Holding Corporation provides one-stop management programs to reuse, recycle, and dispose of a wide variety of waste streams and recyclables generated by the client's business.",Waste Management,68,Transportation & Logistics,12
3953,QRTEA,Qurate Retail Series Common Stock,"Qurate Retail Inc, formerly QVC Group is engaged in the video and on-line commerce industries in North America, Europe and Asia. It markets and sells consumer products by means of its televised shopping programs and through the Internet.",Retail - Apparel & Specialty,58,Commercial Services & Supplies,0
3955,QRVO,Qorvo,"Qorvo Inc is a semiconductor product manufacturer. It sells its products to companies engaged in the telecommunication, infrastructure and defense industries.",Semiconductors,60,Materials,9
3956,QSR,Restaurant Brands International,"Restaurant Brands International Inc is a quick service restaurant company. It owns and operates restaurants brands include Burger King, Tim Hortons, and Popeyes Louisiana Kitchen.",Restaurants,57,Corporate Services,3
3958,QTNT,Quotient Limited,Quotient Ltd is a commercial-stage diagnostics company engaged in reducing healthcare costs and improving patient care with focus in blood grouping and donor disease screening.,Medical Diagnostics & Research,41,Healthcare,6
3960,QTRX,Quanterix,Quanterix Corp is a life science company. The company digitizing biomarker analysis with the goal of advancing the science of precision health.,Biotechnology,10,Healthcare,6
3962,QTWO,Q2,"Q2 Holdings Inc is a provider of secure, cloud-based virtual banking solutions. It enables regional and community financial institutions to deliver a range of virtual banking services.",Application Software,4,Information Technology,8
3963,QUAD,Quad Graphics,"Quad/Graphics Inc is a US based marketing services provider. It helps brand owners market their products, services and content by using its strong print foundation in combination with other media channels.",Business Services,13,Corporate Services,3
3964,QUIK,QuickLogic,"QuickLogic Corp is engaged in developing and marketing semiconductor and software algorithm solutions for mobile and portable electronics. Its solutions fall into three categories: Sensor Processing, Display and Visual Enhancement, and Smart connectivity.",Semiconductors,60,Materials,9
3966,QUOT,Quotient Technology,Quotient Technology Inc provides digital promotions and media solutions. The company offers digital platform that enables consumer packaged goods (CPG) brands and retailers to engage shoppers through personalized and targeted promotions and media.,Advertising & Marketing Services,0,"Media, Marketing & Sales",10
3967,QURE,uniQure N.V.,"uniQure NV is engaged in the field of gene therapy platform across three therapeutic focus areas: Liver/Metabolic Disease, Central Nervous System (CNS) Disease and Cardiovascular Disease.",Biotechnology,10,Healthcare,6
3968,R,Ryder System,"Ryder System Inc is engaged in supply chain activities. Its services include transportation, supply chain and fleet management solutions.",Consulting & Outsourcing,20,Professional Services,11
3971,RAD,Rite Aid,Rite Aid Corp operates retail drugstore chains in the United States. The business activity of the group is functioned through two segments namely Retail Pharmacy & Pharmacy Services. It generates a majority of its revenue from the Retail Pharmacy segment.,Retail - Defensive,59,Consumer Discretionary,1
3973,RAIL,Freightcar America,FreightCar America Inc is a manufacturer of aluminum-bodied railcars in North America. The Company specializes in production of coal cars.,Transportation & Logistics,63,Transportation & Logistics,12
3974,RAMP,LiveRamp,"Acxiom Corp is an enterprise data, analytics and software-as-a-service company. Its business segments include Marketing Services, Audience Solutions and Connectivity.",Application Software,4,Information Technology,8
3975,RAND,Rand Capital,"Rand Capital Corp is an internally managed investment company that lends to and invests in small and medium-sized companies in connection with other investors. It invests in financial instruments such as equity instruments, debt instruments, among others.",Asset Management,5,Financials,5
3976,RARE,Ultragenyx Pharmaceutical,"Ultragenyx Pharmaceutical Inc is biopharmaceutical company. It is engaged identification, acquisition, development and commercialization of novel products for treatment of rare & ultra-rare diseases, with a focus on debilitating genetic diseases.",Biotechnology,10,Healthcare,6
3978,RAVE,Rave Restaurant,"Rave Restaurant Group Inc operates and franchises pizza buffet, delivery/carry-out & express restaurants domestically and internationally under the trademark Pizza Inn and operates domestic fast casual pizza restaurants.",Restaurants,57,Corporate Services,3
3980,RBA,Ritchie Bros. Auctioneers Incorporated,"Ritchie Bros Auctioneers Inc is an industrial auctioneer and used equipment distributor. It sells a broad range of used and unused equipment, including trucks, construction and heavy machinery and other assets.",Business Services,13,Corporate Services,3
3981,RBB,RBB Bancorp,"RBB Bancorp is a bank holding company of the Royal Business Bank. The company is based in Los Angeles, California.",Banks,7,Financials,5
3982,RBBN,Ribbon Communications,"Ribbon Communications Inc is a real-time communications company. It is a provider of network solutions to telecommunications, wireless and cable service providers and enterprises across industry verticals.",Communication Services,17,Corporate Services,3
3983,RBC,Regal Beloit,"Regal Beloit Corp is a manufacturer of electric motors , electrical motion controls,power generation and power transmission products.",Industrial Products,34,Industrials,7
3984,RBCAA,Republic Bancorp Common Stock,"Republic Bancorp Inc is a financial holding company. The company along with its subsidiaries provide property and casualty insurance coverage and also is in directing, planning and coordinating the business activities.",Banks,7,Financials,5
3988,RC,Ready Capital Corproation,"Sutherland Asset Management Corp is a real estate finance company that acquires, originates, manages, services and finances small balance commercial loans, Small Business Administration loans, residential mortgage loans, and mortgage-backed securities.",REITs,55,Financials,5
3992,RCKT,Rocket Pharmaceuticals,"Rocket Pharmaceuticals Inc, formerly Inotek Pharmaceuticals Corp, is a clinical-stage biopharmaceutical company focused on the discovery, development and commercialization of therapies for glaucoma and other diseases of the eye.",Biotechnology,10,Healthcare,6
3993,RCKY,Rocky Brands,"Rocky Brands Inc is a designer, manufacturer and marketer of footwear and apparel marketed under a portfolio of brand names including Rocky, Georgia Boot, Durango, Lehigh, Creative Recreation and the licensed brand Michelin.",Manufacturing - Apparel & Furniture,39,Industrials,7
3994,RCL,Royal Caribbean Cruises,"Royal Caribbean Cruises Ltd is a global cruise company. It owns and operates three global cruise brands: Royal Caribbean International, Celebrity Cruises and Azamara Club Cruises.",Travel & Leisure,64,Transportation & Logistics,12
3995,RCM,R1 RCM,"R1 RCM Inc provides management services to hospitals, physicians and other healthcare providers across US. The company offers services to efficiently manage cycle operations such as patient registration, insurance, and medical treatment documentation.",Application Software,4,Information Technology,8
3996,RCMT,RCM,RCM Technologies Inc is a provider of business and technology solutions designed to enhance and maximize the operational performance of its customers through the adaptation and deployment of advanced engineering and information technology services.,Engineering & Construction,26,Industrials,7
3999,RCUS,Arcus Biosciences,Arcus Biosciences Inc is a clinical-stage biopharmaceutical company which focuses on developing and commercializing cancer immunotherapies.,Biotechnology,10,Healthcare,6
4002,RDFN,Redfin,Redfin Corp is a technology-powered residential real estate brokerage company. It represents people buying and selling homes in over 80 markets throughout the United States.,Real Estate Services,56,Professional Services,11
4004,RDI,Reading International,"Reading International Inc is a diversified company, engaged in the development, ownership and operation of multiplex cinemas and retail and commercial real estate in the United States, Australia and New Zealand.",Entertainment,27,Healthcare,6
4006,RDN,Radian,Radian Group Inc provides mortgage insurance and products and services to the real estate and mortgage finance industries. It operates with two business segments namely Mortgage Insurance and Services.,Insurance - Specialty,38,Healthcare,6
4007,RDNT,RadNet,"RadNet Inc is a provider of freestanding, fixed-site outpatient diagnostic imaging services in the United States. Its services include magnetic resonance imaging, computed tomography, positron emission tomography, nuclear medicine, and among others.",Medical Diagnostics & Research,41,Healthcare,6
4010,RDUS,Radius Health,Radius Health Inc is a science-driven biopharmaceutical company engaged in developing new therapeutics for patients with osteoporosis and other serious endocrine-mediated diseases.,Drug Manufacturers,23,Industrials,7
4011,RDVT,Red Violet,"Red Violet Inc is a United States based software and services company. It specializes in big data analysis, providing cloud-based, mission-critical information solutions to enterprises in a variety of industries.",Application Software,4,Information Technology,8
4014,RE,Everest Re,Everest Re Group Ltd is engaged in the insurance business. Its offering comprises of property and casualty reinsurance & insurance products and services.,Insurance - Specialty,38,Healthcare,6
4017,REED,Reeds,"Reed's Inc sells Ginger Beer brand. Its Virgil brand is independent, all-natural craft soda brand. The company's portfolio has sold in over 20,000 retail doors across the natural, specialty, grocery, drug, club and mass channels nationwide.",Beverages - Non-Alcoholic,9,Consumer Staples,2
4018,REFR,Research Frontiers Incorporated,"Research Frontiers Inc develops and licenses its patented suspended particle device light-control technology to other companies that manufacture and market either the SPD-Smart chemical emulsion, light-control film made from the chemical emulsion.",Computer Hardware,18,Information Technology,8
4021,REGN,Regeneron Pharmaceuticals,"Regeneron Pharmaceuticals Inc is an integrated biopharmaceutical company. It discovers, invents, develops, manufactures, and commercializes medicines for the treatment of serious medical conditions.",Biotechnology,10,Healthcare,6
4022,REI,Ring Energy,"Ring Energy Inc is a Midland-based exploration and production company that is engaged in oil and natural gas acquisition, exploration, development and production activities. Its exploration and production interests are in Texas.",Oil & Gas - E&P,46,Energy & Utilities,4
4023,RELL,Richardson Electronics,"Richardson Electronics Ltd is a provider of engineered solutions, power grid and microwave tubes and related consumables and customized display solutions.",Computer Hardware,18,Information Technology,8
4027,RENN,Renren American Depositary Shares each representing fifteen,"Renren Inc is engaged in the operation of social networking internet platform, as well as provision of online advertising services and internet value-added services (""IVAS"") as well as the operation of financial services platforms.",Online Media,51,"Media, Marketing & Sales",10
4029,RES,RPC,"RPC Inc provides oilfield services and equipment to oil and gas companies engaged in the exploration, production and development of oil and gas properties throughout the United States.",Oil & Gas - Services,50,Commercial Services & Supplies,0
4032,RETA,Reata Pharmaceuticals,"Reata Pharmaceuticals Inc is a clinical stage biopharmaceutical company engaged in identifying, developing, and commercializing product candidates to address rare and life-threatening diseases by targeting molecular pathways.",Biotechnology,10,Healthcare,6
4035,REVG,REV,"REV Group Inc is a designer, manufacturer and distributor of specialty vehicles and related aftermarket parts and services. It serves a diversified customer base in the United States through three segments, Fire & Emergency, Commercial and Recreation.",Autos,6,Industrials,7
4036,REX,REX American Resources,REX American Resources Corp is a holding company that conducts substantially all of its business operations through its subsidiaries. It is currently invested in ethanol production entities.,Chemicals,14,Materials,9
4037,REXR,Rexford Industrial Realty,"Rexford Industrial Realty Inc is a United States based self-administered and self-managed full-service real estate investment trust focused on owning, operating and acquiring industrial properties in Southern California infill markets.",REITs,55,Financials,5
4038,RF,Regions Financial,"Regions Financial Corp is a regional bank headquartered in Alabama, with branches primarily in the southeastern and midwestern United States. It provides banking and bank-related services to individual and corporate customers.",Banks,7,Financials,5
4040,RFIL,RF Industries,"RF Industries Ltd is engaged in the design, manufacture and marketing of interconnect products and systems, including coaxial and specialty cables, fiber optic cables and connectors, and electrical and electronic specialty cables.",Computer Hardware,18,Information Technology,8
4041,RFL,Rafael B,"Rafael Holdings Inc, through its subsidiaries, is a clinical stage, oncology-focused pharmaceutical company committed to the development and commercialization of therapies that exploit the metabolic differences between normal cells and cancer cells.",Biotechnology,10,Healthcare,6
4043,RGA,Reinsurance of America Incorporated,"Reinsurance Group of America Inc is an insurance holding company. It provides various products including life reinsurance, living benefits reinsurance, group reinsurance, health reinsurance, financial solutions, and product development.",Insurance - Specialty,38,Healthcare,6
4044,RGCO,RGC Resources,RGC Resources Inc is an energy services company engaged in the regulated sale and distribution of natural gas through its subsidiary.,Utilities - Regulated,67,Energy & Utilities,4
4045,RGEN,Repligen,"Repligen Corp is a bioprocessing company developing, producing and commercializing biologic drugs. The company offers its products to life science companies, global biopharmaceutical companies, and contract manufacturers worldwide.",Biotechnology,10,Healthcare,6
4046,RGLD,Royal Gold,"Royal Gold Inc manages precious metal royalties and streams, with a focus on gold. The company seeks to acquire existing stream and royalty interests or to finance projects that are in production or in the development stage.",Metals & Mining,44,Industrials,7
4047,RGLS,Regulus Therapeutics,Regulus Therapeutics Inc is a biotechnology company that focuses on the development of microRNA therapies. MicroRNA is a noncoding ribonucleic acid that regulates most genes in the genome.,Biotechnology,10,Healthcare,6
4048,RGNX,REGENXBIO,"Regenxbio Inc is a biotechnology company. It is engaged in the development, commercialization and licensing of recombinant adeno-associated virus gene therapy.",Biotechnology,10,Healthcare,6
4049,RGR,Sturm Ruger & Company,"Sturm Ruger & Co Inc is engaged in the design, manufacture, and sale of firearms to domestic customers. The Company also manufactures and sells investment castings made from steel alloys for internal use in the firearms segment.",Aerospace & Defense,1,Transportation & Logistics,12
4050,RGS,Regis,"Regis Corp owns, franchises and operates beauty salons throughout North America and the United Kingdom. The company's locations provide salon products and services to the mass market, including haircutting, styling, and hair coloring.",Personal Services,53,Professional Services,11
4053,RH,RH,"RH, formerly Restoration Hardware Holdings Inc is a luxury brand in the home furnishings marketplace offering furniture, lighting, textiles, outdoor and garden products. It offers collections through its retail galleries, source books and websites.",Retail - Apparel & Specialty,58,Commercial Services & Supplies,0
4054,RHE,Regional Health Properties,Regional Health Properties Inc is a self-managed healthcare real estate investment company. It invests primarily in real estate purposed for senior living and long-term healthcare through facility lease and sub-lease transactions.,Health Care Providers,31,Healthcare,6
4055,RHI,Robert Half International,"Robert Half International Inc is a staffing agency providing specialized staffing and risk consulting services through divisions such as Accountemps, Robert Half Finance & Accounting, OfficeTeam, Robert Half Technology, and others.",Employment Services,25,Professional Services,11
4056,RHP,Ryman Hospitality Properties (REIT),"Ryman Hospitality Properties Inc specializes in group-oriented, destination hotel assets in urban and resort markets.",REITs,55,Financials,5
4058,RIBT,RiceBran,"RiceBran Technologies is an ingredient company serving food, animal nutrition and specialty markets focused on value-added processing and marketing of healthy, natural and nutrient dense products derived from raw rice bran.",Consumer Packaged Goods,21,Consumer Staples,2
4059,RICK,RCI Hospitality,"RCI Hospitality Holdings Inc through its subsidiaries owns and operates establishments that offer live adult entertainment, restaurant, and bar operations.",Restaurants,57,Corporate Services,3
4061,RIG,Transocean (Switzerland),"Transocean Ltd is an international provider of offshore contract drilling services for oil and gas wells. Its business activities include contracting drilling rigs, related equipment and work crews to drill oil and gas wells.",Oil & Gas - Drilling,45,Energy & Utilities,4
4062,RIGL,Rigel Pharmaceuticals,"Rigel Pharmaceuticals Inc is a clinical-stage biotechnology company. It discovers and develops novel, small-molecule drugs for the treatment of inflammatory/autoimmune diseases, as well as for certain cancers and metabolic diseases.",Biotechnology,10,Healthcare,6
4063,RILY,B. Riley Financial,"B. Riley Financial Inc is a diversified financial services company. The reportable operating segments of the company include Capital Markets, Auction and Liquidation, Valuation and Appraisal and Principal Investments.",Asset Management,5,Financials,5
4065,RIOT,Riot Blockchain,Riot Blockchain Inc is a strategic investor and operator in the blockchain ecosystem with focus on the bitcoin and ethereum blockchains.,Brokers & Exchanges,11,Financials,5
4068,RJF,Raymond James Financial,"Raymond James Financial Inc is a diversified financial services company providing private client group, capital markets, asset management, banking and other services to individuals, corporations and municipalities.",Brokers & Exchanges,11,Financials,5
4069,RKDA,Arcadia Biosciences,Arcadia Biosciences Inc is an agricultural biotechnology trait company. The company develops a portfolio of yield and traits addressing multiple crops that supply the global food and feed markets.,Agriculture,2,Industrials,7
4070,RL,Ralph Lauren,"Ralph Lauren Corp is a fashion apparels manufacturer that designs and distribute lifestyle products including apparel, accessories, home furnishings, and other licensed product categories through department stores, specialty retailers and its own outlets.",Manufacturing - Apparel & Furniture,39,Industrials,7
4071,RLGT,Radiant Logistics,Radiant Logistics Inc is a transportation and logistics services company providing customers domestic and international freight forwarding services through a network of Company-owned and strategic operating partner locations.,Transportation & Logistics,63,Transportation & Logistics,12
4074,RLI,RLI (DE),RLI Corp provides property and casualty insurance coverages in both the specialty admitted and excess and surplus markets. It distributes its property and casualty insurance through branch offices.,Insurance - Property & Casualty,37,Healthcare,6
4075,RLJ,RLJ Lodging Trust of Beneficial Interest $0.01 par value,"RLJ Lodging Trust is a United States-based self-advised and self-administered real estate investment trust (REIT). It acquires branded, focused-service and compact full-service hotels.",REITs,55,Financials,5
4077,RM,Regional Management,"Regional Management Corp is a diversified specialty consumer finance company. The firm provides a range of loan products to customers with limited access to consumer credit from banks, thrifts, credit card companies, and other traditional lenders.",Credit Services,22,Corporate Services,3
4078,RMAX,RE/MAX,RE/MAX Holdings Inc operates as a franchisor of real estate brokerage services. The company recruits and retains agents and sells franchises.,Real Estate Services,56,Professional Services,11
4079,RMBL,RumbleOn,"RumbleON Inc is an online retailer which allows consumers and dealers to buy, sell and trade pre-owned motorcycles. It provides cash offers for the purchase of vehicles and flexibility to trade, list, and auction vehicle through website and application.",Retail - Apparel & Specialty,58,Commercial Services & Supplies,0
4080,RMBS,Rambus,"Rambus Inc is a technology solutions company. The company creates semiconductor and IP products, spanning memory and interfaces to security, smart sensors and lighting.",Semiconductors,60,Materials,9
4081,RMCF,Rocky Mountain Chocolate Factory,Rocky Mountain Chocolate Factory Inc is an international franchisor and confectionery manufacturer. It produces an extensive line of chocolate candies and other confectionery products.,Consumer Packaged Goods,21,Consumer Staples,2
4082,RMD,ResMed,ResMed Inc is a part of the healthcare sector. It develops and distributes medical products for treating and diagnosing respiratory disorders.,Medical Instruments & Equipment,43,Commercial Services & Supplies,0
4083,RMNI,Rimini Street,"Rimini Street Inc is a provider of enterprise software support products and services, and the third-party support provider for Oracle and SAP software products. Its products include Oracle e-business suite, SAP business suite, Agile PLM, among others.",Application Software,4,Information Technology,8
4084,RMR,The RMR,"The RMR Group Inc is a holding company. The Company provides management services to four publicly owned real estate investment trusts, and three real estate operating companies.",Real Estate Services,56,Professional Services,11
4086,RMTI,Rockwell Medical,"Rockwell Medical Inc is a biopharmaceutical company targeting end-stage renal disease (ESRD) and chronic kidney disease with its products and services for the treatment of iron deficiency, secondary hyperparathyroidism, and hemodialysis.",Drug Manufacturers,23,Industrials,7
4089,RNG,Ringcentral,"RingCentral Inc provides software-as-a-service, or SaaS, solutions for business communications. Its solutions can be used in multiple devices including Smartphones, Tablets, PC's and Desk Phones which allows for communication across multiple channels.",Application Software,4,Information Technology,8
4090,RNGR,Ranger Energy Services,"Ranger Energy Services Inc is a provider of high-spec well service rigs and associated services in the United States, with a focus on technically demanding unconventional horizontal well completion and production operations.",Oil & Gas - Services,50,Commercial Services & Supplies,0
4093,RNR,RenaissanceRe,RenaissanceRe Holdings Ltd is a provider of insurance products. Its portfolio encompasses property catastrophe and specialty reinsurance risks.,Insurance - Specialty,38,Healthcare,6
4094,RNST,Renasant,"Renasant Corp is a part of the financial services sector. Its business involves the provision of community banking services, which includes checking and savings accounts, business and personal loans and interim construction loans.",Banks,7,Financials,5
4096,ROAD,Construction Partners,"Construction Partners Inc operates as an infrastructure and road construction company, provides construction products and services to public and private sectors.",Engineering & Construction,26,Industrials,7
4098,ROCK,Gibraltar Industries,"Gibraltar Industries Inc is a manufacturer and distributor of building products for industrial, transportation infrastructure, residential housing, renewable energy and resource conservation markets.",Building Materials,12,Materials,9
4099,ROG,Rogers,"Rogers Corp designs, develops, manufactures and sells engineered materials and components for mission critical applications.",Computer Hardware,18,Information Technology,8
4100,ROIC,Retail Opportunity Investments,"Retail Opportunity Investments Corp is a self-managed real estate investment trust. The company invests in, leases, and manages retail properties in the United States. Its portfolio consists primarily of community and neighbourhood shopping centres.",REITs,55,Financials,5
4101,ROK,Rockwell Automation,Rockwell Automation Inc engages in providing industrial automation and information solutions to make its customers more productive and the world more sustainable. It operates in two segments: architecture and software and control products and solutions.,Industrial Products,34,Industrials,7
4102,ROKU,Roku,"Roku Inc operates TV streaming platform in the United States. Its TV streaming platform allows users to discover and access a variety of movies and TV episodes, as well as live sports, music, news and more.",Communication Services,17,Corporate Services,3
4103,ROL,Rollins,Rollins Inc offers pest and termite control services to residential and commercial customers in North America with international franchises in Central America and others. The company operates in one business segment that is Pest and Termite Control.,Business Services,13,Corporate Services,3
4105,ROP,Roper,"Roper Technologies Inc is a diversified technology company. The firm offers industrial pumps, water meters, sensors, valves, control systems, highway tolling systems and SaaS brokerage for freight and food markets, digital imaging, and software systems.",Industrial Products,34,Industrials,7
4106,ROSE,Rosehill Resources,"Rosehill Resources Inc is an independent oil and natural gas company focused on growing production and reserves in the core of the Delaware Basin, through drilling and bolt-on acquisitions.",Oil & Gas - E&P,46,Energy & Utilities,4
4107,ROST,Ross Stores,"Ross Stores Inc is the off-price apparel and home fashion chains which is engaged in selling name-brand and designer apparel, accessories, footwear, and home fashions to middle-income consumers.",Retail - Apparel & Specialty,58,Commercial Services & Supplies,0
4112,RPD,Rapid7,Rapid7 Inc is a provider of security data and analytics solutions that enable organizations to implement an active approach to cyber security.,Application Software,4,Information Technology,8
4113,RPM,RPM International,"RPM International Inc manufactures, markets, and sells various specialty chemical product lines, including high-quality specialty paints, protective coatings, roofing systems, sealants and adhesives.",Chemicals,14,Materials,9
4114,RPT,RPT Realty,"Ramco-Gershenson Properties Trust is a fully integrated, self-administered, publicly-traded equity real estate investment trust. Its primary business is the ownership and management of multi-anchored shopping centers in the United States.",REITs,55,Financials,5
4116,RRC,Range Resources,"Range Resources Corp is an independent natural gas exploration and production company. All the business activities are functioned in the areas of Pennsylvania and North Louisiana. It generates its revenue from Natural gas, NGLs and oil sales.",Oil & Gas - E&P,46,Energy & Utilities,4
4118,RRGB,Red Robin Gourmet Burgers,"Red Robin Gourmet Burgers Inc develops and operates casual-dining and fast-casual restaurants. The company operates casual dining restaurant chain in North America. It generates its revenue from gift cards, francise royalties and fees and other income.",Restaurants,57,Corporate Services,3
4119,RRR,Red Rock Resorts,"Red Rock Resorts Inc along with its subsidiary is a gaming, development and management company. The company develops strategically-located casino and entertainment properties. It generates a majority of its revenue from Casino.",Travel & Leisure,64,Transportation & Logistics,12
4121,RS,Reliance Steel & Aluminum Co. (DE),"Reliance Steel & Aluminum Co is engaged in providing metal processing and inventory management services for carbon and stainless steel, aluminum, alloys, brass and copper, and titanium.",Steel,61,Materials,9
4122,RSG,Republic Services,"Republic Services Inc is the provider of solid waste management services in the United States. In addition, the company operates landfill gas-to-energy projects, as well as an exploration and production waste business.",Waste Management,68,Transportation & Logistics,12
4131,RUN,Sunrun,"Sunrun Inc provides clean, solar energy to homeowners. It is engaged in the design, development, installation sale, ownership, and maintenance of residential solar energy systems (""Projects"") in the United States.",Semiconductors,60,Materials,9
4132,RUSHA,Rush Enterprises Common Stock,"Rush Enterprises Inc is a commercial vehicle dealerships operator. It sells buses and trucks, of various brands such as Peterbilt, Hino, Isuzu, Ford, IC Bus, and Blue Bird. It also offers used vehicles, aftermarket parts, and maintenance services.",Autos,6,Industrials,7
4137,RVNC,Revance Therapeutics,"Revance Therapeutics Inc is a clinical-stage biopharmaceutical company. It is engaged in the development, manufacturing, and commercialization of novel botulinum toxin products for multiple aesthetic and therapeutic applications.",Biotechnology,10,Healthcare,6
4138,RVP,Retractable,"Retractable Technologies Inc designs, develops, manufactures, and markets safety syringes and other safety medical products for the healthcare profession. It offers 1mL tuberculin; allergy antigen VanishPoint syringes.",Medical Instruments & Equipment,43,Commercial Services & Supplies,0
4139,RVSB,Riverview Bancorp,Riverview Bancorp Inc is the savings & loan holding company of Riverview Community Bank. The company is engaged in the business of attracting deposits from the general public & using such funds in its market area to originate commercial business.,Banks,7,Financials,5
4142,RWLK,ReWalk Robotics,"ReWalk Robotics Ltd is an Israel based medical device company. It is engaged in designing, developing and commercializing the Rewalk systems which are exoskeletons allowing wheelchair-bound individuals to stand and walk once again.",Medical Devices,40,Healthcare,6
4143,RWT,Redwood Trust,"Redwood Trust Inc focuses on residential mortgage loans and mortgage-backed securities. It operates through two segments, Residential Mortgage Banking and Investment Portfolio.",REITs,55,Financials,5
4147,RYAM,Rayonier Advanced Materials,"Rayonier Advanced Materials Inc manufactures cellulose from wood. Its products are mainly used in a variety of applications, including cigarette filters, liquid crystal displays, paints, pharmaceuticals, and food.",Chemicals,14,Materials,9
4149,RYI,Ryerson Holding,"Ryerson Holding Corp is in processing and distribution of metals. It is involved in coil and sheet processing, plate processing, bar, tube and structural processing, supply chain services and fabrication services.",Industrial Products,34,Industrials,7
4151,RYTM,Rhythm Pharmaceuticals,"Rhythm Pharmaceuticals Inc is a biopharmaceutical company focused on the development and commercialization of peptide therapeutics for the treatment of gastrointestinal, or GI, diseases, and genetic deficiencies that result in metabolic disorders.",Biotechnology,10,Healthcare,6
4152,S,Sprint,"Sprint Corp is a communications company offering wireless and wireline communications products and services. It offers products and services to individual consumers, businesses, government subscribers and resellers.",Communication Services,17,Corporate Services,3
4154,SABR,Sabre,Sabre Corp is a travel technology company. It primarily engages in the air global distribution system market. The company also has an IT solutions division that focuses on the airline and travel agent end markets.,Application Software,4,Information Technology,8
4155,SACH,Sachem Capital,"Sachem Capital Corp specializes in originating, underwriting, funding, servicing and managing a portfolio of short-term (three years or less) loans secured by first mortgage liens on real property located primarily in Connecticut.",REITs,55,Financials,5
4157,SAFE,Safety Income & Growth,"Safety Income and Growth Inc is a real estate company. It is formed primarily to acquire, own, manage, finance and capitalize ground net leases.",Real Estate Services,56,Professional Services,11
4159,SAFT,Safety Insurance,"Safety Insurance Group Inc is a provider of private passenger and commercial automobile insurance in Massachusetts.It also offers property and casualty insurance products, including commercial automobile, homeowners, and others.",Insurance - Property & Casualty,37,Healthcare,6
4160,SAGE,Sage Therapeutics,"Sage Therapeutics Inc is a biopharmaceutical company conducting development programs and clinical trials to discover medicines for central nervous system disorders. It has development programs for refractory status epilepticus, and Parkinson's di-sease.",Biotechnology,10,Healthcare,6
4161,SAH,Sonic Automotive,"Sonic Automotive Inc is an auto dealership group based in the US with more than 100 stores spread across the country. The company deals in the addition of new- and used-vehicle. It provides parts and collision repair, and wholesale auctions services.",Autos,6,Industrials,7
4162,SAIA,Saia,"Saia Inc is a transportation company. The company through its wholly-owned subsidiaries, provides less-than-truckload, non-asset truckload, expedited and logistics services across the United States.",Transportation & Logistics,63,Transportation & Logistics,12
4163,SAIC,SCIENCE APPLICATIONS INTERNATIONAL,"Science Applications International Corp is a provider of technical, engineering and enterprise information technology services to the U.S. government, including the Department of Defense and federal civilian agencies.",Application Software,4,Information Technology,8
4166,SALM,Salem Media,"Salem Media Group Inc is a domestic multimedia company with integrated operations including radio broadcasting, digital media, and publishing. The Company has three operating segments, Broadcast, Digital Media, and Publishing.",Entertainment,27,Healthcare,6
4168,SAM,Boston Beer Company (The),Boston Beer Co Inc is engaged in the business of selling low alcohol beverages in the United States. The company also markets Twisted Tea (a flavored malt beverage) and Angry Orchard ciders.,Beverages - Alcoholic,8,Industrials,7
4169,SAMG,Silvercrest Asset Management,"Silvercrest Asset Management Group Inc provides financial advisory services to clients in the United States. Its area of coverage includes equities, fixed income and cash, as well as non-traditional investment strategies, such as hedge funds.",Asset Management,5,Financials,5
4172,SANM,Sanmina,"Sanmina Corp is engaged in the business of Integrated Manufacturing Solutions and Components, Products, and Services, which includes interconnect systems and mechanical systems.",Computer Hardware,18,Information Technology,8
4173,SANW,S&W Seed Company,"S&W Seed Co is engaged in breeding, growing, processing and selling of alfalfa seed. It also offers seed cleaning and processing for other seed manufacturers. Its products include Alfalfa seed varieties and Stevia.",Consumer Packaged Goods,21,Consumer Staples,2
4175,SAR,Saratoga Investment New,Saratoga Investment Corp is a closed end management investment company that invests in leveraged loans and mezzanine debt issued by private U.S. middle-market companies.,Asset Management,5,Financials,5
4176,SASR,Sandy Spring Bancorp,"Sandy Spring Bancorp Inc through its subsidiary, provides commercial banking, mortgage banking, and trust services. It also offers investment and wealth management services through its subsidiary.",Banks,7,Financials,5
4177,SATS,EchoStar,"EchoStar Corp provides satellite operations, video delivery solutions, digital set-top boxes, & broadband satellite technologies & services for home & office, delivering network technologies, managed services, solutions for enterprises and governments.",Communication Equipment,16,Information Technology,8
4179,SAVE,Spirit Airlines,"Spirit Airlines Inc is an airline company. The company provides air transportation for passengers. It's all all-Airbus fleet operates more than 385 daily flights to over 56 destinations in the United States, Caribbean and Latin America.",Airlines,3,Transportation & Logistics,12
4181,SBAC,SBA Communications,"SBA Communications Corp is an independent owner and operator of wireless communications towers in the United States, Brazil, Puerto Rico, Canada, and Central America.",Communication Services,17,Corporate Services,3
4184,SBCF,Seacoast Banking of Florida,"Seacoast Banking Corp provides banking services through the Seacoast National Bank. Its suite of services includes deposit accounts and retail banking, commercial lending and asset management.",Banks,7,Financials,5
4185,SBFG,SB Financial,"SB Financial Group Inc is a bank holding company engaged in commercial banking, item processing & wealth management services. It offers services, including checking & savings accounts, money market accounts & time certificates of deposit, among others.",Banks,7,Financials,5
4186,SBGI,Sinclair Broadcast,"Sinclair Broadcast Group Inc is a diversified television broadcasting company that owns and operates, programs or provides sales services to television stations. The company owns a multicast network, four radio stations and a cable network.",Entertainment,27,Healthcare,6
4188,SBH,Sally Beauty (Name to be changed from Inc.),"Sally Beauty Holdings Inc is a specialty retailer and distributor of professional beauty products with operations in North America, South America and Europe.",Retail - Apparel & Specialty,58,Commercial Services & Supplies,0
4193,SBOW,SilverBow Resorces,"SilverBow Resources Inc is a US-based energy company. It explores, develops, and produces oil and gas from the Eagle Ford Shale. It possesses understanding of regional reservoirs which enhances its operations to maximize returns on capital invested.",Oil & Gas - E&P,46,Energy & Utilities,4
4196,SBRA,Sabra Health Care REIT,"Sabra Health Care REIT Inc operates as a self-administered and self-managed REIT. The company, through its subsidiaries, acquires, finances and owns real estate property to be leased to third party tenants in the healthcare sector.",REITs,55,Financials,5
4198,SBSI,Southside Bancshares,"Southside Bancshares Inc is a financial institution offering financial services to individuals, businesses, municipal entities, and non-profit organizations in the communities it serves.",Banks,7,Financials,5
4199,SBT,Sterling Bancorp,"Sterling Bancorp Inc provides banking solutions, innovative loan products and outstanding personal service to the residential and commercial markets, as well as retail banking services.",Banks,7,Financials,5
4200,SBUX,Starbucks,"Starbucks Corp is the roaster, marketer and retailer of specialty coffee in the world, operating globally. It sells a variety of coffee and tea products. It sells goods and services under brands including Teavana, Tazo, and Seattle's Best Coffee.",Restaurants,57,Corporate Services,3
4203,SCCO,Southern Copper,"Southern Copper Corp is a metal producer having its focus on copper. Its segments include Peruvian operations, Mexican open-pit operations and Mexican underground mining operations.",Metals & Mining,44,Industrials,7
4205,SCHL,Scholastic,"Scholastic Corp is an American publishing and education media company. It focuses on books and educational material for schools, teachers, parents, and children.",Publishing,54,"Media, Marketing & Sales",10
4206,SCHN,Schnitzer Steel Industries,"Schnitzer Steel Industries Inc is a ferrous and non-ferrous scrap metal recycler and manufacturer of finished steel products in the US. Its metal recycling business collects and recycles auto bodies, rail cars, appliances, machinery etc.",Steel,61,Materials,9
4207,SCHW,Charles Schwab (The),"Charles Schwab Corp through its subsidiaries provides retail brokerage and banking, retirement plan, and other corporate brokerage services. The company's operating business segments are Investor Services and Advisor Services.",Brokers & Exchanges,11,Financials,5
4208,SCI,Service International,"Service Corp International is a personal services company that provides funeral and cemetery services. It derives its revenue from its funeral locations, while the cemetery division also generates a significant amount of total income.",Personal Services,53,Professional Services,11
4210,SCKT,Socket Mobile,"Socket Mobile Inc is a producer of data capture products. The company's products are integrated into mobile applications used in mobile point of sale (mPOS), enterprise mobility, asset tracking and control systems.",Computer Hardware,18,Information Technology,8
4211,SCL,Stepan Company,"Stepan Co, along with its subsidiaries produces specialty and intermediate chemicals, which are sold to other manufacturers and are used in end products. The company manufactures and markets surfactants, polymers and specialty products.",Chemicals,14,Materials,9
4212,SCM,Stellus Capital Investment,"Stellus Capital Investment Corp is a closed-end, non-diversified management investment company. Its objective is to maximize the total return to its stockholders in the form of current income and capital appreciation.",Asset Management,5,Financials,5
4214,SCOR,comScore,"comScore Inc is a cross-platform measurement company. It measures audiences, brands and consumer behavior everywhere.",Business Services,13,Corporate Services,3
4215,SCPH,scPharmaceuticals,scPharmaceuticals Inc is a pharmaceutical company. Its pipeline includes products in various stages of clinical and non-clinical development. It focuses on proven pharmaceutical products in the cardiovascular and infectious disease therapeutic areas.,Biotechnology,10,Healthcare,6
4216,SCS,Steelcase,"Steelcase Inc is an international furniture company based in the United States. The firm markets furniture for office, healthcare, and education industry under brands such as Steelcase, Coalesse, Designtex, PolyVision, and Turnstone.",Industrial Products,34,Industrials,7
4217,SCSC,ScanSource,ScanSource Inc is a wholesale distributor of specialty technology products. The Company provides value-added distribution services for technology manufacturers and sells to resellers in technology markets.,Computer Hardware,18,Information Technology,8
4218,SCVL,Shoe Carnival,"Shoe Carnival Inc is a family footwear retailer that offers a range of moderately priced dress, casual and athletic footwear for men, women and children. Its store has several brands; Nike and Skechers contributing the majority portion.",Retail - Apparel & Specialty,58,Commercial Services & Supplies,0
4219,SCWX,SecureWorks,SecureWorks Corp is a provider of intelligence-driven information security solutions exclusively focused on protecting its clients from cyber attacks. Its solutions enable organizations to fortify their cyber defenses to prevent security breaches.,Application Software,4,Information Technology,8
4220,SCX,L.S. Starrett Company (The),"The L S Starrett Co is engaged in manufacturing industrial, professional and consumer measuring and cutting tools and related products. It operates in North America, Brazil, China and the United Kingdom.",Industrial Products,34,Industrials,7
4221,SCYX,SCYNEXIS,"SCYNEXIS Inc is a pharmaceutical company engaged in the discovery, development, and commercialization of novel anti-infectives to address unmet therapeutic needs.",Drug Manufacturers,23,Industrials,7
4222,SD,SandRidge Energy,SandRidge Energy Inc is an oil and natural gas company. Its business is comprised of exploration and development of oil properties.,Oil & Gas - E&P,46,Energy & Utilities,4
4225,SDPI,Superior Drilling Products,"Superior Drilling Products Inc is a drilling and completion tool technology company. The Company is a manufacturer of both remanufactured and new diamond drill bits and drill string components for the oil, natural gas and mining drilling industries.",Oil & Gas - Services,50,Commercial Services & Supplies,0
4229,SEAC,SeaChange International,"SeaChange International Inc licenses, manages, distributes video and advertising content for cable television system operators, telecommunications companies, satellite operators and media companies.",Application Software,4,Information Technology,8
4230,SEAS,SeaWorld Entertainment,"SeaWorld Entertainment Inc owns theme parks in the United States. Most of its revenue is obtained from ticket sales to its leisure facilities under brands such as SeaWorld, Sea Rescue and Busch Gardens.",Travel & Leisure,64,Transportation & Logistics,12
4231,SEB,Seaboard,"Seaboard Corp is an agribusiness and transportation company. The group operates six business segments, pork, commodity trading and milling, marine, sugar, power, and turkey.",Conglomerates,19,Industrials,7
4233,SEDG,SolarEdge,"SolarEdge Technologies Inc along with its subsidiaries designs, develops, and sells intelligent inverter solutions maximizing power generation at the individual PV module level while lowering the cost of energy produced by the solar PV system.",Semiconductors,60,Materials,9
4234,SEE,Sealed Air,"Sealed Air Corp is engaged in three reporting segments, Food care, Diversey Care and Product care. It mainly provides cleaning, sanitation, and housekeeping solutions to the food service industry.",Packaging & Containers,52,Commercial Services & Supplies,0
4236,SEEL,Seelos Therapeutics,Apricus Biosciences Inc is a pharmaceutical company. It focuses on the development of product candidates in the areas of urology and rheumatology. The company has two product candidates currently in development including Vitaros and RayVa.,Biotechnology,10,Healthcare,6
4237,SEIC,SEI Investments Company,"SEI Investments Co is an asset management firm. It caters to financial advisors and investors with investment management activities. It is a provider of investment processing, investment management, and investment operations platforms.",Asset Management,5,Financials,5
4238,SELB,Selecta Biosciences,Selecta Biosciences Inc is a clinical-stage biopharmaceutical company using its proprietary synthetic vaccine particle technology to discover and develop targeted therapies designed to modulate the immune system to treat rare and serious diseases.,Biotechnology,10,Healthcare,6
4239,SELF,Global Self Storage,"Global Self Storage Inc is a self-administered and self-managed real estate investment trust. The company is engaged ownership, operation, acquisition, development and redevelopment of self-storage facilities in the United States.",REITs,55,Financials,5
4240,SEM,Select Medical,Select Medical Holdings Corp provides long term acute care hospital services and inpatient acute rehabilitative hospital care which requires extended recovery time with medical services.,Health Care Providers,31,Healthcare,6
4242,SENEA,Seneca Foods Common Stock,"Seneca Foods Corp is produces & distributes processed fruits & vegetables. Its products include canned, frozen & bottled produce and snack chips. Its products are sold under private label as well as national & regional brands.",Consumer Packaged Goods,21,Consumer Staples,2
4244,SENS,Senseonics,"Senseonics Holdings Inc is a medical technology company engaged in designing, development and commercialization of glucose monitoring systems for diabetes patients.",Medical Diagnostics & Research,41,Healthcare,6
4245,SERV,ServiceMaster Global,"ServiceMaster Global Holdings Inc is a provider of essential residential and commercial services. The company operates through three segments namely Terminix, American home shield and the Franchise services group.",Business Services,13,Corporate Services,3
4246,SES,Synthesis Energy Systems,"Synthesis Energy Sys Inc with its subsidiaries develops, builds, owns and operates clean energy and chemical projects and also provides proprietary gasification technology systems and solutions to produce synthesis gas.",Oil & Gas - Services,50,Commercial Services & Supplies,0
4248,SF,Stifel Financial,"Stifel Financial Corp is a full-service brokerage and investment banking firm. It provides securities brokerage, investment banking, trading, investment advisory, and related financial services to individual investors, businesses, and municipalities.",Brokers & Exchanges,11,Financials,5
4249,SFBC,Sound Financial Bancorp,Sound Financial Bancorp Inc through Sound Community Bank serves as a financial institution providing to its customers traditional banking and other financial services.,Banks,7,Financials,5
4250,SFBS,ServisFirst Bancshares,"Servisfirst Bancshares Inc is a bank holding company. It offers commercial, consumer and other loans and accepts deposits, provides electronic banking services, deliver treasury and cash management services.",Banks,7,Financials,5
4251,SFE,Safeguard Scientifics,"Safeguard Scientifics Inc is an asset management company. It provides capital as well as strategic, operational and management resources to entrepreneurs across an evolving and spectrum of industries.",Asset Management,5,Financials,5
4253,SFIX,Stitch Fix,"Stitch Fix Inc offers personal style service for men and women. It delivers various product types, including denim, dresses, blouses, skirts, shoes, jewelry and handbags and sells merchandise across a various range of price points.",Retail - Apparel & Specialty,58,Commercial Services & Supplies,0
4256,SFM,Sprouts Farmers Market,"Sprouts Farmers Market Inc is US based company which operates as a specialty retailer of natural and organic food. It offers products including fresh produce, bulk foods, vitamins and supplements, bakery, and body care and natural household items.",Retail - Defensive,59,Consumer Discretionary,1
4257,SFNC,Simmons First National,"Simmons First National Corp is a financial holding company. The company through its subsidiaries is engaged in providing banking services including consumer, real estate and commercial loans, checking, savings and time deposits.",Banks,7,Financials,5
4259,SFST,Southern First Bancshares,"Southern First Bancshares Inc is a bank holding company. It is engaged in the business of accepting demand deposits and savings deposits and providing commercial, consumer and mortgage loans to the general public.",Banks,7,Financials,5
4261,SGA,Saga Communications,"Saga Communications Inc is engaged acquiring, developing and operating broadcast properties. Its broadcasts shows like Classic Hits, Adult Contemporary, Classic Rock, News/Talk and Country.",Entertainment,27,Healthcare,6
4263,SGBX,SG Blocks,"SG Blocks Inc through its subsidiary, is engaged in the business of modifying cargo shipping containers for use of construction. The company also provides engineering and project management services.",Industrial Products,34,Industrials,7
4264,SGC,Superior of Companies,"Superior Group Of Companies Inc is mainly engaged in designing, manufacturing and distribution of uniforms to major domestic retailers, foodservice chains, transportation and other service industries. It also provides remote staffing solutions.",Manufacturing - Apparel & Furniture,39,Industrials,7
4265,SGEN,Seattle Genetics,Seattle Genetics Inc is a biotechnology company. The company is focused on development and commercialization of targeted therapies for the treatment of cancer. Its products are ADCETRIS (brentuximab vedotin) US and ADCETRIS (brentuximab vedotin) Canada.,Biotechnology,10,Healthcare,6
4266,SGH,SMART Global,"SMART Global Holdings Inc offers specialty memory solutions to the electronics industry. It manufactures memory for desktops, notebooks and servers, as well as mobile memory for smartphones.",Semiconductors,60,Materials,9
4268,SGMA,SigmaTron International,"Sigmatron International Inc provides electronic manufacturing services in the United States, Mexico, China, Vietnam and Taiwan. The Company's services include printed circuit board assemblies and completely assembled electronic products.",Computer Hardware,18,Information Technology,8
4269,SGMO,Sangamo Therapeutics,"Sangamo Therapeutics Inc is a clinical stage biotechnology company that translates ground-breaking science into genomic therapies transforming patients' lives using platform technologies in genome editing, gene therapy, gene regulation and cell therapy.",Biotechnology,10,Healthcare,6
4272,SGRP,SPAR,"SPAR Group Inc is a supplier of merchandising and other marketing services. It also provides in-store event staffing, product sampling, audit services, furniture and other product assembly services, technology services and marketing research services.",Business Services,13,Corporate Services,3
4273,SGRY,Surgery Partners,"Surgery Partners Inc is a healthcare service company. It owns and operates ambulatory surgery centers providing services including anesthesia, diagnostic testing and radiation oncology.",Health Care Providers,31,Healthcare,6
4274,SGU,Star,Star Group LP is a full service energy provider. It specializes in the sale of home heating products and services to residential and commercial customers. It also sells heating and air conditioning equipment.,Oil & Gas - Midstream,48,Energy & Utilities,4
4276,SHAK,Shake Shack,"Shake Shack Inc is a roadside burger stand. The Company along with its subsidiaries operates and licenses restaurants in the food service industry, serving hamburgers, hot dogs, crinkle-cut fries, shakes, frozen custard, beer and wine.",Restaurants,57,Corporate Services,3
4277,SHBI,Shore Bancshares,"Shore Bancshares Inc is a financial holding company. It offers personalized banking, insurance and investment services to families and businesses in the Mid-Atlantic region.",Banks,7,Financials,5
4278,SHEN,Shenandoah Telecommunications,"Shenandoah Telecommunications Co is a telecommunications provider. Its services include wireless, cable and wireline based communication solutions.",Communication Services,17,Corporate Services,3
4284,SHO,Sunstone Hotel Investors,"Sunstone Hotel Investors Inc is a real estate investment trust. The company along with its subsidiaries is engaged in acquiring, owning, asset managing and renovating the full-service hotel and select focus-service hotel properties in the United States.",REITs,55,Financials,5
4285,SHOO,Steven Madden,"Steven Madden Ltd designs, markets and sells fashion-forward name brand and private label footwear for women, men and children and name brand and private label fashion handbags and accessories.",Manufacturing - Apparel & Furniture,39,Industrials,7
4286,SHOP,Shopify Subordinate,"Shopify Inc provides cloud-based, multi-channel commerce platform designed for small and medium-sized businesses. The company's platform provides merchants with a single view of their business and customers across all of their sales channels.",Application Software,4,Information Technology,8
4289,SHW,Sherwin-Williams Company (The),"Sherwin-Williams Co provides architectural paint and paint related products; and provides coatings for original-equipment manufacturers. It conducts its operations in North and South America, the Caribbean region, Europe, Asia, and Australia.",Chemicals,14,Materials,9
4291,SIEB,Siebert Financial,Siebert Financial Corp is a holding company. It conducts retail discount brokerage business through its wholly owned subsidiary. The firm mainly provides online and traditional brokerage and related services to retail investors.,Brokers & Exchanges,11,Financials,5
4292,SIEN,Sientra,Sientra Inc is a medical instruments provider in the United States. Its core product offering includes breast implants and breast tissue expanders which find use in breast reconstruction procedures.,Medical Instruments & Equipment,43,Commercial Services & Supplies,0
4293,SIF,SIFCO Industries,SIFCO Industries Inc is engaged in the production of forgings and machined components primarily for the Aerospace and Energy markets.,Industrial Products,34,Industrials,7
4296,SIG,Signet Jewelers Limited,"Signet Jewelers Ltd is a retailer of diamond jewelry. It operates jewelry stores in malls and off-mall locations in the US under national brands including Kay, Kay Jewelers Outlet, Jared and Jared Vault, as well as a type of mall-based regional brands.",Retail - Apparel & Specialty,58,Commercial Services & Supplies,0
4297,SIGA,SIGA,SIGA Technologies Inc is a Commercial-stage pharmaceutical company. The company is engaged in specializing in the development and commercialization of solutions for serious unmet medical needs and biothreats.,Biotechnology,10,Healthcare,6
4298,SIGI,Selective Insurance,"Selective Insurance Group Inc is a holding company that offers property and casualty insurance products and services in United States. It offers standard commercial, standard personal, and excess and surplus lines property and casualty insurance products.",Insurance - Property & Casualty,37,Healthcare,6
4305,SINT,SiNtx,"Amedica Corp is engaged in using its silicon nitride technology platform to develop, manufacture, and commercialize a variety of medical devices.",Medical Devices,40,Healthcare,6
4306,SIRI,Sirius XM,"Sirius XM Holdings Inc is a radio company. It offers commercial-free music, sports and live events, news and comedy, exclusive talk and entertainment, and a range of Latin commercial-free music and sports.",Entertainment,27,Healthcare,6
4307,SITC,SITE Centers,"DDR Corp is a real estate investment trust engaged in the business of acquiring, owning, developing, expanding, leasing, financing and managing shopping centers. It owns and manages more than 100 million total square feet of gross leasable area.",REITs,55,Financials,5
4308,SITE,SiteOne Landscape Supply,"SiteOne Landscape Supply Inc is one of the largest suppliers of tools and equipment. The company serves various business areas which include the wholesale irrigation, outdoor lighting, nursery, landscape supplies, grass seeds, and fertilizers.",Industrial Distribution,33,Industrials,7
4311,SIX,Six Flags Entertainment,"Six Flags Entertainment Corp is the owner and operator of regional theme and water parks in the United States, Mexico and Canada. It offers thrill rides, water attractions, themed areas, concerts and shows, restaurants, game venues and retail outlets.",Travel & Leisure,64,Transportation & Logistics,12
4313,SJM,J.M. Smucker Company (The),"JM Smucker Co operates in the consumer foods industry. It deals with a range of products spanning food, beverage and pet products under well-known brands such as Folgers, Crisco, Milk-Bone, and Kibbles 'n Bits.",Consumer Packaged Goods,21,Consumer Staples,2
4316,SJW,SJW (DE),"SJW Group along with its subsidiaries is engaged in the production, purchase, storage, purification, distribution, wholesale, and retail sale of water. Its operating business segments are Water Utility Services and Real Estate Investment.",Utilities - Regulated,67,Energy & Utilities,4
4319,SKT,Tanger Factory Outlet Centers,"Tanger Factory Outlet Centers Inc owns and operates outlet centers in the United States and Canada. It is a self-administered and self-managed REIT. It also develops, acquires, owns and manages outlet shopping centers.",REITs,55,Financials,5
4320,SKX,Skechers U.S.A.,"Skechers USA Inc manufactures footwear for children, men and women under Skechers GO brand name offering two distinct footwear categories: a lifestyle division and performance footwear. Its products include branded apparel, bags, eyewear, toys, and more.",Manufacturing - Apparel & Furniture,39,Industrials,7
4321,SKY,Skyline Champion,"Skyline Champion Corp, formerly Skyline Corp designs, produces and markets manufactured housing, modular housing and park models to independent dealers and manufactured housing communities located throughout the United States and Canada.",Homebuilding & Construction,32,Energy & Utilities,4
4323,SKYW,SkyWest,"SkyWest Inc offers scheduled passenger service to destinations in the United States, Canada, Mexico and the Caribbean. It helps to connect major airlines and large hubs to smaller outlying cities.",Airlines,3,Transportation & Logistics,12
4324,SLAB,Silicon Laboratories,"Silicon Laboratories Inc is a provider of silicon, software and system solutions for the Internet of Things, Internet infrastructure, industrial control, consumer and automotive markets generating, a majority of its revenue from the Internet of Things.",Semiconductors,60,Materials,9
4325,SLB,Schlumberger N.V.,"Schlumberger Ltd is a supplier of products and services to the oil and gas industry. It provides technology for reservoir characterization, drilling, production, and processing to the oil and gas industry.",Oil & Gas - Services,50,Commercial Services & Supplies,0
4326,SLCA,U.S. Silica,"US Silica Holdings Inc is engaged in the mining industry. Its activities include exploration of minerals, especially silica used in making sand. The company is one of the leading suppliers of sand used in hydraulic fracturing of oil and gas wells.",Metals & Mining,44,Industrials,7
4328,SLDB,Solid Biosciences,"Solid Biosciences Inc is a life science company engaged in developing therapies for Duchenne muscular dystrophy. Its product candidate, SGT-001, is a gene transfer under development to restore functional dystrophin protein expression in patients' muscles.",Drug Manufacturers,23,Industrials,7
4330,SLG,SL Green Realty,"SL Green Realty Corp is a self-managed real estate investment trust which is engaged in the management, acquisition, development, and leasing of property. The company generates its revenue from tenant rents, escalations, and reimbursement.",REITs,55,Financials,5
4332,SLGN,Silgan,"Silgan Holdings Inc is a manufacturer of rigid packaging for shelf-stable food and other consumer goods products. Its products include steel and aluminum containers, metal, composite and plastic closures, custom designed plastic containers and others.",Packaging & Containers,52,Commercial Services & Supplies,0
4333,SLM,SLM,"SLM Corp is a saving, planning and paying for college company providing private education loans to students or their families. It operates a consumer savings network that provides financial rewards on everyday purchases to help families save for college.",Credit Services,22,Corporate Services,3
4334,SLNO,Soleno Therapeutics,Soleno Therapeutics Inc is focused on the development and commercialization of novel therapeutics for the treatment of rare diseases.,Medical Diagnostics & Research,41,Healthcare,6
4335,SLP,Simulations Plus,"Simulations Plus Inc is a developer of drug discovery and development software for mechanistic modelling, simulation and machine learning based technologies. It also explores the application of machine learning technologies in other industries.",Application Software,4,Information Technology,8
4336,SLRC,Solar Capital,Solar Capital Ltd is an investment company which invests mainly in senior secured loans and subordinated debt of private middle market companies to generate current income that is distributed to shareholders quarterly across economic cycles.,Asset Management,5,Financials,5
4337,SLS,SELLAS Life Sciences,SELLAS Life Sciences Group Inc is a biopharmaceutical company. The company is engaged in the development of novel cancer immunotherapies for a broad range of cancer indications. Its pipeline products are Galinpepimut-S and NeuVax.,Biotechnology,10,Healthcare,6
4338,SM,SM Energy Company,"SM Energy Company is an energy company engaged in the acquisition, exploration, development, and production of oil, gas, and natural gas liquids in onshore North America.",Oil & Gas - E&P,46,Energy & Utilities,4
4339,SMAR,Smartsheet,"Smartsheet Inc provides a cloud-based platform for work execution, that enabling teams and organizations to plan, capture, manage, automate, and report on work at a scale which results in more efficient processes and better business outcomes.",Application Software,4,Information Technology,8
4340,SMBC,Southern Missouri Bancorp,Southern Missouri Bancorp Inc is a holding company for Southern Missouri Savings Bank. It is engaged in providing range of banking and financial services to individuals and corporate customers in its market areas.,Banks,7,Financials,5
4341,SMBK,SmartFinancial,"SmartFinancial Inc is a bank holding company. The company provides commercial bank products and services including personal banking, business banking and E-banking services.",Banks,7,Financials,5
4344,SMG,Scotts Miracle-Gro Company (The),"The Scotts Miracle Gro Co is operative in the agricultural industry. It manufactures and sells dry, granular slow-release lawn fertilizers, combination lawn fertilizer and control products.",Agriculture,2,Industrials,7
4345,SMHI,SEACOR Marine,"Seacor Marine Holdings Inc provides marine and support transportation services to offshore oil and gas exploration, development and production facilities.",Transportation & Logistics,63,Transportation & Logistics,12
4348,SMLP,Summit Midstream Partners Representing Limited Partner Interests,"Summit Midstream Partners LP is engaged in developing, owning and operating midstream energy infrastructure assets that are strategically located in the core producing areas of unconventional resource basins,shale formations in the continental USA.",Oil & Gas - Midstream,48,Energy & Utilities,4
4350,SMMF,Summit Financial,"Summit Financial Group Inc provides insurance brokerage services to individuals and businesses covering corporate and personal property and casualty insurance products, as well as group health and life insurance products and consulting services.",Banks,7,Financials,5
4351,SMMT,Summit Therapeutics plc,"Summit Therapeutics PLC is a biopharmaceutical company focused on the discovery, development and commercialization of novel medicines for indications for which there are no existing or only inadequate therapies.",Drug Manufacturers,23,Industrials,7
4352,SMP,Standard Motor Products,Standard Motor Products Inc is a manufacturer and distributor of replacement parts for motor vehicles in the automotive aftermarket industry. The company is organized into two major operating segments: Engine Management and Temperature Control.,Autos,6,Industrials,7
4353,SMPL,The Simply Good Foods Company,"The Simply Good Foods Co is a developer, marketer and seller of branded nutritional foods and snacking products. Its portfolio consists primarily of nutrition bars, ready-to-drink shakes, snacks and confectionery products.",Consumer Packaged Goods,21,Consumer Staples,2
4354,SMRT,Stein Mart,"Stein Mart Inc operates several hundred department stores in the United States. It is engaged in providing fashion merchandise, service and presentation of a department or specialty store at prices competitive with off-price retail chains.",Retail - Apparel & Specialty,58,Commercial Services & Supplies,0
4355,SMSI,Smith Micro Software,"Smith Micro Software Inc develops and markets wireless solutions for wireless service providers, mobile device and chipset manufacturers, and enterprise businesses. Its operating segments are Wireless and Graphics.",Application Software,4,Information Technology,8
4357,SMTC,Semtech,"Semtech Corp is a provider of analog and mixed-signal semiconductor products. These products are found in enterprise computing, communications, high-end consumer, industrial, and other end markets.",Semiconductors,60,Materials,9
4361,SNA,Snap-On Incorporated,"Snap-on Inc manufactures and markets tools, equipment, diagnostics, repair information and systems solutions for professional users. The product range consists of hand and power tools, tool storage, fuel and engine systems, and hand-held diagnostics.",Industrial Products,34,Industrials,7
4362,SNAP,Snap,"Snap Inc is a camera application developer. Its main product is Snapchat, a camera application created to help people communicate through short videos and images. It also offers Spectacles, which are camera-enabled sunglasses.",Online Media,51,"Media, Marketing & Sales",10
4363,SNBR,Sleep Number,"Sleep Number Corp offer consumers with individualized sleep solutions and services, which include a complete line of SLEEP NUMBER beds and bedding accessories.",Manufacturing - Apparel & Furniture,39,Industrials,7
4364,SNCR,Synchronoss,"Synchronoss Technologies Inc is a software company providing technologies and services for the mobile transformation of business. It provides personal cloud, secure-mobility, identity management and scalable messaging platforms, products and solutions.",Application Software,4,Information Technology,8
4365,SND,Smart Sand,"Smart Sand Inc is a producer of Northern White raw frac sand. The Company is engaged in the excavation, processing and sale of industrial sand, or proppant, for use in hydraulic fracturing operations for the oil and gas industry.",Metals & Mining,44,Industrials,7
4367,SNDR,Schneider National,"Schneider National Inc. provides transportation and logistics services. The company delivers broad portfolio of premier truckload, intermodal and logistics solutions and operating for-hire trucking fleets in North America.",Transportation & Logistics,63,Transportation & Logistics,12
4368,SNDX,Syndax Pharmaceuticals,Syndax Pharmaceuticals Inc is a clinical stage biopharmaceutical company focused on developing a pipeline of combination therapies in multiple cancer indications.,Biotechnology,10,Healthcare,6
4370,SNES,SenesTech,SenesTech Inc is a biotech platform and research company. The Company is engaged in developing technology for managing animal pest populations through fertility control.,Agriculture,2,Industrials,7
4371,SNFCA,Security National Financial Common Stock,"Security National Financial Corp and its subsidiaries operate in three business segments namely life insurance, cemetery and mortuary, and mortgage.",Credit Services,22,Corporate Services,3
4372,SNGX,Soligenix,Soligenix Inc focuses on developing and commercializing products to treat rare diseases where there is an unmet medical need.,Biotechnology,10,Healthcare,6
4375,SNMP,Sanchez Midstream Partners,"Sanchez Midstream Partners LP is a United States based company, focused on the acquisition, development, ownership and operation of midstream and other energy producing assets.",Oil & Gas - Midstream,48,Energy & Utilities,4
4378,SNOA,Sonoma Pharmaceuticals,"Sonoma Pharmaceuticals Inc is engaged in developing and commercializing differentiated therapies to patients living with chronic skin conditions. It develops solutions in to treat skin conditions, such as acne, atopic dermatitis, and scarring.",Drug Manufacturers,23,Industrials,7
4380,SNPS,Synopsys,Synopsys Inc is a software development company. It supplies electronic design automation software used by engineers to design and test integrated circuits. It provides software and hardware used to develop the electronic systems that incorporate chips.,Application Software,4,Information Technology,8
4383,SNV,Synovus Financial,"Synovus Financial Corp is a financial services and bank holding company. It provides financial services including commercial and retail banking, financial management, insurance and mortgage services. It also provides life insurance premium financing.",Banks,7,Financials,5
4384,SNX,Synnex,"Synnex Corp is a business process services company, providing a comprehensive range of distribution, logistics and integration services. The company operates in two segments: Technology Solutions and Concentrix.",Business Services,13,Corporate Services,3
4388,SOHO,Sotherly Hotels,"Sotherly Hotels Inc is a self-managed and self-administered real estate investment trust that owns and manages a portfolio of upper up-scale, up-scale and mid-scale hotels located in main markets in the Mid-Atlantic and Southeastern United States.",REITs,55,Financials,5
4390,SOI,Solaris Oilfield Infrastructure,"Solaris Oilfield Infrastructure Inc along with its subsidiaries manufactures and provides patented proppant management systems that unload, store and deliver proppant at oil and natural gas well sites.",Oil & Gas - Services,50,Commercial Services & Supplies,0
4391,SOL,Renesola,ReneSola Ltd is engaged in the business including the sale of project SPVs or development and sale of solar power projects as a developer and the sale of electricity generated by the solar power projects operated as an IPP.,Semiconductors,60,Materials,9
4392,SOLO,Electrameccanica Vehicles,Electrameccanica Vehicles Corp is an electronic vehicle company. It is engaged in manufacturing and selling of electronic vehicle in Canada.,Autos,6,Industrials,7
4393,SON,Sonoco Products Company,"Sonoco Products Co is a manufacturer of industrial and consumer packaging products and provides packaging services. It operates in Consumer Packaging, Paper and Industrial Converted Products, Display and Packaging, and Protective Solutions segments.",Packaging & Containers,52,Commercial Services & Supplies,0
4397,SP,SP Plus,"SP Plus Corp is a provider of parking management, ground transportation and other ancillary services to commercial, institutional and municipal clients in the United States, Puerto Rico and Canada.",Business Services,13,Corporate Services,3
4400,SPB,Spectrum Brands,"HRG Group Inc is a consumer products company that manufactures consumer batteries, small appliances, global pet supplies, home and garden control products, personal care products, hardware and home improvement products and global auto care.",Manufacturing - Apparel & Furniture,39,Industrials,7
4404,SPG,Simon Property,"Simon Property Group Inc is real estate investment trust. It owns, develops and manages retail real estate properties including malls, outlets and community and lifestyle centers.",REITs,55,Financials,5
4405,SPGI,S&P Global,"S&P Global Inc, together with its subsidiaries is a benchmarks and ratings, analytics, data and research provider serving the capital, commodities and commercial markets.",Brokers & Exchanges,11,Financials,5
4406,SPH,Suburban Propane Partners,"Suburban Propane Partners LP is engaged in distribution of propane, fuel oil and refined fuels, as well as the marketing of natural gas and electricity in deregulated markets.",Utilities - Regulated,67,Energy & Utilities,4
4408,SPI,SPI Energy Co.,"SPI Energy Co Ltd provides EPC services to third party project developers, as well as develops, owns and operates solar projects that sell electricity to the grid in multiple countries.",Semiconductors,60,Materials,9
4410,SPLK,Splunk,"Splunk Inc provides software products. Its flagship product is Splunk Enterprise and at its core is a proprietary machine data engine, comprised of collection, indexing, search, reporting analysis and data management capabilities.",Application Software,4,Information Technology,8
4411,SPLP,Steel Partners PARTNERSHIP UNIT,"Steel Partner Holdings LP operates businesses through subsidiaries in industrial products, energy, defense, supply chain and logistics, banking, food products, oilfield services, sports, training, education and entertainment and lifestyle industries.",Conglomerates,19,Industrials,7
4415,SPOK,Spok,"Spok Holdings Inc is a provider of critical communication solutions for enterprises to the healthcare, government, public safety and other industries. It offers paging services and selected software solutions in the United States and abroad.",Communication Services,17,Corporate Services,3
4417,SPPI,Spectrum Pharmaceuticals,Spectrum Pharmaceuticals Inc is a biotechnology company in the United States. It develops drugs to cure serious diseases such as chemotherapy-induced neutropenia in patients with breast cancer.,Biotechnology,10,Healthcare,6
4419,SPR,Spirit Aerosystems,"Spirit AeroSystems Holdings Inc is an independent non-OEM aircraft parts designer and manufacturer of commercial aerostructures. The Company design, engineer, and manufactures fuselages,wing structures, nacelles, pylons, and flight control surfaces.",Aerospace & Defense,1,Transportation & Logistics,12
4420,SPRO,Spero Therapeutics,"Spero Therapeutics Inc is a multi asset clinical stage biopharmaceutical company. It is focused on identifying, developing and commercializing novel treatments for multi-drug resistant bacterial infections.",Biotechnology,10,Healthcare,6
4422,SPSC,SPS Commerce,"SPS Commerce Inc is a provider of cloud-based supply chain management solutions, providing network-integrations and comprehensive retail performance analytics to thousands of customers.",Application Software,4,Information Technology,8
4423,SPTN,SpartanNash Company,"SpartanNash Company is a multi-regional grocery distributor and retailer. It distributes grocery products to independent grocery retailers, national retailers, and food service distributors.",Retail - Defensive,59,Consumer Discretionary,1
4424,SPWH,Sportsman's Warehouse,"Sportsman's Warehouse Holdings Inc is an outdoor sporting goods retailer. It provides a one-stop shopping experience that equips customers with right quality, brand name hunting, shooting, fishing and camping gear to maximize enjoyment of the outdoors.",Travel & Leisure,64,Transportation & Logistics,12
4425,SPWR,SunPower,"SunPower Corp is engaged in the solar industry. The company's business includes designing, manufacturing, installation and ongoing maintenance and monitoring of solar products.",Semiconductors,60,Materials,9
4426,SPXC,SPX,"SPX Corp is an industrial goods supplier. It offers miscellaneous products to the food & beverage, oil & gas and energy companies.",Industrial Products,34,Industrials,7
4428,SQ,Square,Square Inc is a software company offering solutions ranging from payments and point-of-sale services to financial and marketing services. It offers a free software app with its hardware to turn mobile devices into powerful POS solutions in minutes.,Application Software,4,Information Technology,8
4432,SR,Spire,"Spire Inc, along with its subsidiaries is engaged in the purchase, retail distribution and sale of natural gas. The Company is also indulged in marketing of natural gas and related activities on a non-regulated basis.",Utilities - Regulated,67,Energy & Utilities,4
4433,SRAX,Social Reality,"Social Reality Inc is an advertising technology company providing the tools to automate digital marketers and content owners' campaigns across digital channels for brands in the healthcare, CPG, automotive, wellness and lifestyle verticals.",Advertising & Marketing Services,0,"Media, Marketing & Sales",10
4434,SRC,Spirit Realty Capital,"Spirit Realty Capital Inc is a self-administered & self-managed REIT. It invests in single-tenant, operationally essential real estate leased on a long-term, triple-net basis to tenants operating within retail, office & industrial property types.",REITs,55,Financials,5
4435,SRCE,1st Source,"1st Source Corp through its subsidiary offers commercial, agricultural, and real estate loans, consumer services, trust and wealth advisory services, and specialty finance group services.",Banks,7,Financials,5
4437,SRCL,Stericycle,"Stericycle Inc is engaged in providing regulated and compliance solutions to healthcare and commercial businesses. This includes the collection and processing of specialized waste for disposal, and a variety of training, and consulting.",Waste Management,68,Transportation & Logistics,12
4438,SRDX,Surmodics,Surmodics Inc is a provider of surface modification and in vitro diagnostic technologies to the healthcare industry.,Medical Diagnostics & Research,41,Healthcare,6
4439,SRE,Sempra Energy,"Sempra Energy is engaged in distributing natural gas and electricity in Southern California. Its non-California affiliates operates merchant gas and renewable power plants, LNG facilities and gas pipes and storage, as well as gas and electric utilities.",Utilities - Regulated,67,Energy & Utilities,4
4442,SRG,Seritage Growth Properties,"Seritage Growth Properties is a self-administered, self-managed REIT engaged in the real estate property business through its investment in Seritage Growth Properties, L.P. It generates a majority of its revenue from tenants.",REITs,55,Financials,5
4443,SRI,Stoneridge,"Stoneridge Inc acts as a manufacturer of electrical and electronic components used in automotive vehicles. It produces instrumentation systems, vehicle management electronics, application-specific switches and actuators, security alarms and others.",Autos,6,Industrials,7
4446,SRPT,Sarepta Therapeutics,Sarepta Therapeutics Inc is a biotechnology company. It uses proprietary RNA-targeted technology platforms for developing pharmaceutical products to address serious diseases.,Biotechnology,10,Healthcare,6
4448,SRRK,Scholar Rock Holding,"Scholar Rock Holding Corp is a biopharmaceutical company. It is engaged in the discovery and development of innovative medicines for the treatment of serious diseases including neuromuscular disorders, cancer, fibrosis, and anemia.",Biotechnology,10,Healthcare,6
4449,SRT,StarTek,"StarTek Inc is a provider of business process outsourcing services. Its services include customer care, sales support, inbound sales, complex order processing, accounts receivable management, technical and product support, up-sell and cross-sell.",Business Services,13,Corporate Services,3
4450,SRTS,Sensus Healthcare,"Sensus Healthcare Inc is a manufacturer of superficial radiation therapy devices. The Company's products and services include SRT-100, SRT-100 Vision, and Sentinel service program.",Medical Devices,40,Healthcare,6
4452,SSB,South State,"South State Corp is a bank holding company. It provides retail and commercial banking services, mortgage lending services, trust and investment services and consumer loans.",Banks,7,Financials,5
4454,SSD,Simpson Manufacturing Company,"Simpson Manufacturing Co Inc through its subsidiary designs, engineers and manufactures wood construction products, including connectors, truss plates, fastening systems, fasteners and pre-fabricated shearwalls and concrete construction products.",Industrial Products,34,Industrials,7
4457,SSKN,Strata Skin Sciences,Strata Skin Sciences Inc is engaged in developing and commercializing products for the treatment of dermatological disorders.,Medical Instruments & Equipment,43,Commercial Services & Supplies,0
4460,SSNC,SS&C,"SS&C Technologies Holdings Inc provides software and software-enabled services including SaaS to the asset and wealth management, alternative investment management, and financial advisory markets.",Application Software,4,Information Technology,8
4461,SSNT,SilverSun,"SilverSun Technologies Inc is a business application, technology and consulting company. It is engaged in providing strategies and solutions to meet information, technology and business management needs.",Application Software,4,Information Technology,8
4462,SSP,E.W. Scripps Company (The),"The E W Scripps Co is a media company engaged in television and radio broadcasting. Its operates more than 30 television and radio stations and distributes its content on broadcast, Internet, smartphones and tablets.",Entertainment,27,Healthcare,6
4463,SSRM,SSR Mining,"SSR Mining Inc is a Vancouver-based mining company focused on the operation, development, exploration and acquisition of precious metal projects. The company is engaged in exploring gold and silver properties.",Metals & Mining,44,Industrials,7
4464,SSTI,ShotSpotter,"ShotSpotter Inc is the leader in gunfire detection and location technology providing the trusted, scalable and reliable gunfire alert and analysis.",Application Software,4,Information Technology,8
4465,SSTK,Shutterstock,"Shutterstock Inc operates marketplace and provides commercial digital imagery including licensed photographs, vectors, illustrations and video clips; and commercial music including music tracks and sound effects.",Online Media,51,"Media, Marketing & Sales",10
4467,SSY,SunLink Health Systems,"SunLink Health Systems Inc provides healthcare services. It, through its subsidiaries, owns and operate nearly 80-licensed-bed, acute care hospitals, and nursing home. It also offers pharmacy products and services.",Health Care Providers,31,Healthcare,6
4469,ST,Sensata Holding plc,"Sensata Technologies Holding N.V. is an industrial technology company. It produces sensors and controls for applications in automotive systems, thermal circuit breakers in aircraft and bimetal current and temperature control devices in electric motors.",Computer Hardware,18,Information Technology,8
4470,STAA,STAAR Surgical Company,"Staar Surgical along with its subsidiaries designs, develops, manufactures and sells implantable lenses and delivery systems for the eye. The Company develops, produces, and markets intraocular lenses.",Medical Instruments & Equipment,43,Commercial Services & Supplies,0
4471,STAF,Staffing 360 Solutions,"Staffing 360 Solutions Inc is an international staffing company engaged in the acquisition of United States and United Kingdom based staffing companies. It pursues spectrum of staffing companies supporting accounting,IT engineering, administration.",Employment Services,25,Professional Services,11
4472,STAG,Stag Industrial,"Stag Industrial Inc is an industrial real estate company focused on the acquisition, ownership and management of single-tenant industrial buildings throughout the United States.",REITs,55,Financials,5
4475,STBA,S&T Bancorp,"S&T Bancorp Inc provides banking products and services. The company's products and services include commercial banking, cash management, trust & brokerage and insurance.",Banks,7,Financials,5
4476,STC,Stewart Information Services,"Stewart Information Services Corp is a title insurance and real estate service company. It is engaged in offering products and services through its direct operations, network of approved agencies and other companies.",Insurance - Property & Casualty,37,Healthcare,6
4477,STCN,Steel Connect,"Steel Connect Inc, formerly known as ModusLink Global Solutions Inc provides supply chain management and marketing distribution services. The company develops and offers products and services to companies that are focused on e-commerce.",Transportation & Logistics,63,Transportation & Logistics,12
4478,STE,STERIS plc,"STERIS PLC is a provider of infection prevention and other procedural products and services. The Company's business segments are Healthcare Products, Healthcare Specialty Services, Life Sciences, and Applied Sterilization Technologies.",Medical Instruments & Equipment,43,Commercial Services & Supplies,0
4481,STI,SunTrust Banks,"SunTrust Banks Inc is engaged in commercial, corporate, and retail banking operations. It provides financial services to consumer, business and corporate clients. Most SunTrust's deposits are in Southeastern U.S. states and the District of Columbia.",Banks,7,Financials,5
4482,STIM,Neuronetics,"Neuronetics Inc is a commercial stage medical technology company. It is focused on designing, developing and marketing products that improve the quality of life for patients who suffer from psychiatric disorders.",Medical Diagnostics & Research,41,Healthcare,6
4484,STKL,SunOpta,"SunOpta Inc is engaged in sourcing, processing and packaging of natural, organic and specialty food products. The company also produces, distributes and recycles industrial minerals, silica-free abrasives and speciality sands.",Consumer Packaged Goods,21,Consumer Staples,2
4485,STKS,The ONE Hospitality,"The One Group Hospitality Inc is a hospitality company that develops and operates upscale, high-energy restaurants and lounges and provides turn-key food and beverage services for hospitality venues including hotels, casinos and other locations.",Restaurants,57,Corporate Services,3
4487,STLD,Steel Dynamics,"Steel Dynamics Inc is a steel producers and metal recycler in the United States. The company produces steel sheet products, long products and steel finishing products. It also operates metals recycling and steel fabrication business.",Steel,61,Materials,9
4497,STRA,Strategic Education,"Strayer Education Inc provides academic programs through Strayer University. It offers undergraduate and graduate degrees in the fields including business administration, accounting, information technology, and health services administration.",Education,24,Healthcare,6
4498,STRL,Sterling Construction Company,Sterling Construction Co Inc is a civil construction company. The company operates through its subsidiaries in construction of buildings and reconstruction of transportation and water infrastructure projects.,Engineering & Construction,26,Industrials,7
4499,STRM,Streamline Health Solutions,Streamline Health Solutions Inc is a provider of transformational data-driven solutions for healthcare organizations. The company provides computer software-based solutions through its Looking Glass platform.,Application Software,4,Information Technology,8
4500,STRS,Stratus Properties,"Stratus Properties Inc is a diversified real estate company which is engaged in the acquisition, entitlement, development, management, operation, and sale of commercial, hotel, entertainment, and residential real estate properties.",Real Estate Services,56,Professional Services,11
4501,STRT,STRATTEC SECURITY,"Strattec Security Corp designs, develops, manufactures and markets mechanical locks, electronically enhanced locks and keys. It also produces ignition lock housings; access control products, including latches, power sliding door systems,and door handles.",Autos,6,Industrials,7
4502,STT,State Street,"State Street Corporation is a financial holding company operating through Investment Servicing and Investment Management business. It provides services to mutual funds, corporate and public retirement plans, insurance companies, foundations, endowments.",Asset Management,5,Financials,5
4503,STWD,STARWOOD PROPERTY TRUST Starwood Property Trust,"Starwood Property Trust Inc finances, manages and invests in commercial mortgage loans and other commercial real estate debt investments, commercial mortgage-backed securities, and other commercial real estate-related debt investments.",REITs,55,Financials,5
4504,STX,Seagate Technology PLC,"Seagate Technology PLC is a producer of hard disk drives (HDD) globally. It designs, develops, and manufactures a broad range of HDDs used in desktop PC, notebook PC, game consoles, digital video recorders, and enterprise storage markets.",Computer Hardware,18,Information Technology,8
4506,STZ,Constellation Brands,"Constellation Brands Inc is engaged in the beverage industry. Its core products are alcoholic drinks such as beers, wines and other spirits.",Beverages - Alcoholic,8,Industrials,7
4509,SUI,Sun Communities,"Sun Communities Inc is a self-administered and self-managed real estate investment trust. The Company through its subsidiaries owns, operates, and develops manufactured housing and recreational vehicle communities throughout the United States.",REITs,55,Financials,5
4510,SUM,Summit Materials,"Summit Materials Inc is a top-10 aggregates supplier and top-15 cement producer in the United States. The company has three reportable segments namely West, East, and Cement segment. It generates a majority of its revenue from West Segment.",Building Materials,12,Materials,9
4512,SUN,Sunoco representing limited partner interests,Sunoco LP is a wholesale and retail fuel distributor in the United States also manufactures the official fuel for NASCAR. It distributes fuel through an extensive line of distributes across the United States.,Oil & Gas - Refining & Marketing,49,"Media, Marketing & Sales",10
4513,SUNS,Solar Senior Capital,Solar Senior Capital Ltd is a non-diversified management investment company. The company's investment objective is to seek to maximize current income consistent with the preservation of capital.,Asset Management,5,Financials,5
4514,SUNW,Sunworks,"Sunworks Inc is provide photo voltaic (PV) based power systems for the residential, commercial and agricultural markets in California and Nevada.",Semiconductors,60,Materials,9
4515,SUP,Superior Industries International (DE),Superior Industries International Inc manufactures aluminum wheels. The company manufactures and supplies aluminum wheels to its multinational automotive clients primarily used in passenger automobiles and light-duty vehicles.,Autos,6,Industrials,7
4516,SUPN,Supernus Pharmaceuticals,"Supernus Pharmaceuticals Inc is a specialty pharmaceutical company. The company is engaged in developing and commercializing products for the treatment of central nervous system diseases, including neurological and psychiatric disorders.",Drug Manufacturers,23,Industrials,7
4518,SURF,Surface Oncology,Surface Oncology Inc is a clinical-stage immuno-oncology company. It is developing new therapies that modify the spaces in and around tumors the tumor microenvironment to create conditions that support and sustain anti-tumor immune responses.,Biotechnology,10,Healthcare,6
4523,SVRA,Savara,Savara Inc is a pharmaceutical company. The company develops novel therapies for the treatment of serious or life-threatening rare respiratory diseases.,Biotechnology,10,Healthcare,6
4524,SVT,Servotronics,"Servotronics Inc is a U.S based company which designs, manufactures and markets advanced technology products consisting of control components and consumer products consisting of knives and various types of cutlery and other edged products.",Computer Hardware,18,Information Technology,8
4525,SVVC,Firsthand Technology Value Fund,"Firsthand Technology Value Fund Inc is an externally managed, closed-end, non-diversified management investment company. Its investment objective is to seek long-term growth of capital by seeking capital gains on equity and equity-related investments.",Asset Management,5,Financials,5
4528,SWK,Stanley Black & Decker,"Stanley Black & Decker Inc provides hand tools, power tools and accessories, mechanical access solutions, electronic security and monitoring systems, healthcare solutions, engineered fastening systems and products for various industrial applications.",Industrial Products,34,Industrials,7
4529,SWKS,Skyworks Solutions,"Skyworks Solutions Inc is engaged in producing semiconductors for wireless handsets that are used to enable wireless connectivity. Its products include power amplifiers, filters, and integrated front-end modules.",Semiconductors,60,Materials,9
4531,SWN,Southwestern Energy Company,"Southwestern Energy Co is an oil and gas company that explores, develops, and produces oil and natural gas within the United States. It is focused on unconventional natural gas in two US shale plays and oil and gas formations in the United States.",Oil & Gas - E&P,46,Energy & Utilities,4
4532,SWX,Southwest Gas,"Southwest Gas Holdings Inc is a U.S. based utility company. It is primarily involved in the purchasing, distributing, and transporting of natural gas in the American Southwest. Its operations are divided into natural gas and construction services.",Utilities - Regulated,67,Energy & Utilities,4
4534,SXC,SunCoke Energy,SunCoke Energy Inc is engaged in the production of metallurgical coke in the Americas. The Company also owns and operates coal mining operations in Virginia and West Virginia.,Coal,15,Energy & Utilities,4
4537,SXI,Standex International,Standex International Corp is a manufacturer of products and services for industrial market segments.,Industrial Products,34,Industrials,7
4538,SXT,Sensient,"Sensient Technologies Corp operates in the chemical industry. It manufactures colors, flavors and fragrances used to develop foods and beverage systems, cosmetic and pharmaceuticals.",Chemicals,14,Materials,9
4539,SYBT,Stock Yards Bancorp,"Stock Yards Bancorp Inc is the holding company. Its services include loan and deposit services, cash management services, securities brokerage activities, mortgage origination and wealth management and trust activities.",Banks,7,Financials,5
4540,SYBX,Synlogic,"Synlogic Inc is a biopharmaceutical company focused on advancing the drug discovery and development platform for Synthetic Biotic medicines, which are designed using synthetic biology to genetically reprogram beneficial microbes to treat diseases.",Biotechnology,10,Healthcare,6
4541,SYF,Synchrony Financial,"Synchrony Financial provides consumer financial products services to the diverse group of national and regional retailers, local merchants, manufacturers, buying groups, industry associations and healthcare service providers.",Credit Services,22,Corporate Services,3
4542,SYK,Stryker,"Stryker Corp is engaged in designing, manufacturing and marketing of medical equipment, instruments, and implantable devices. Its products include hip and knee replacements, endoscopy systems, operating room equipment, embolic coils, and spinal devices.",Medical Devices,40,Healthcare,6
4546,SYNA,Synaptics Incorporated,"Synaptics Inc is a developer and supplier of custom-designed human interface solutions that enable people to interact easily and intuitively with mobile computing, communications, entertainment, and other electronic devices.",Application Software,4,Information Technology,8
4548,SYNH,Syneos Health,"Syneos Health Inc is a Contract Research Organization providing clinical development services for biopharmaceutical & medical device industries. It operates in North America, Europe, Middle East and Africa, Asia-Pacific and Latin America.",Medical Diagnostics & Research,41,Healthcare,6
4550,SYPR,Sypris Solutions,"Sypris Solutions Inc is a provider of outsourced services and specialty products. It is a supplier of forged and machined components, serving the commercial vehicle, off highway vehicle. It also provides Information Security Solutions.",Autos,6,Industrials,7
4551,SYRS,Syros Pharmaceuticals,Syros Pharmaceuticals Inc is a biopharmaceutical company engaged in the understanding of the region of the genome controlling the activation and repression of genes. The companies lead candidates are SY-1425 and SY-1365.,Biotechnology,10,Healthcare,6
4553,SYY,Sysco,Sysco Corp is in the business of food distribution. Its primary business involves the distribution of food and related products to the foodservice or food-away-from-home industry.,Retail - Defensive,59,Consumer Discretionary,1
4555,T,AT&T,"AT&T Inc is engaged in provision of communications and digital entertainment services in the United States and the world. It provides fixed-line services, including voice, data, and television services to consumers and small businesses.",Communication Services,17,Corporate Services,3
4556,TA,TravelCenters of America LLC,"TravelCenters of America LLC operates and franchise travel centers, standalone convenience stores, and standalone restaurants. It collects rents, royalties and other fees from our tenants and franchisees.",Retail - Apparel & Specialty,58,Commercial Services & Supplies,0
4558,TACO,Del Taco Restaurants,"Del Taco Restaurants Inc is an operator and franchisor of restaurants featuring fresh and fast made-to-order cuisine, including both Mexican inspired and American classic dishes.",Restaurants,57,Corporate Services,3
4559,TACT,TransAct Incorporated,"Transact Technologies, Inc. is engaged in developing and selling software-driven technology and printing solutions for restaurant, POS automation and banking, casino and gaming, lottery, mobile and oil and gas.",Computer Hardware,18,Information Technology,8
4561,TAIT,Taitron Components Incorporated,"Taitron Components Inc is the supplier of electronic components. The company focuses on providing original equipment manufacturers, contract electronic manufacturers and originally designed and manufactured services for various projects.",Computer Hardware,18,Information Technology,8
4564,TALO,Talos Energy,Talos Energy Inc is an oil & gas exploration and production company. The company has its operations in the Gulf of Mexico and areas of South Louisiana.,Oil & Gas - E&P,46,Energy & Utilities,4
4567,TAP,Molson Coors Brewing Company B,"Molson Coors Brewing Co is engaged in brewing activities. It has a diverse portfolio of owned and partner brands, including core brands Carling, Coors Light, Molson Canadian and Staropramen, as well as craft and specialty beers such as Blue Moon.",Beverages - Alcoholic,8,Industrials,7
4570,TAST,Carrols Restaurant,"Carrols Restaurant Group Inc owns and operates restaurants under the Burger King brand in Northeastern, Midwestern and Southeastern states. It offers hamburgers, chicken and other specialty sandwiches, french fries, breakfast items and other offerings.",Restaurants,57,Corporate Services,3
4573,TAYD,Taylor Devices,"Taylor Devices Inc is engaged in the design, development, manufacture and marketing of shock absorption, rate control and energy storage devices for use in machinery, equipment and structures.",Industrial Products,34,Industrials,7
4574,TBBK,The Bancorp,"The Bancorp Inc through its subsidiary is engaged in specialty lending: securities backed lines of credit, or SBLOC, automobile fleet and other equipment leasing, Small Business Administration, or SBA.",Banks,7,Financials,5
4575,TBI,TrueBlue,"TrueBlue Inc is a provider of staffing and workforce-management solutions. It services are blue-collar staffing services including general labor, light industrial, skilled trades, aviation and transportation mechanics and technicians and drivers.",Employment Services,25,Professional Services,11
4577,TBNK,Territorial Bancorp,"Territorial Bancorp Inc is a bank holding company. The company through its subsidiary, provides financial services to individuals, families and businesses through its banking offices located throughout the State of Hawaii.",Banks,7,Financials,5
4578,TBPH,Theravance Biopharma,"Theravance Biopharma Inc is a diversified biopharmaceutical company. It is engaged in discovery, research, development and commercialization of human therapeutics.",Biotechnology,10,Healthcare,6
4579,TCBI,Texas Capital Bancshares,"Texas Capital Bancshares Inc is engaged in providing lending services to businesses. Its services included credit solutions, treasury and liquidity services, mortgage finance, private wealth solution and personal banking solution.",Banks,7,Financials,5
4580,TCBK,TriCo Bancshares,TriCo Bancshares is a bank holding company. The company offers banking services to retail customers and small to medium-sized businesses through its branch offices in Northern and Central California.,Banks,7,Financials,5
4581,TCCO,Technical Communications,"Technical Communications Corp designs, develop, manufactures, distributes, and markets communications security equipment. The company's products consist of voice, data and facsimile encryptors and many more.",Communication Equipment,16,Information Technology,8
4583,TCFC,The Community Financial,"The Community Financial Corp is a bank holding company. It is engaged in the commercial and retail banking business, including the acceptance of deposits, and the origination of loans to individuals, associations, partnerships and corporations.",Banks,7,Financials,5
4584,TCI,Transcontinental Realty Investors,"Transcontinental Realty Investors Inc is engaged in the business of acquisition, development and ownership of income-producing residential and commercial real estate properties.",REITs,55,Financials,5
4585,TCMD,Tactile Systems Technology,"Tactile Systems Technology Inc is a medical technology company. The Company develops and provides medical devices for the treatment of chronic swelling condition at home. Its products include Flexitouch System, the Entre System, and the ACTitouch System.",Medical Devices,40,Healthcare,6
4587,TCON,TRACON Pharmaceuticals,"TRACON Pharmaceuticals Inc is a clinical stage biopharmaceutical company. The company is engaged in the development and commercialization of novel targeted therapeutics for cancer, age-related macular degeneration and fibrotic diseases.",Biotechnology,10,Healthcare,6
4589,TCPC,BlackRock TCP Capital,TCP Capital Corp is an externally managed investment company. It invests in enterprises which have a valuation of $100 million to $1.5 billion. The company primarily invests in the senior debt instruments.,Asset Management,5,Financials,5
4591,TCS,Container Store (The),The Container Store Group Inc a retailer of storage & organization products in USA. Its operates in two segment: The Container store and Elfa.,Retail - Apparel & Specialty,58,Commercial Services & Supplies,0
4592,TCX,Tucows,"Tucows Inc mainly provides internet content solutions in the United States. Its primary services span wholesale and retail domain name registration processes. Additionally, it sells mobile phones, provides broadband and consulting services.",Online Media,51,"Media, Marketing & Sales",10
4594,TDAC,Trident Acquisitions,Trident Acquisitions Corp is a blank check company.,Conglomerates,19,Industrials,7
4595,TDC,Teradata,"Teradata Corp offers analytic data platforms, applications, and services for data warehousing and analytic technologies.",Computer Hardware,18,Information Technology,8
4597,TDG,Transdigm Incorporated,"TransDigm Group Inc is a designer, producer and supplier of engineered aircraft components for use on commercial and military aircraft in service.",Aerospace & Defense,1,Transportation & Logistics,12
4598,TDOC,Teladoc Health,"Teladoc Inc provides telehealth platform, delivering on-demand healthcare anytime, anywhere, via mobile devices, the internet, video and phone.",Application Software,4,Information Technology,8
4599,TDS,Telephone and Data Systems,Telephone and Data Systems Inc is a diversified telecommunications service company providing telecommunications services to wireless customers and wireline and cable connections.,Communication Services,17,Corporate Services,3
4600,TDW,Tidewater,"Tidewater Inc is a provider of larger offshore service vessels to the global energy industry. It serves the customers who are operating in more remote, deeper and increasingly hostile environments in order to meet the world's energy demands.",Oil & Gas - Services,50,Commercial Services & Supplies,0
4601,TDY,Teledyne Incorporated,"Teledyne Technologies Inc provides enabling technologies for industrial growth markets such as deepwater oil & gas exploration & production, oceanographic research, air & water quality environmental monitoring, & among others.",Computer Hardware,18,Information Technology,8
4602,TEAM,Atlassian Plc,"Atlassian Corporation PLC is a holding company engaged in designing, development, licensing and maintaining of software and the provisioning of software hosting services to help teams organize, discuss and complete their work.",Application Software,4,Information Technology,8
4604,TECH,Bio-Techne,"Bio-Techne Corp and is a biotechnology company which develops, manufactures and sells biotechnology reagents, instruments and clinical diagnostic products.",Biotechnology,10,Healthcare,6
4609,TEL,TE Connectivity New Switzerland Registered Shares,"TE Connectivity Ltd is an electronic component producer. The company manufactures and designs products such as antennas, cable assemblies, fiber optics, sensors, relays and switches that are used in various application.",Computer Hardware,18,Information Technology,8
4610,TELL,Tellurian,"Tellurian Inc is an oil and gas exploration and production company. It is engaged in building a natural gas business that includes 26 mtpa production from Driftwood LNG, trading of LNG cargoes, and development.",Oil & Gas - E&P,46,Energy & Utilities,4
4612,TENX,Tenax Therapeutics,Tenax Therapeutics Inc is a specialty pharmaceutical company. The company is engaged in developing and commercializing pharmaceutical products for critical care patients and its products include Levosimendan and Oxycyte.,Biotechnology,10,Healthcare,6
4614,TER,Teradyne,"Teradyne Inc caters to the semiconductor industry. Its products include test systems used to test semiconductors, wireless products, hard disk drives, solid state disks and circuit boards.",Semiconductors,60,Materials,9
4616,TESS,TESSCO Incorporated,"Tessco Technologies Inc is a United States based value-added technology distributor, manufacturer, and solutions provider. The company supplies wireless communications products for network infrastructure, site support, fixed and mobile broadband networks.",Communication Equipment,16,Information Technology,8
4618,TEVA,Teva Pharmaceutical Industries Limited American Depositary Shares,"Teva Pharmaceutical Industries Ltd is a pharmaceutical company which develops, produces and markets generic and specialty medicines which include chemical and therapeutic medicines in a variety of dosage forms and central nervous system medicines.",Drug Manufacturers,23,Industrials,7
4619,TEX,Terex,"Terex Corp is a global manufacturer of a wide variety of construction and materials processing equipment such as cranes, aerial work platforms, and rock crushers.",Farm & Construction Machinery,28,Industrials,7
4620,TFSL,TFS Financial,TFS Financial Corp is the holding company of the Third Federal Savings and Loan Association based in the United States. Its business consists of originating and servicing residential real estate mortgage loans and attracting retail savings deposits.,Banks,7,Financials,5
4621,TFX,Teleflex Incorporated,"Teleflex Inc designs, develops, manufactures and supplies single-use medical devices used by hospitals and healthcare providers for common diagnostic and therapeutic procedures in critical care and surgical applications.",Medical Instruments & Equipment,43,Commercial Services & Supplies,0
4622,TG,Tredegar,"Tredegar Corporation and its subsidiaries manufactures polyethylene plastic films, polyester films and aluminum extrusions. The company's reportable business segments are PE Films, Flexible Packaging Films and Aluminum Extrusions.",Conglomerates,19,Industrials,7
4627,TGEN,Tecogen,"Tecogen Inc produces commercial and industrial natural gas fueled engine driven, combined heat and power products.",Building Materials,12,Materials,9
4629,TGI,Triumph,"Triumph Group Inc designs, manufactures, repairs, overhauls and distributes a portfolio of aerostructures, aircraft components, accessories, subassemblies and systems. It serves original equipment manufacturers and commercial and regional airlines.",Aerospace & Defense,1,Transportation & Logistics,12
4630,TGLS,Tecnoglass,"Tecnoglass Inc designs, manufactures, distributes, and markets architectural glass and windows. The company's products portfolio includes tempered, laminated, insulating and Low-E glass.",Building Materials,12,Materials,9
4631,TGNA,TEGNA,"Tegna Inc is a media conglomerate engaged in broadcasting and digital services. The company was formerly part of Gannett, after the split has local stations like Cars.com, and CareerBuilder and operates daily newspapers in the US and UK.",Entertainment,27,Healthcare,6
4634,TGT,Target,Target Corp is one of the largest department store retailer in North America. It is engaged in operating general merchandise discount stores.,Retail - Defensive,59,Consumer Discretionary,1
4635,TGTX,TG Therapeutics,"TG Therapeutics Inc is a biopharmaceutical company. It is engaged in the acquisition, development & commercialization of novel treatments for B-cell malignancies and autoimmune diseases.",Biotechnology,10,Healthcare,6
4636,THC,Tenet Healthcare,"Tenet Healthcare Corp is a healthcare service provider in the US. The company operates acute-care hospitals that includes ambulatory surgery centers, diagnostic imaging centers, and urgent care centers across United States.",Health Care Providers,31,Healthcare,6
4637,THFF,First Financial Indiana,"First Financial Corp is a financial holding company. It offers financial services such as commercial, mortgage and consumer lending, lease financing, trust account services and depositor services through its subsidiaries.",Banks,7,Financials,5
4638,THG,Hanover Insurance,"The Hanover Insurance Group Inc is a holding company. The company is engaged in providing property and casualty insurance products and services to businesses, individuals, and families through a group of independent agents and brokers.",Insurance - Property & Casualty,37,Healthcare,6
4639,THM,International Tower Hill Mines (Canada),"International Tower Hill Mines Ltd is a mineral exploration company. It is engaged in the business of acquiring, exploring and evaluating mineral properties. The Company controls a 100% interest in its Livengood Gold Project in Alaska, USA.",Metals & Mining,44,Industrials,7
4640,THO,Thor Industries,Thor Industries Inc is engaged in manufacturing recreational vehicles in the United States and sells those vehicles in the United States and Canada. Its segments are towable recreational vehicles & motorized recreational vehicles.,Autos,6,Industrials,7
4642,THR,Thermon,"Thermon Group Holdings Inc provides engineered thermal solutions for process industries. It also provides turnkey services and design and engineering services. It products include electric heat tracing cables, tubing bundles, control products and others.",Industrial Products,34,Industrials,7
4643,THRM,Gentherm,Gentherm Inc is an automotive parts manufacturer. The business activities of the group are functioned through Automotive and Industrial segments. Its portfolio comprises of thermal temperature control devices and seat comfort cable systems.,Autos,6,Industrials,7
4644,THS,Treehouse Foods,"Treehouse Foods Inc along with its subsidiaries is engaged in manufacturing consumer packaged food and beverage. Its products include snack nuts, retail bakery, beverages, salad dressings, cookies and crackers, cereals, pickles, Mexican & other sauces.",Consumer Packaged Goods,21,Consumer Staples,2
4654,TILE,Interface,"Interface Inc designs, produces and sells modular carpets, also known as carpet tiles. The Company markets modular carpet under brand names such as Interface and FLOR. Its geographic markets include Americas, Europe and Asia-Pacific.",Homebuilding & Construction,32,Energy & Utilities,4
4655,TIPT,Tiptree,"Tiptree Inc is focused on enhancing shareholder value by generating consistent growth and profitability at its operating companies. Its subsidiaries operate in specialty insurance, asset management, senior living and specialty finance business.",Insurance - Specialty,38,Healthcare,6
4658,TISI,Team,"Team Inc is a provider of specialty industrial services, including inspection and assessment, required in maintaining high temperature and high pressure piping systems and vessels that are utilized extensively in the refining, petrochemical, among others.",Business Services,13,Corporate Services,3
4659,TITN,Titan Machinery,"Titan Machinery Inc is engaged in retail sale, service and rental of agricultural and construction machinery. It sells and repairs agricultural equipment, including machinery and attachments for large-scale farming and home and gardening purposes.",Industrial Distribution,33,Industrials,7
4661,TJX,TJX Companies (The),"TJX Companies Inc is an off-price apparel and home fashions retailer in the United States and other countries. Its stores offer family apparel, including footwear and accessories, home fashions, such as home basics, accent furniture, lamps, among others.",Retail - Apparel & Specialty,58,Commercial Services & Supplies,0
4665,TKR,Timken Company (The),"The Timken Co engineers, manufactures and markets bearings, transmissions, gearboxes, chain, and related products under Timken brand, and offers a spectrum of power system rebuild and repair services around the world.",Industrial Products,34,Industrials,7
4666,TLF,Tandy Leather Factory,"Tandy Leather Factory Inc is a retailer and wholesale distributor of leather and related products, including leather, leatherworking tools, buckles and adornments for belts, leather dyes and finishes, saddle and tack hardware, and do-it-yourself kits.",Manufacturing - Apparel & Furniture,39,Industrials,7
4675,TLYS,Tilly's,"Tilly's Inc is US based company works as a specialty retailer of casual apparel, footwear and accessories for young men, young women, boys and girls. It offers an unparalleled selection of relevant brands, styles, colors, sizes and price points.",Retail - Apparel & Specialty,58,Commercial Services & Supplies,0
4679,TMHC,Taylor Morrison Home,"Taylor Morrison Home Corp is public homebuilders in US. The company is a land developer, with a portfolio of lifestyle and master-planned communities. It provides a diverse assortment of homes at various prices.",Homebuilding & Construction,32,Energy & Utilities,4
4681,TMO,Thermo Fisher Scientific,"Thermo Fisher Scientific Inc is a healthcare company. It offers analytical instruments, laboratory equipment, software, services, consumables, reagents and chemicals.",Medical Diagnostics & Research,41,Healthcare,6
4682,TMP,Tompkins Financial,"Tompkins Financial Corp is a community-based financial services organization that offers commercial and consumer banking, leasing, trust and investment management, financial planning and wealth management, and insurance.",Banks,7,Financials,5
4683,TMQ,Trilogy Metals,"Trilogy Metals Inc is a mineral exploration company. The Company is engaged in exploration and development of its upper kobuk mineral projects located in the Ambler mining district in Northwest Alaska, United States.",Metals & Mining,44,Industrials,7
4685,TMST,TimkenSteel,"TimkenSteel Corp is the United States based manufacturer of alloy steel and carbon and micro-alloy steel. The company's portfolio includes SBQ bars, seamless mechanical tubing, and precision steel components.",Steel,61,Materials,9
4686,TMUS,T-Mobile US,"T-Mobile US Inc is a US-based wireless company which provides wireless communications services, including voice, messaging and data in the postpaid, prepaid and wholesale markets. It also provides wireless devices and accessories.",Communication Services,17,Corporate Services,3
4688,TNC,Tennant Company,"Tennant Co designs, manufactures & sells products used in the maintenance of nonresidential surfaces. Its products include floor maintenance & outdoor cleaning equipment specialty surface coatings, and aftermarket parts and consumables.",Industrial Products,34,Industrials,7
4689,TNDM,Tandem Diabetes Care,Tandem Diabetes Care Inc is a provider of medical care devices in the United States. Its products aid in the delivery of insulin and getting accurate readings through its software application.,Medical Devices,40,Healthcare,6
4690,TNET,TriNet,"Trinet Group Inc provides human resources solution for small to medium-sized businesses. Its HR solution includes multi-state payroll processing and tax administration, employee benefits programs, workers' compensation insurance, and claims management.",Business Services,13,Corporate Services,3
4693,TNXP,Tonix Pharmaceuticals Holding,Tonix Pharmaceuticals Holding Corp is a clinical-stage pharmaceutical company dedicated to the development of pharmaceutical products to address public health challenges. Its drug development program is focused on delivering treatment for PTSD.,Biotechnology,10,Healthcare,6
4695,TOL,Toll Brothers,"Toll Brothers Inc is a luxury homebuilder in the United States. The company caters to move-up, active-adult, and second-home buyers. It also builds luxury for-sale and for-rent properties in urban centers, primarily on the East Coast.",Homebuilding & Construction,32,Energy & Utilities,4
4703,TPB,Turning Point Brands,"Turning Point Brands Inc is engaged in providing tobacco products in the U.S. It sells products including moist snuff, loose leaf chewing tobacco, cigarette papers, make- your-own cigar wraps & cigar smoking tobacco, cigars & tobacco vaporizer products.",Tobacco Products,62,Consumer Staples,2
4704,TPC,Tutor Perini,"Tutor Perini Corp is a construction company. The company offers construction services and management, and design-build services to private and public customers on contractual basis. It constructs and repairs all kinds of buildings across United States.",Engineering & Construction,26,Industrials,7
4707,TPH,TRI Pointe,"TRI Pointe Group Inc is engaged in the design, construction and sale of single-family attached and detached homes. The company's operations are organized in two principal businesses, including homebuilding and financial services.",Homebuilding & Construction,32,Energy & Utilities,4
4708,TPHS,Trinity Place,"Trinity Place Holdings Inc is a real estate holding, investment, and asset management company. Its core business is to own, invest in, manage, develop or redevelop real estate assets and real estate-related securities.",Real Estate Services,56,Professional Services,11
4709,TPIC,TPI Composites,"TPI Composites Inc is a manufacturer of composite wind blades. It serves the wind energy market. The Company's business operating segments are the United States, Asia, Mexico and Europe, the Middle East and Africa (EMEA).",Industrial Products,34,Industrials,7
4710,TPL,Texas Pacific Land Trust,"Texas Pacific Land Trust is engaged in sale and leasing of land owned by it, retaining oil and gas royalties and the overall management of the land owned by it.",Real Estate Services,56,Professional Services,11
4712,TPR,Tapestry,"Tapestry Inc functions in the luxury goods industry. Its products include women's and men's bags, accessories, business cases, footwear, wearables and jewelry.",Retail - Apparel & Specialty,58,Commercial Services & Supplies,0
4714,TPVG,TriplePoint Venture Growth BDC,"TriplePoint Venture Growth BDC Corp is an externally managed, closed-end, non-diversified management investment company. It originates and invests in loans that have a secured collateral position and are used by venture growth stage companies.",Asset Management,5,Financials,5
4715,TPX,Tempur Sealy International,"Tempur Sealy International Inc is engaged in the home furnishing market. It manufactures bedding products including mattresses, foundations and adjustable bases.",Manufacturing - Apparel & Furniture,39,Industrials,7
4717,TR,Tootsie Roll Industries,Tootsie Roll Industries Inc manufactures and sells confectionery products. Its manufacturing operations are located in the United States and Canada.,Consumer Packaged Goods,21,Consumer Staples,2
4718,TRC,Tejon Ranch,"Tejon Ranch Co is a diversified real estate development and agribusiness company committed to responsibly using its land and resources to meet the housing, employment, and lifestyle needs of Californians and create value for its shareholders.",Real Estate Services,56,Professional Services,11
4723,TREE,LendingTree,"LendingTree Inc is an online lender exchange that connects consumers with lenders, and provides online tools to aid consumers in their financial divisions. It provides services such as mortgages, refinance loans, home equity loans, among others.",Banks,7,Financials,5
4724,TREX,Trex Company,"Trex Co Inc offers an alternative composite decking from the wood that was being used traditionally. The company's composite decking offering provides low-maintenance, high-performance, eco-friendly decking products for outdoor spaces.",Building Materials,12,Materials,9
4725,TRGP,Targa Resources,"Targa Resources Corp is engaged in gathering, compressing, treating, processing and selling natural gas. It is also engaged in storing, fractionating, treating, transporting, terminaling and selling of natural gas liquid.",Oil & Gas - Midstream,48,Energy & Utilities,4
4726,TRHC,Tabula Rasa HealthCare,"Tabula Rasa HealthCare Inc provides patient-specific, data-driven technology and solutions that enable healthcare organizations to optimize medication regimens to improve patient outcomes, reduce hospitalizations, lower healthcare costs and manage risk.",Application Software,4,Information Technology,8
4730,TRIP,TripAdvisor,"TripAdvisor Inc provides travel related services. Its website offers reviews on restaurants, hotels and tourist destinations. It secures revenue from providing advertisement space on its website as well as through commissions on bookings.",Travel & Leisure,64,Transportation & Logistics,12
4732,TRMB,Trimble,"Trimble Inc provides location-based solutions used in global positioning system products. The company offers 3D laser scanning, flow and application control and monitoring systems, water management, and navigation infrastructure for various applications.",Computer Hardware,18,Information Technology,8
4734,TRMK,Trustmark,"Trustmark Corp is a bank holding company. It operates through Trustmark National Bank providing financial services including Commercial Banking, Consumer Banking, Insurance, Wealth Management and Trust Services, and New Market Tax Credits.",Banks,7,Financials,5
4736,TRN,Trinity Industries,"Trinity Industries Inc is a diversified industrial company. The company owns businesses providing products and services to the to the energy, transportation, chemical, and construction sectors. The company generates its revenue from Rail group.",Transportation & Logistics,63,Transportation & Logistics,12
4737,TRNO,Terreno Realty,"Terreno Realty Corp is a real estate investment trust engaged in the acquisition, ownership, and operation of industrial real estate. It also invests in several types of industrial real estate, including warehouse/distribution, flex and trans-shipment.",REITs,55,Financials,5
4738,TRNS,Transcat,"Transcat Inc is a provider of accredited calibration and laboratory instrument services and a value-added distributor of professional grade test, measurement and control instrumentation. Its business segments are Service and Distribution.",Computer Hardware,18,Information Technology,8
4740,TROW,T. Rowe Price,"T. Rowe Price Group Inc is a financial services holding company. It provides company sponsored U.S. mutual funds, other sponsored pooled investment vehicles, subadvisory services, separate account management, recordkeeping, and related services.",Asset Management,5,Financials,5
4741,TROX,Tronox Limited $0.01 par,"Tronox Ltd is engaged in producing and marketing of titanium bearing mineral sands and titanium dioxide pigment. The Company operates under two segments, TiO2 and Alkali.",Chemicals,14,Materials,9
4745,TRS,TriMas,"TriMas Corp is an engineered and applied products company. It designs, manufactures, closure and dispensing systems, blind bolts, fasteners, rivets, gaskets, cylinders, natural-gas-powered engines and parts, and gas supplied to various industries.",Industrial Products,34,Industrials,7
4746,TRST,TrustCo Bank NY,"Trustco Bank Corp N Y is a savings and loan holding company. It is engaged in providing general banking services to individuals, partnerships, and corporations.",Banks,7,Financials,5
4747,TRT,Trio-Tech International,"Trio-Tech International is a provider of third-party semiconductor testing and burn-in services primarily through its laboratories in Southeast Asia. The company's segments include Manufacturing, Testing services, Distribution and Real Estate.",Semiconductors,60,Materials,9
4748,TRTN,Triton International Limited,"Triton International Ltd operates as a lessor of intermodal containers. The company also lease chasis which are used for the transportation of containers. The operating segments are Equipment leasing, and Equipment trading.",Consulting & Outsourcing,20,Professional Services,11
4749,TRTX,TPG RE Finance Trust,"TPG RE Finance Trust Inc originates and acquires a diversified portfolio of commercial real estate related assets, consisting of senior loans, senior participation interests in first mortgage loans, and commercial mortgage-backed securities.",REITs,55,Financials,5
4750,TRU,TransUnion,"TransUnion is a risk and information solutions provider. It obtains financial, credit, alternative credit, identity, bankruptcy, lien, judgment, insurance claims, automotive and other relevant information.",Business Services,13,Corporate Services,3
4751,TRUE,TrueCar,"TrueCar Inc operates as an Internet-based information, technology, and communication services company. It operates its platform for affinity group marketing partners, such as USAA and consumer reports, financial institutions, and other large enterprises.",Online Media,51,"Media, Marketing & Sales",10
4752,TRUP,Trupanion,"Trupanion Inc is an insurance service provider. The company offers medical insurance for cats and dogs throughout the United States, Canada and Puerto Rico. Its segments include subscription business and other business.",Insurance - Specialty,38,Healthcare,6
4753,TRV,The Travelers Companies,"The Travelers Companies Inc operates in property and casualty insurance industry. Its operations are divided into three segments: Business Insurance, Bond & Specialty Insurance and Personal Insurance.",Insurance - Property & Casualty,37,Healthcare,6
4755,TRVN,Trevena,"Trevena Inc is a clinical stage biopharmaceutical company. It discovers, develops and commercialize therapeutics that use a novel approach to target G protein coupled receptors.",Biotechnology,10,Healthcare,6
4759,TSBK,Timberland Bancorp,Timberland Bancorp Inc is a bank holding company. The company through its holding as a community-oriented bank that offers a variety of savings products to its retail customers while concentrating its lending activities on real estate mortgage loans.,Banks,7,Financials,5
4762,TSCO,Tractor Supply Company,Tractor Supply Co is an operator of rural lifestyle retail stores in the United States. It is engaged in supplying the needs of recreational farmers and ranchers as well as tradesmen and small businesses.,Retail - Apparel & Specialty,58,Commercial Services & Supplies,0
4763,TSE,Trinseo S.A.,"Trinseo SA operates in the rubber and plastic industry. It manufactures and markets emulsion polymers and plastics, including various specialty and technologically differentiated products. The majority of revenue comes from Europe.",Autos,6,Industrials,7
4767,TSLA,Tesla,"Tesla Inc is a vertically integrated sustainable energy company. It designs, develops, manufactures and sells high-performance fully electric vehicles and electric vehicle powertrain components.",Autos,6,Industrials,7
4769,TSLX,TPG Specialty Lending,TPG Specialty Lending Inc is a US-based specialty finance company focused on lending to middle-market companies. The company generates revenues primarily in the form of interest income from the investments it holds.,Asset Management,5,Financials,5
4771,TSN,Tyson Foods,"Tyson Foods Inc processes and distributes value-added beef, chicken pork, prepared foods and related allied products, including animal and pet food ingredients. Its product brands are Wright, Jimmy Dean, Hillshire Farm, Ball Park and Sara Lee.",Consumer Packaged Goods,21,Consumer Staples,2
4772,TSQ,Townsquare Media,"Townsquare Media Inc is an entertainment and media company offering digital marketing solutions in the United States and Canada. It owns and operates radio stations, social media properties focusing the small and mid-cap companies.",Entertainment,27,Healthcare,6
4773,TSRI,TSR,TSR Inc is primarily engaged in the business of providing contract computer programming services to its customers. The company offers technical computer personnel to supplement its in-house information technology (IT) capabilities.,Application Software,4,Information Technology,8
4777,TTC,Toro Company (The),"The Toro Co manufactures tools and equipment for outdoor maintenance. The company develops products such as reel and rotary riding products, trim cutting and walking mowers, greens rollers, turf sprayer equipment, and underground irrigation systems.",Industrial Products,34,Industrials,7
4778,TTD,The Trade Desk,The Trade Desk Inc provides technology platform for ad buyers. It provides a self-service platform that enables clients to purchase and manage data-driven digital advertising campaigns using their own teams.,Application Software,4,Information Technology,8
4779,TTEC,TTEC,"TTEC Holdings Inc is engaged in designing and managing customers front-to-back office processes, offering sales and marketing solutions, developing customer engagement strategies and leveraging communication.",Business Services,13,Corporate Services,3
4780,TTEK,Tetra Tech,Tetra Tech Inc provides consulting and engineering services to various industries. The company specializes in providing water-related services for public and private clients. It offers services from planning and forecasting to execution and maintenance.,Engineering & Construction,26,Industrials,7
4781,TTGT,TechTarget,TechTarget Inc operates websites that publishes content to help reach IT professionals and executives. It offers free content and primarily collects information about its registered members for IT vendors to generate qualified sales leads.,Online Media,51,"Media, Marketing & Sales",10
4782,TTI,Tetra,"Tetra Technologies Inc is a geographically diversified oil and gas services company. It is engaged in completion of fluids and associated products and services, water management, frac flowback, production well testing, and offshore rig cooling.",Oil & Gas - Services,50,Commercial Services & Supplies,0
4784,TTMI,TTM,TTM Technologies Inc is a printed circuit board manufacturer. Its operating segment includes Printed Circuit Boards and electro-mechanical solutions. The company generates a majority of its revenue from the sale of Printed Circuit Boards.,Computer Hardware,18,Information Technology,8
4785,TTNP,Titan Pharmaceuticals,Titan Pharmaceuticals Inc is a specialty pharmaceutical company. The company is primarily engaged in the development of pharmaceutical products.,Biotechnology,10,Healthcare,6
4786,TTOO,T2 Biosystems,"T2 Biosystems Inc is an in vitro diagnostic company. It has developed the proprietary platform that enables direct detection of pathogens, biomarkers and other abnormalities across various unpurified patient sample types.",Medical Diagnostics & Research,41,Healthcare,6
4790,TTWO,Take-Two Interactive Software,"Take-Two Interactive Software Inc is a developer, marketer and publisher of interactive entertainment for consumers around the globe. It develops and publishes products through its two wholly-owned labels Rockstar Games and 2K.",Application Software,4,Information Technology,8
4793,TUP,Tupperware Brands,"Tupperware Brands Corp is a direct selling consumer products company. It sells food preparation, storage, and serving products as well as cookware and microfiber textiles under the Tupperware brand name.",Packaging & Containers,52,Commercial Services & Supplies,0
4795,TUSK,Mammoth Energy Services,"Mammoth Energy Services Inc is an integrated, growth-oriented oilfield service company serving companies engaged in the exploration and development of North American onshore unconventional oil and natural gas reserves.",Oil & Gas - Integrated,47,Energy & Utilities,4
4799,TWI,Titan International (DE),"Titan International Inc is a manufacturer of wheels, tires, wheel and tire assemblies, and undercarriage systems and components for off-highway vehicles. It operates through three segments namely Agricultural, Earthmoving/Construction, and Consumer.",Farm & Construction Machinery,28,Industrials,7
4800,TWIN,Twin Disc Incorporated,"Twin Disc Inc designs, manufactures and sells marine and heavy duty off-highway power transmission equipment. Its products include marine transmissions, surface drives, propellers, boat management systems, power-shift transmissions and controls systems.",Industrial Products,34,Industrials,7
4801,TWLO,Twilio,"Twilio Inc provides a cloud communications platform that enables developers to build, scale and operate communications within software applications through the cloud as a pay-as- you-go service.",Application Software,4,Information Technology,8
4802,TWLV,Twelve Seas Investment Company,Twelve Seas Investment Co is a blank check company.,Conglomerates,19,Industrials,7
4805,TWNK,Hostess Brands,"Hostess Brands Inc is a packaged food company. The Company is engaged in developing, manufacturing, marketing, selling and distributing fresh baked sweet goods in the United States.",Consumer Packaged Goods,21,Consumer Staples,2
4806,TWO,Two Harbors Investment,"Two Harbors Investment Corp is a REIT. It focuses on investing, financing and managing residential mortgage-backed securities, residential mortgage loans, mortgage servicing rights, commercial real estate debt and other financial assets.",REITs,55,Financials,5
4807,TWOU,2U,2U Inc is engaged in providing cloud-based software-as-a-service platform. Its platform enables nonprofit colleges and universities to deliver education to qualified students anywhere.,Application Software,4,Information Technology,8
4810,TXMD,TherapeuticsMD,TherapeuticsMD Inc is a women's health care company focused on creating and commercializing products targeted exclusively for women. It is engaged in pre-commercialization activities for advanced hormone therapy pharmaceutical product.,Drug Manufacturers,23,Industrials,7
4811,TXN,Texas Instruments Incorporated,"Texas Instruments Inc designs and makes semiconductors that it sells to electronics designers and manufacturers. It also manufactures digital signal processors used in wireless communications, and microcontrollers used in various electronics applications.",Semiconductors,60,Materials,9
4812,TXRH,Texas Roadhouse,"Texas Roadhouse Inc is a full-service casual dining restaurant chain, offering an assortment of steaks, ribs, fish, seafood, chicken, pork chops, vegetable plates, hamburgers, salads, and sandwiches.",Restaurants,57,Corporate Services,3
4813,TXT,Textron,"Textron Inc is engaged in the aerospace industry. Its primary products include aircraft and related defense equipment. Its segments include Textron Aviation, Bell, Textron Systems and Industrial, and Finance.",Aerospace & Defense,1,Transportation & Logistics,12
4817,TYL,Tyler,"Tyler Technologies Inc is a provider of integrated information management solutions and services to address the information technology needs in areas of operations for cities, counties, schools and other local government entities.",Application Software,4,Information Technology,8
4820,TZOO,Travelzoo,"Travelzoo is an internet media company, which informs subscribers, as well as millions of Web site users, about the travel and entertainment deals available from thousands of Companies.",Online Media,51,"Media, Marketing & Sales",10
4822,UAA,Under Armour,"Under Armour Inc is a developer, marketer and distributor of branded performance apparel, footwear and accessories for men, women and youth. It markets its products under the brand name of Under Armour, Heatgear, Coldgear, and Allseasongear.",Manufacturing - Apparel & Furniture,39,Industrials,7
4823,UAL,United Continental,United Continental Holdings Inc is a holding company. It transports people and cargo through its mainline and regional operations.,Airlines,3,Transportation & Logistics,12
4824,UAMY,United States Antimony,"United States Antimony Corp is a fully integrated mining, transportation, milling and smelting company. It is in the business of production and sale of antimony, silver, gold and zeolite products.",Metals & Mining,44,Industrials,7
4825,UAN,CVR Partners representing Limited Partner Interests,CVR Partners LP is a manufacturer and supplier of nitrogen fertilizer products. Its principal products include Urea Ammonium Nitrate (UAN) and ammonia. The company's product sales are heavily weighted toward UAN.,Agriculture,2,Industrials,7
4826,UAVS,AgEagle Aerial Systems,AgEagle Aerial Systems Inc is a leading FAA 333 exempt provider of state-of-the-art Unmanned Aerial Vehicle data acquisition drones for precision agriculture. Its drone technology is able to easily and quickly capture aerial images of crop health.,Computer Hardware,18,Information Technology,8
4828,UBCP,United Bancorp,"United Bancorp Inc is a bank holding company. It offers banking and financial services, which includes accepting demand, savings and time deposits and granting commercial, real estate & consumer loans.",Banks,7,Financials,5
4829,UBFO,United Security Bancshares,"United Security Bancshares operates as the holding for United Security Bank. It provides commercial banking services to the business and professional community, and individuals located in Fresno, Madera, and Kern Counties.",Banks,7,Financials,5
4833,UBP,Urstadt Biddle Properties,"Urstadt Biddle Properties Inc is a real estate investment trust. The Company is engaged in the acquisition, ownership and management of commercial real estate. Its properties consist of neighborhood and community shopping centers & office buildings.",REITs,55,Financials,5
4836,UBSI,United Bankshares,"United Bankshares Inc is a bank holding company. It offers commercial, retail and community banking services and products. The company operates in two segments namely Community banking and Mortgage Banking.",Banks,7,Financials,5
4837,UBX,Unity Biotechnology,"Unity Biotechnology Inc operates as a biotechnology company. The firm focuses on age-associated diseases such as arthritis, vision loss and cognitive decline.",Biotechnology,10,Healthcare,6
4838,UCBI,United Community Banks,"United Community Banks Inc is a financial services provider. The company functions through the Union Community Bank, which provides retail and corporate banking services, including checking, savings, and time deposit accounts.",Banks,7,Financials,5
4840,UCTT,Ultra Clean,"Ultra Clean Holdings Inc, through its subsidiaries, manufactures and supplies production tools, modules and subsystems for the semiconductor capital equipment industry. Its principal markets include North America, Asia and Europe.",Semiconductors,60,Materials,9
4841,UDR,UDR,"UDR Inc is a self-administered real estate investment trust. It owns, acquires, renovates, develops and manages apartment communities.",REITs,55,Financials,5
4842,UE,Urban Edge Properties of Beneficial Interest,"Urban Edge Properties is a Maryland real estate investment trust. The company owns, manages, acquires, develops, redevelops and operates retail real estate in high barrier-to-entry markets.",REITs,55,Financials,5
4843,UEC,Uranium Energy,"Uranium Energy Corp is engaged in uranium mining and related activities including exploration, pre-extraction, extraction and processing on uranium projects located in the United States and Parguay.",Metals & Mining,44,Industrials,7
4844,UEIC,Universal Electronics,"Universal Electronics Inc is engaged in developing and manufacturing a series of electronic products, including wireless control products, audio-video accessories, intelligent wireless automation components, and software.",Computer Hardware,18,Information Technology,8
4847,UFCS,United Fire,United Fire Group Inc is engaged in the business of writing property and casualty insurance and life insurance and selling annuities. Its operations are divided into two segments: property and casualty insurance and life insurance.,Insurance - Property & Casualty,37,Healthcare,6
4848,UFI,Unifi,Unifi Inc is a multi-national manufacturing company that processes and sells high-volume commodity yarns. It is engaged in selling yarns made from polyester and nylon.,Homebuilding & Construction,32,Energy & Utilities,4
4849,UFPI,Universal Forest Products,"Universal Forest Products Inc and its subsidiaries supply wood and wood-alternative products to three primary markets namely retail,industrial and construction.",Forest Products,29,Materials,9
4850,UFPT,UFP,UFP Technologies Inc is a U.S. based company designing and manufacturing various high-performance cushion packaging and specialty foam and plastic products for industrial and consumer products.,Packaging & Containers,52,Commercial Services & Supplies,0
4852,UG,United-Guardian,"United-Guardian Inc is a manufacturer and distributor of personal care products such as cosmetics mainly in the United States. Its portfolio also includes pharmaceuticals, medical lubricants, healthcare solutions.",Consumer Packaged Goods,21,Consumer Staples,2
4853,UGI,UGI,"UGI Corp through its subsidiaries distributes, stores, transports and markets energy products and related services. It is a retail distributor of propane and butane, provides natural gas and electric services.",Utilities - Regulated,67,Energy & Utilities,4
4855,UHAL,Amerco,"Amerco Inc provides trucks and trailers on rent, sells moving supplies, towing accessories, propane and rents fixed and portable moving and storage units to the ""do-it-yourself"" mover and management of self-storage properties owned by others.",Consulting & Outsourcing,20,Professional Services,11
4856,UHS,Universal Health Services,"Universal Health Services Inc owns and operates acute care hospitals, behavior health centers, surgical hospitals, ambulatory surgery centers, and radiation oncology centers.",Health Care Providers,31,Healthcare,6
4857,UHT,Universal Health Realty Income Trust,"Universal Health Realty Income Trust is a health-care REIT. It holds interest in various property portfolios including hospitals, medical office buildings, and child-care centers. It operates its business in the United States.",REITs,55,Financials,5
4859,UIS,Unisys,"Unisys Corp provides IT (Information Technology) outsourcing solutions and technology products to clients primarily in the government, financial services, and transportation sectors. The company operates in two segments namely Services and Technology.",Application Software,4,Information Technology,8
4861,ULBI,Ultralife,"Ultralife Corp designs, manufactures, installs & maintains power and communications systems including; rechargeable and non-rechargeable batteries, charging systems, communications and electronics systems and accessories, and custom engineered systems.",Industrial Products,34,Industrials,7
4862,ULH,Universal Logistics,"Universal Logistics Holdings Inc is a provider of customized transportation & logistics solutions in United States, Mexico, Canada & Colombia. Its transportation services include dry van, flatbed, heavy haul, refrigerated, shuttle & switching operations.",Transportation & Logistics,63,Transportation & Logistics,12
4863,ULTA,Ulta Beauty,"Ulta Beauty Inc operates as a beauty retailer in the United States. It offers cosmetics, fragrance, skin, hair care products and salon services.",Retail - Apparel & Specialty,58,Commercial Services & Supplies,0
4865,UMBF,UMB Financial,UMB Financial Corp is in the business of providing financial solutions in the United States. Its service portfolio comprises of banking and asset management solutions.,Banks,7,Financials,5
4867,UMH,UMH Properties,UMH Properties Inc is in the business of ownership and operation of manufactured home communities - leasing manufactured home spaces on a month-to-month basis to private manufactured home owners.,REITs,55,Financials,5
4872,UNB,Union Bankshares,"Union Bankshares Inc is a bank holding company for Union Bank, which offers retail and commercial banking services to its customers through its branches, ATMs, telebanking, and internet banking systems.",Banks,7,Financials,5
4873,UNF,Unifirst,"UniFirst Corp together with its subsidiaries is engaged in designing, manufacturing, personalizing, renting, cleaning, delivering and selling uniforms & protective clothing, including shirts, jackets, coveralls, lab coats and specialized protective wear.",Manufacturing - Apparel & Furniture,39,Industrials,7
4874,UNFI,United Natural Foods,"United Natural Foods Inc acts as a wholesale distributor of natural, organic and specialty foods and nonfood products across North America. Its products include produce, perishables and frozen foods, nutritional supplements and sports nutrition.",Retail - Defensive,59,Consumer Discretionary,1
4875,UNH,UnitedHealth Incorporated (DE),"UnitedHealth Group Inc is a diversified health care company in the United States. It designs products, provides services and applies technologies that improve access to health and well-being services, and make health care more affordable.",Health Care Plans,30,Healthcare,6
4876,UNIT,Uniti,"Uniti Group Inc is a real estate investment trust focused on the acquisition and construction of mission-critical communications infrastructure including but not limited to fiber, wireless towers and ground leases.",REITs,55,Financials,5
4877,UNM,Unum,Unum Group is a financial services provider. Its services include insurance and non-insurance products and services.,Insurance - Life,36,Healthcare,6
4878,UNP,Union Pacific,"Union Pacific Corp belongs to the rail transport industry. It provides railroad freight transportation services in North America. It transports coal, rocks, soda ash, and grains.",Transportation & Logistics,63,Transportation & Logistics,12
4880,UNTY,Unity Bancorp,"Unity Bancorp Inc conducts a traditional and community-oriented commercial banking business and offers services, including personal and business checking accounts, time deposits, money market accounts and regular savings accounts.",Banks,7,Financials,5
4881,UNVR,Univar,"Univar Inc is a distributor of commodity and specialty chemicals. The company's chemicals portfolio includes acids and bases, surfactants, glycols, inorganic compounds, alcohols, as well as general and other specialty chemicals.",Chemicals,14,Materials,9
4882,UONE,Urban One,"Urban One Inc is an urban oriented, multi-media company. Its business is radio broadcasting franchise that is the radio broadcasting operation that targets African-American and urban listeners. It owns and operates approximately 50 broadcast stations.",Entertainment,27,Healthcare,6
4885,UPLD,Upland Software,"Upland Software Inc is the provider of cloud-based enterprise work management software. It provides a family of cloud-based enterprise work management software applications for the information technology, marketing, finance and professional services.",Application Software,4,Information Technology,8
4886,UPS,United Parcel Service,"United Parcel Service Inc is a package delivery organization and provider of supply chain management solutions. Its services include transportation, distribution, contract logistics, ground freight, ocean freight, air freight, insurance and financing.",Transportation & Logistics,63,Transportation & Logistics,12
4888,URBN,Urban Outfitters,"Urban Outfitters Inc is a lifestyle specialty retail company that operates under the Urban Outfitters, Anthropologie, Free People, Terrain and Bhldn brands. It also operates a Wholesale segment under the Free People brand.",Retail - Apparel & Specialty,58,Commercial Services & Supplies,0
4889,URG,Ur-Energy (Canada),"Ur-Energy Inc is an exploration stage mining company. It is engaged in uranium mining, recovery and processing activities, including the acquisition, exploration, development and operation of uranium mineral properties in the United States.",Metals & Mining,44,Industrials,7
4890,URGN,UroGen Pharma,UroGen Pharma Ltd is a clinical stage biopharmaceutical company focused on developing novel therapies designed to change the standard of care for urological pathologies.,Biotechnology,10,Healthcare,6
4891,URI,United Rentals,"United Rentals Inc operates in the rental and leasing industry. It provides equipment on rent to construction and industrial companies, manufacturers, utilities, municipalities, homeowners, government entities.",Consulting & Outsourcing,20,Professional Services,11
4893,USAC,USA Compression Partners Representing Limited Partner Interests,"USA Compression Partners LP provides natural gas compression services under term contracts with customers in the oil and gas industry, using natural gas compressor packages that it designs, engineers, owns, operates and maintains.",Oil & Gas - Services,50,Commercial Services & Supplies,0
4895,USAP,Universal Stainless & Alloy Products,"Universal Stainless & Alloy Products Inc and its subsidiaries, manufactures and markets semi-finished and finished specialty steel products. It offers stainless steel, nickel alloys, tool steel and certain other premium alloyed steels.",Steel,61,Materials,9
4898,USAU,U.S. Gold,"U.S. Gold Corp is a gold exploration and development company advancing high potential projects in Nevada and Wyoming. Its properties include Keystone project, Copper King project and Gold Bar North project.",Metals & Mining,44,Industrials,7
4899,USB,U.S. Bancorp,"US Bancorp is a multi-state financial holding company. It offers financial services such as lending and depository service, cash management, foreign exchange and trust and investment management services.",Banks,7,Financials,5
4901,USDP,USD Partners representing limited partner interest,USD Partners LP is engaged in energy-related logistics assets which operates with two reportable segment Terminalling services and Fleet services. The group operates its business primarily through United States and Canada.,Transportation & Logistics,63,Transportation & Logistics,12
4902,USEG,U.S. Energy,US Energy Corp is a diversified natural resource company. Its objective is to identify and strategically invest in oil and gas exploration and development opportunities with a primary focus on oil.,Oil & Gas - E&P,46,Energy & Utilities,4
4903,USFD,US Foods Holding,"US Foods Holding Corp through its subsidiaries is engaged in marketing and distribution of fresh, frozen and dry food and non-food products to food service customers throughout the United States.",Retail - Defensive,59,Consumer Discretionary,1
4905,USLM,United States Lime & Minerals,"United States Lime & Minerals Inc engages in the business of manufacturing lime and lime products with interests in natural gas. The company operates its business in two segments; Lime and Limestone Operations, and Natural Gas.",Building Materials,12,Materials,9
4906,USM,United States Cellular,United States Cellular Corp is a wireless telecommunications service provider. Its ownership interests include consolidated and investment interests in licenses covering portions of nearly 20 states & total population of around 30 million.,Communication Services,17,Corporate Services,3
4907,USNA,USANA Health Sciences,Usana Health Sciences Inc manufactures health products. Its key products include science-based nutritional and personal care products.,Consumer Packaged Goods,21,Consumer Staples,2
4908,USPH,U.S. Physical Therapy,"US Physical Therapy Inc operates outpatient physical therapy and occupational therapy clinics across US which provide treatment for orthopedic disorders, sports-related injuries, and work-related injuries.",Health Care Providers,31,Healthcare,6
4910,USX,U.S. Xpress Enterprises,"U S Xpress Enterprises Inc is a tuck load carrier. The company's segments include Truckload and Brokerage. The Truckload segment offers asset-based truckload services, and Brokerage segment is engaged in non-asset-based freight brokerage services.",Transportation & Logistics,63,Transportation & Logistics,12
4913,UTHR,United Therapeutics,United Therapeutics Corp is engaged in the healthcare sector. Its core offering includes pharmaceutical products to address unmet medical needs of patients.,Biotechnology,10,Healthcare,6
4914,UTI,Universal Technical Institute,"Universal Technical Institute Inc is an educational institution. It provides undergraduate degree, as well as certificate programs for technicians in the automotive, diesel, collision repair, motorcycle and marine fields.",Education,24,Healthcare,6
4915,UTL,UNITIL,"Unitil Corp is a local distributor of electricity and natural gas throughout its service territory in the states of New Hampshire, Massachusetts and Maine. Its business segments are utility gas operations, utility electric operations and non-regulated.",Utilities - Regulated,67,Energy & Utilities,4
4916,UTMD,Utah Medical Products,"Utah Medical Products Inc is in the business of producing medical devices that are predominantly proprietary, disposable and for hospital use. The firm's product includes Electrosurgical Pens, Footswitches, Fuses, Dispersive Pads and others.",Medical Instruments & Equipment,43,Commercial Services & Supplies,0
4919,UUU,Universal Security Instruments,Universal Security Instruments Inc is a US-based manufacturer and distributor of safety and security devices. The company markets a line of residential smoke and carbon monoxide alarms under the trade names UNIVERSAL and USI Electric.,Consulting & Outsourcing,20,Professional Services,11
4920,UUUU,Energy Fuels (Canada),"Energy Fuels Inc together with its subsidiary is engaged in the extraction and recovery of uranium properties in the United States. The company operates in two segments, ISR Uranium and Conventional Uranium.",Metals & Mining,44,Industrials,7
4921,UVE,UNIVERSAL INSURANCE,"Universal Insurance Holdings Inc is a vertically integrated insurance holding company, which through its various subsidiaries, covers insurance underwriting, distribution, claims processing and exposure management.",Insurance - Property & Casualty,37,Healthcare,6
4922,UVSP,Univest Financial,Univest Corp of Pennsylvania provides commercial and consumer banking and a full range of banking and trust services.,Banks,7,Financials,5
4923,UVV,Universal,Universal Corp is a leaf tobacco supplier. It is engaged in procuring and processing flue-cured and burley leaf tobacco for manufacturers of consumer tobacco products.,Tobacco Products,62,Consumer Staples,2
4926,V,Visa,"Visa Inc is a payments technology company working to enable consumers, businesses, banks and governments to use fast, secure and reliable digital currency. The Company operates processing networks - VisaNet.",Credit Services,22,Corporate Services,3
4927,VAC,Marriot Vacations Worldwide,"Marriott Vacations Worldwide Corporation is an owner of holiday resorts primarily in the United States. Its portfolio of properties includes Marriott Vacation Club, Grand Residencies and The Ritz-Carlton Destination Club.",Travel & Leisure,64,Transportation & Logistics,12
4929,VALU,Value Line,"Value Line Inc is a U.S based company. It produces investment periodicals based on underlying research and making available copyright data, including ranking system and other information, to third parties under written agreements.",Publishing,54,"Media, Marketing & Sales",10
4932,VBFC,Village Bank and Trust Financial,"Village Bank and Trust Financial Corp is a bank holding company. The Company through its wholly-owned subsidiaries offers banking and related financial services, including checking, savings and certificates of deposit.",Banks,7,Financials,5
4933,VBIV,VBI Vaccines,VBI Vaccines Inc is a biopharmaceutical company. It is engaged in developing novel technologies that seek to expand vaccine protection in large underserved markets.,Biotechnology,10,Healthcare,6
4935,VBTX,Veritex,"Veritex Holdings Inc is a bank holding company. The Company through its subsidiary provides banking services to individual and corporate customers, which include commercial and retail lending, and the acceptance of checking and savings deposits.",Banks,7,Financials,5
4936,VC,Visteon,"Visteon Corp is an automotive supplier that designs, engineers and manufactures electronics products for original equipment vehicle manufacturer. Its products include automotive systems, modules and components and audio head units.",Autos,6,Industrials,7
4937,VCEL,Vericel,"Vericel Corp is a fully integrated, commercial-stage biopharmaceutical company. The company operates in one reportable segment: the research, manufacture, and distribution of patient-specific, used in the treatment of specific diseases.",Biotechnology,10,Healthcare,6
4940,VCTR,Victory Capital,"Victory Capital Holdings Inc is an investment management company that offers multi-franchise and customized solutions through a variety of vehicles, including separate accounts, mutual funds and VictoryShares.",Asset Management,5,Financials,5
4942,VCYT,Veracyte,"Veracyte Inc is a molecular diagnostics company that uses genomic technology to resolve diagnostic ambiguity. The Company's first commercial solution, the Afirma Thyroid FNA Analysis, centers on the proprietary Afirma Gene Expression Classifier.",Biotechnology,10,Healthcare,6
4945,VECO,Veeco Instruments,"Veeco Instruments Inc is a semiconductor manufacturer. It develops thin film equipment, which is used in making electronic devices including LED, power electronics, wireless devises and hard disk drives.",Semiconductors,60,Materials,9
4947,VEEV,Veeva Systems,"Veeva Systems Inc is a provider of industry-specific, cloud-based software solutions for the life sciences industry.",Application Software,4,Information Technology,8
4950,VERI,Veritone,"Veritone Inc is a provider of artificial intelligence. Its platform stores cognitive engine results in a searchable, time-correlated index, creating an online, searchable library of audio & video data enabling analysis & automated business solutions.",Application Software,4,Information Technology,8
4951,VERU,Veru,"Veru Inc is a biopharmaceutical company focused on urology and oncology. It develops prescription products for benign prostatic hyperplasia hot flashes associated with cancer treatment, male infertility and novel chemotherapies for a variety of cancers.",Drug Manufacturers,23,Industrials,7
4953,VFC,V.F.,"VF Corp owns a large portfolio of lifestyle brands including The North Face, Timberland, Vans, Lee, Wrangler, Nautica, and others. The company offers product into outdoor and action sports, jeanswear, imagewear, and sportswear.",Manufacturing - Apparel & Furniture,39,Industrials,7
4955,VG,Vonage,"Vonage Holdings Corp is a provider of telecom services. The North American firm provides unified communications, which consists of integrated voice, text, video, data, and mobile applications over Voice over Internet Protocol network.",Communication Services,17,Corporate Services,3
4958,VGR,Vector,"Vector Group Ltd, through its subsidiaries, is engaged in the manufacture and sale of cigarettes in the United States and the real estate business. Its business segment includes: Tobacco, E-Cigarettes and Real Estate.",Tobacco Products,62,Consumer Staples,2
4959,VGZ,Vista Gold,"Vista Gold Corp is a gold mining company. Its principal asset is its flagship Mt Todd gold project in Northern Territory, Australia. Other projects include non-core projects in Mexico & US, and royalty interests in projects in Indonesia.",Metals & Mining,44,Industrials,7
4960,VHC,VirnetX Holding,"VirnetX Holding Corp is an Internet security software and technology company with patented technology for secure communications. The company's software and technology solutions, include its Secure Domain Name Registry and GABRIEL Connection Technology.",Application Software,4,Information Technology,8
4961,VHI,Valhi,"Valhi Inc through its subsidiaries provides chemicals, security products, waste management systems and real estate development and management services. It operates its business across three segments.",Chemicals,14,Materials,9
4962,VIA,Viacom,"Viacom Inc is a global media company. It creates compelling television programs, motion pictures, short-form content, applications and games. Its brands include MTV, VH1, CMT, Logo, BET, Nickelodeon, Comedy central, TV Land, SPIKE, Tr3s, and VIVA.",Entertainment,27,Healthcare,6
4964,VIAV,Viavi Solutions,"Viavi Solutions Inc provides network testing, monitoring, and assurance products to communications service providers, wireless operators, cable operators, network-equipment manufacturers and enterprises.",Communication Equipment,16,Information Technology,8
4965,VICI,VICI Properties,"Vici Properties Inc acts as an owner, acquirer and developer of real estate assets across gaming, hospitality, entertainment and leisure destinations.",REITs,55,Financials,5
4967,VICR,Vicor,"Vicor Corp manufactures and markets modular power components and complete power systems. The company operates in BBU, VI Chip, Picor and Corporate segment. It derives a majority of its revenue from the BBU and Picor segment.",Computer Hardware,18,Information Technology,8
4969,VIRC,Virco Manufacturing,"Virco Manufacturing Corp manufactures an assortment of products, including mobile tables, mobile storage equipment, desks, computer furniture, chairs, activity tables, folding chairs and folding tables.",Industrial Products,34,Industrials,7
4970,VIRT,Virtu Financial,Virtu Financial Inc is a leading technology-enabled market maker and liquidity provider to the global financial markets. It maintains a technology platform which provides quotations to buyers and sellers of various securities.,Brokers & Exchanges,11,Financials,5
4978,VKTX,Viking Therapeutics,Viking Therapeutics Inc is a clinical-stage biopharmaceutical company. The company develops therapies for metabolic and endocrine disorders. It includes portfolio of five drug candidates in clinical trials or preclinical studies.,Biotechnology,10,Healthcare,6
4979,VLGEA,Village Super Market Common Stock,"Village Super Market Inc operates a chain of ShopRite supermarkets in New Jersey, eastern Pennsylvania and Maryland. It is engaged in retail sale of food and nonfood products.",Retail - Defensive,59,Consumer Discretionary,1
4980,VLO,Valero Energy,"Valero Energy Corp is a petroleum refining and marketing company. The company produces conventional gasolines, distillates, jet fuel, asphalt, petrochemicals, lubricants, and other refined products as well as a slate of premium products.",Oil & Gas - Refining & Marketing,49,"Media, Marketing & Sales",10
4984,VLY,Valley National Bancorp,"Valley National Bancorp is a bank holding company. It offers commercial, retail, insurance and wealth management financial services products. It also offers automated teller machines, telephone and internet banking services.",Banks,7,Financials,5
4985,VMC,Vulcan Materials Company (Holding Company),"Vulcan Materials Co is a producer of construction aggregates including crushed stone, sand and gravel; and asphalt mix and ready-mixed concrete in the United States. These materials are used to build the roads, tunnels, bridges, railroads and airports.",Building Materials,12,Materials,9
4986,VMI,Valmont Industries,"Valmont Industries Inc is a producer of fabricated metal products, steel, irrigation systems, and other components.",Industrial Products,34,Industrials,7
4989,VMW,Vmware,"VMWare Inc provides virtualization and cloud infrastructure solutions. It is engaged in the development and application of virtualization technologies with x86 server-based computing, separating application software from the underlying hardware.",Application Software,4,Information Technology,8
4990,VNCE,Vince Holding,"Vince Holding Corp is engaged in delivering luxury essentials like women's and men's apparel, women's and men's footwear, and handbags. It focuses on developing an elevated collection of Vince apparel and accessories.",Manufacturing - Apparel & Furniture,39,Industrials,7
4991,VNDA,Vanda Pharmaceuticals,Vanda Pharmaceuticals Inc is a biopharmaceutical company focused on the development and commercialization of products for the treatment of central nervous system disorders to address unmet needs.,Biotechnology,10,Healthcare,6
4994,VNO,Vornado Realty Trust,"Vornado Realty Trust is a fully-integrated real estate investment trust. The company owns and has an ownership interest in Class A office and retail properties in New York and Washington, DC. The company receives revenue in the form of rent.",REITs,55,Financials,5
4995,VNOM,Viper Energy Partners,"Viper Energy Partners LP is engaged in the acquisition and exploitation of oil & natural gas properties in North America. Its properties include mineral interests in Midland County, Texas in the Permian Basin.",Oil & Gas - E&P,46,Energy & Utilities,4
4996,VNRX,VolitionRX Limited,VolitionRX Ltd is a clinical-stage life sciences company. The company is engaged in developing blood-based diagnostic tests for detecting and diagnosing cancer and other diseases.,Medical Diagnostics & Research,41,Healthcare,6
5000,VOXX,VOXX International,"VOXX International Corp is a manufacturer and distributor in the Automotive, Premium Audio and Consumer Accessories industries. It manufactures, distributes and markets rear-seat entertainment devices, home theater systems, music systems, among others.",Autos,6,Industrials,7
5001,VOYA,Voya Financial,Voya Financial Inc is an investment and insurance company focused on providing retirement solutions to individual and institutional clients in the United States.,Asset Management,5,Financials,5
5002,VPG,Vishay Precision,"Vishay Precision Group Inc designs, manufactures and markets sensors, and sensor-based measurement systems, as well as specialty resistors and strain gages based upon proprietary technology.",Computer Hardware,18,Information Technology,8
5004,VRA,Vera Bradley,"Vera Bradley Inc operates in the footwear and accessories industry. Its products include handbags and accessories, luggage and travel items, eyewear and stationery.",Manufacturing - Apparel & Furniture,39,Industrials,7
5005,VRAY,ViewRay,"ViewRay Inc is a medical device company. The company is engaged in designing, manufacturing and marketing MRI guided radiation therapy system that images and treats cancer patients.",Medical Devices,40,Healthcare,6
5006,VRCA,Verrica Pharmaceuticals,"Verrica Pharmaceuticals Inc a clinical-stage medical dermatology company focused on identifying, developing and commercializing innovative pharmaceutical products for the treatment of skin diseases with significant unmet needs.",Biotechnology,10,Healthcare,6
5007,VREX,Varex Imaging,"Varex Imaging Corp is engaged in designing and manufacturing of X-ray tubes, flat panel detectors, imaging software and inspection accelerators.",Medical Diagnostics & Research,41,Healthcare,6
5009,VRNA,Verona Pharma plc,Verona Pharma PLC develops drugs for respiratory diseases. Its products mainly include anti-inflammatory agents and bronchodilators.,Biotechnology,10,Healthcare,6
5010,VRNS,Varonis Systems,"Varonis Systems Inc provides software solutions that protect data from insider threats and cyberattacks. It allows organisations to analyze, secure, manage, and migrate unstructured data.",Application Software,4,Information Technology,8
5011,VRNT,Verint Systems,"Verint Systems Inc is a provider of actionable intelligence solutions and services for customer engagement optimization, security intelligence, and fraud, risk and compliance.",Application Software,4,Information Technology,8
5012,VRRM,Verra Mobility,Gores Holdings II Inc is a blank check company.,Consulting & Outsourcing,20,Professional Services,11
5014,VRSK,Verisk Analytics,"Verisk Analytics Inc is a data analytics provider serving customers in insurance, natural resources and financial services.",Business Services,13,Corporate Services,3
5015,VRSN,VeriSign,VeriSign Inc is a part of the internet content industry. It provides domain name registry and internet security for websites and enterprises around the world.,Online Media,51,"Media, Marketing & Sales",10
5016,VRTS,Virtus Investment Partners,"Virtus Investment Partners Inc provides investment management and related services to individuals and institutions. Its retail products include open-end mutual funds, closed-end funds, exchange traded funds, and variable insurance funds.",Asset Management,5,Financials,5
5018,VRTV,Veritiv,"Veritiv Corp is engaged in business-to-business printing, packaging and facility supplies and equipment distribution services to printers, manufacturers, retailers and commercial facilities.",Industrial Products,34,Industrials,7
5019,VRTX,Vertex Pharmaceuticals Incorporated,"Vertex Pharmaceuticals Inc is engaged in the business of discovering, developing, manufacturing and commercializing small molecule drugs for patients with serious diseases in specialty markets. Its products include SYMDEKO, ORKAMBI, and KALYDECO.",Biotechnology,10,Healthcare,6
5020,VSAT,ViaSat,"Viasat Inc is engaged in the provision of high-speed fixed and mobile broadband services. The Company also offers satellite and other wireless networks and secure networking systems, products and services.",Communication Equipment,16,Information Technology,8
5021,VSEC,VSE,"VSE Corp is a diversified services and supply chain management company. It provides logistics and distribution services for legacy systems and equipment. It also provides parts, supply-chain solutions, and other services for aviation jet aircraft engines.",Engineering & Construction,26,Industrials,7
5022,VSH,Vishay Intertechnology,"Vishay Intertechnology Inc manufactures and supplies discrete semiconductors and passive components. The semiconductors include MOSFETs, diodes, and optoelectronic components. The passive components include resistive products, capacitors, and inductors.",Semiconductors,60,Materials,9
5026,VST,Vistra Energy,"Vistra Energy Corp through its subsidiaries is in electricity market activities including power generation, wholesale energy sales and purchases, commodity risk management and retail sales of electricity to end users.",Utilities - Independent Power Producers,66,Energy & Utilities,4
5027,VSTM,Verastem,Verastem Inc is a biopharmaceutical company engaged in discovering and developing drugs to improve outcomes for patients with cancer. Its product candidates include duvelisib and defactinib.,Biotechnology,10,Healthcare,6
5028,VSTO,Vista Outdoor,"Vista Outdoor Inc is a U.S. based designer, manufacturer, and marketer of consumer products in the outdoor sports and recreation markets. The company organizes itself into two business segments: Shooting Sports and Outdoor Products.",Travel & Leisure,64,Transportation & Logistics,12
5030,VTGN,VistaGen Therapeutics,VistaGen Therapeutics Inc is a clinical-stage biopharmaceutical company that develops and commercializes product candidates for patients with central nervous system diseases. Its product AV-101 is currently being evaluated in a Phase 2 monotherapy study.,Biotechnology,10,Healthcare,6
5035,VTNR,Vertex Energy,"Vertex Energy Inc is an environmental services company that recycles industrial waste streams and off-specification commercial chemical products. The Company's operating business segments are Black Oil, Refining and Marketing, and Recovery.",Waste Management,68,Transportation & Logistics,12
5036,VTR,Ventas,"Ventas Inc is a real estate investment trust. It holds a diversified portfolio of seniors housing communities, skilled nursing facilities, medical office buildings, life science buildings, and hospitals.",REITs,55,Financials,5
5037,VTSI,VirTra,"VirTra Inc is engaged in the sale and development of judgmental use of force training simulators and firearms training simulators for law enforcement, military and commercial uses.",Aerospace & Defense,1,Transportation & Logistics,12
5038,VTVT,vTv Therapeutics,"vTv Therapeutics Inc is a biopharmaceutical company engaged in drug discovery and development. Its therapies are intended to treat diseases such as Alzheimer's and type-II diabetes. Its other products include TTP399, type II diabetes drug candidate.",Biotechnology,10,Healthcare,6
5039,VUZI,Vuzix,"Vuzix Corporation is engaged in the design, manufacture, marketing and sale of wearable display devices that are worn like eyeglasses and feature built-in video screens that enable the user to view video and digital content.",Computer Hardware,18,Information Technology,8
5040,VVI,Viad,"Viad Corp is a United States based marketing company. The company offers a complete range of live event services, which include official show services, audio-visual services, design services to event holders and brand marketers.",Business Services,13,Corporate Services,3
5044,VVV,Valvoline,"Valvoline Inc manufactures and distributes automotive, commercial, industrial lubricants, and automotive chemicals.",Oil & Gas - Refining & Marketing,49,"Media, Marketing & Sales",10
5045,VXRT,Vaxart,"Vaxart Inc, formerly known as Aviragen Therapeutics Inc is a bio-pharmaceutical company. It is engaged in developing direct-acting antivirals to treat infections that affect a number of patients.",Biotechnology,10,Healthcare,6
5046,VYGR,Voyager Therapeutics,"Voyager Therapeutics Inc in collaboration with Genzyme, conducts research and development work to develop therapies for the treatment of central nervous system disorders. It targets diseases such as Parkinson's, Alzheimer's Huntington's.",Biotechnology,10,Healthcare,6
5047,VZ,Verizon Communications,"Verizon Communications Inc is a provider of communications, information and entertainment products and services to consumers, businesses and governmental agencies. It offers voice, data and video services and solutions to wireless and wireline networks.",Communication Services,17,Corporate Services,3
5048,W,Wayfair,"Wayfair Inc operates as an online destination for the home good products in the United States. It offers a range of furniture, décor, decorative accent, housewares, seasonal décor, and other home good products.",Retail - Apparel & Specialty,58,Commercial Services & Supplies,0
5050,WAB,Westinghouse Air Brake,"Westinghouse Air Brake Technologies Corp is a provider of value-added, technology-based products and services for the rail industry. It provides its products and services through two main business segments, the Freight and Transit.",Transportation & Logistics,63,Transportation & Logistics,12
5051,WABC,Westamerica Bancorporation,"Westamerica Bancorp is a regional community bank. The bank focuses on commercial clients, such as smaller businesses across the United States.",Banks,7,Financials,5
5052,WAFD,Washington Federal,Washington Federal Inc is a bank holding company operating through its subsidiaries. Its activity includes accepting deposits and lending out loans of various types. The bank is also engaged in real estate investment and insurance brokerage activities.,Banks,7,Financials,5
5055,WAL,Western Alliance Bancorporation (DE),"Western Alliance Bancorp is a bank holding company. It provides specialized banking services including deposit, lending, treasury management, and online banking products and services. The company's primary source of revenue is interest income.",Banks,7,Financials,5
5056,WASH,Washington Trust Bancorp,"Washington Trust Bancorp Inc offers banking and financial services to individuals and businesses. It operates in two segments namely Commercial Banking and Wealth Management Services. Generating, a majority of its revenue from Commercial Banking Segment.",Banks,7,Financials,5
5057,WAT,Waters,"Waters Corp is an analytical instrument manufacturer. It designs, manufactures, sells and services liquid chromatography, ultra performance liquid chromatography & mass spectrometry instrument systems & support products.",Medical Diagnostics & Research,41,Healthcare,6
5058,WATT,Energous,"Energous Corp is the developer of WattUp, a wire-free charging technology. WattUp is a radio frequency based charging solution that delivers intelligent, scalable power via radio bands, similar to a Wi-Fi router.",Computer Hardware,18,Information Technology,8
5060,WBA,Walgreens Boots Alliance,"Walgreens Boots Alliance Inc is a pharmacy led health and wellbeing company. It operates retail pharmacy store chain in the United States. The firm sells and markets its products under brands such as Walgreens, Duane Reade, Boots and Alliance Healthcare.",Retail - Defensive,59,Consumer Discretionary,1
5064,WBS,Webster Financial,"Webster Financial Corp is a bank and financial holding company. It delivers financial services to individuals, families and businesses throughout southern New England and eastern New York State.",Banks,7,Financials,5
5066,WCC,WESCO International,"WESCO International Inc is a distributor of electrical, industrial and communications maintenance, repair and operating and original equipment manufacturer products, construction materials, and advanced supply chain management and logistics services.",Industrial Distribution,33,Industrials,7
5069,WCN,Waste Connections,"Waste Connections Inc is a solid waste services company in North America. The company provides waste collection, transfer, disposal and recycling services in mostly exclusive and secondary markets in the United States, and Canada.",Waste Management,68,Transportation & Logistics,12
5070,WD,Walker & Dunlop,"Walker & Dunlop Inc is a provider of commercial real estate finance, with a primary focus on multifamily lending. The Company originates, sells, and service a range of multifamily and other commercial real estate finance products.",Banks,7,Financials,5
5071,WDAY,Workday,"Workday Inc is a SaaS provider offering enterprise resource planning, or ERP, software for medium and large enterprises. The company's product portfolio is built around human capital and financial management software.",Application Software,4,Information Technology,8
5072,WDC,Western Digital,"Western Digital Corp is the global leader in the hard disk drive market. It develops, manufactures, and provides data storage solutions that enable consumers to create, manage, experience and preserve digital content. Its products include HDDs and SSDs.",Computer Hardware,18,Information Technology,8
5073,WDFC,WD-40 Company,"WD-40 Co develops and sells products that solve problems in workshops, factories and homes. The firm sells only WD-40 product. It has product groups maintenance products and homecare and cleaning products.",Chemicals,14,Materials,9
5077,WEC,WEC Energy,"WEC Energy Group Inc operates electric and gas utility businesses in various states across the US. The firm is primarily engaged in the generation of electricity, gas distribution, and electric transmission.",Utilities - Regulated,67,Energy & Utilities,4
5078,WELL,Welltower,"Welltower Inc is engaged in the transformation of healthcare infrastructure. It invests in seniors housing operators, post-acute providers and health systems to improve people's wellness and overall health care experience.",REITs,55,Financials,5
5079,WEN,Wendy's Company (The),"The Wendy's Co operates, develops and franchises quick-service restaurants. It offers hamburger, sandwiches and filet of chicken breast sandwiches, chicken nuggets, chili, french fries, baked potatoes, salads, soft drinks, Frosty desserts and kids meals.",Restaurants,57,Corporate Services,3
5080,WERN,Werner Enterprises,Werner Enterprises Inc is a tuckload carrier company in the United States engaged in transporting truckload shipments of general commodities in both interstate and intrastate commerce. It also provides logistics services through Werner Logistics segment.,Transportation & Logistics,63,Transportation & Logistics,12
5081,WES,Western Gas Partners Limited Partner Interests,"Western Gas Partners, LP is engaged in gathering, processing, compressing, treating and transporting natural gas, condensate, NGLs and crude oil for its subsidiaries as well as third-party producers and customers.",Oil & Gas - Midstream,48,Energy & Utilities,4
5083,WEX,WEX,"WEX Inc is a provider of corporate payment solutions. It operates through Fleet Solutions, Travel and Corporate Solutions, and Health and Employee Benefit Solutions.",Business Services,13,Corporate Services,3
5084,WEYS,Weyco,"Weyco Group Inc is an US based company, engaged in manufacture, design distribution of quality and innovative footwear for men, women and children. It offers mid-priced leather dress shoes and casual footwear composed of man-made materials or leather.",Manufacturing - Apparel & Furniture,39,Industrials,7
5085,WFC,Wells Fargo & Company,Wells Fargo & Co operates as one of the largest banks in the United States. Its business operations are split into three segments: Community banking; Wholesale banking; and Wealth and Investment Management.,Banks,7,Financials,5
5087,WGO,Winnebago Industries,"Winnebago Industries Inc is engaged in the manufacturing recreational vehicles used mainly in leisure travel and outdoor recreation activities. Its products include motorhomes, travel trailers, fifth wheel products and toy haulers etc.",Autos,6,Industrials,7
5089,WH,Wyndham Hotels & Resorts,Wyndham Hotels & Resorts Inc is a hotel franchisor. The company has more than 8400 affiliated hotels located in over 80 countries.,Travel & Leisure,64,Transportation & Logistics,12
5090,WHD,Cactus,"Cactus Inc is primarily engaged in the design, manufacture, and sale of wellheads and pressure control equipment. Its principal products include Cactus SafeDrill wellhead systems, frac stacks, zipper manifolds, and production trees.",Oil & Gas - Services,50,Commercial Services & Supplies,0
5091,WHF,WhiteHorse Finance,"WhiteHorse Finance Inc is an externally managed, non-diversified, closed-end management investment company that has elected to be treated as a business development. It makes debt investments in privately held, small-cap companies.",Asset Management,5,Financials,5
5092,WHG,Westwood,"Westwood Holdings Group Inc, through its subsidiaries is engaged in managing investment assets & providing services for its clients. It provides investment advisory services to corporate retirement plans, public retirement plans, endowments & foundations.",Asset Management,5,Financials,5
5093,WHLM,Wilhelmina International,"Wilhelmina International Inc is engaged in fashion model management and complementary business activities. The company provides traditional, full-service fashion model and talent management services.",Business Services,13,Corporate Services,3
5094,WHLR,Wheeler Real Estate Investment Trust,"Wheeler Real Estate Investment Trust Inc is a self-managed commercial real estate investment company.. It primarily invests in shopping centers, neighborhood centers, grocery-anchored centers, community centers and free-standing retail properties.",REITs,55,Financials,5
5095,WHR,Whirlpool,"Whirlpool Corp manufactures home appliances such as washing machine, refrigerators and freezers, and other domestic appliances under Whirlpool, KitchenAid, Maytag, Consul, Brastemp, Amana, Bauknecht, Jenn-Air, Indesit and other major brand names.",Manufacturing - Apparel & Furniture,39,Industrials,7
5100,WINA,Winmark,"Winmark Corp is a franchisor of retail store concepts that buy, sell, trade and consign merchandise. Additionally, it operates a small-ticket financing business.",Retail - Apparel & Specialty,58,Commercial Services & Supplies,0
5101,WING,Wingstop,"Wingstop Inc is a franchisor and operator of restaurants that specializes in cooked-to-order, hand-sauced and tossed chicken wings.",Restaurants,57,Corporate Services,3
5103,WIRE,Encore Wire,"Encore Wire Corp is engaged in manufacturing electrical building wire and cable. It supplies building wire for interior electrical wiring in commercial and industrial buildings, homes, apartments, and manufactured housing.",Computer Hardware,18,Information Technology,8
5107,WK,Workiva,"Workiva Inc provides a cloud-based and mobile-enabled platform for enterprises to collaboratively collect, manage, report and analyze critical business data in real time.",Application Software,4,Information Technology,8
5108,WKHS,Workhorse,"Workhorse Group Inc is a technology company. It designs, develops, manufactures, and sells high-performance, medium-duty trucks with powertrain components under the Workhorse chassis brand.",Autos,6,Industrials,7
5109,WLDN,Willdan,"Willdan Group Inc is a provider of professional, technical and consulting services to public agencies at all levels of government, public and private utilities and commercial and industrial firms.",Engineering & Construction,26,Industrials,7
5110,WLFC,Willis Lease Finance,"Willis Lease Finance Corp is a provider of aviation services. It is focused on providing operating leases of commercial aircraft engines and other aircraft-related equipment to air carriers, manufacturers and overhaul/repair facilities.",Consulting & Outsourcing,20,Professional Services,11
5112,WLK,Westlake Chemical,"Westlake Chemical Corp is a manufacturer and supplier of basic chemicals, vinyls, polymers and fabricated products that enhance the daily lives of people around the planet. It operates in two principal business segments, Olefins and Vinyls.",Chemicals,14,Materials,9
5113,WLKP,Westlake Chemical Partners representing limited partner interests,"Westlake Chemical Partners LP operates, acquires and develops facilities for the processing of natural gas liquids as well as other qualified assets.",Chemicals,14,Materials,9
5116,WM,Waste Management,"Waste Management Inc acts as a provider of waste management environmental services. The services provided by the company include collection, landfill, transfer, recycling and resource recovery and other services.",Waste Management,68,Transportation & Logistics,12
5117,WMB,Williams Companies (The),"Williams Companies Inc is a large pipeline company. It owns stakes in and operates 15,000 miles of interstate gas pipelines and 1,000 miles of natural gas liquids pipelines. The company also produces olefins for petrochemical feedstocks.",Oil & Gas - Midstream,48,Energy & Utilities,4
5118,WMC,Western Asset Mortgage Capital,Western Asset Mortgage Capital Corp is a specialty financial REIT company managing diversified mortgage-market investment portfolio. The Corporation is externally managed by Western Asset Management Company and emphasizes on undervalued assets.,REITs,55,Financials,5
5120,WMK,Weis Markets,"Weis Markets Inc operates grocery stores. Through its chain of retail stores, it sells groceries, dairy products, frozen foods, meats, seafood, fresh produce, floral and deli products.",Retail - Defensive,59,Consumer Discretionary,1
5121,WMS,Advanced Drainage Systems,"Advanced Drainage Systems Inc designs, manufactures and markets thermoplastic corrugated pipe and related water management products in North and South America and Europe. Group operates through two segments: Domestic and International.",Autos,6,Industrials,7
5122,WMT,Walmart,"Walmart Inc operates retail stores in various formats under various banners. Its operations comprise of three reportable business segments, Walmart U.S., Walmart International and Sam's Club in three categories retail, wholesale and others.",Retail - Defensive,59,Consumer Discretionary,1
5123,WNC,Wabash National,"Wabash National Corp is a diversified industrial manufacturer and producer of semi-trailers and liquid transportation systems. It designs, manufactures and markets various types of trailers, dry and refrigerated truck bodies, among others.",Truck Manufacturing,65,Industrials,7
5124,WNEB,Western New England Bancorp,"Western New England Bancorp Inc through its subsidiaries provides banking products and services offering deposit products and makes mortgage loans for the construction, purchase, and refinancing of residential and commercial real estate.",Banks,7,Financials,5
5125,WNS,WNS (Holdings) Limited Sponsored (Jersey),"WNS (Holdings) Ltd is a global provider of business process management (BPM) services, offering comprehensive data, voice, analytical and business transformation services with a blended onshore, near shore and offshore delivery model.",Business Services,13,Corporate Services,3
5126,WOR,Worthington Industries,"Worthington Industries Inc is metals manufacturing company. Its products are pressure cylinders for liquefied petroleum gas, compressed natural gas, oxygen, cylinders, helium-filled balloon kits, steel and fiberglass tanks and processing equipment.",Steel,61,Materials,9
5127,WORX,SCWorx,"Alliance MMA Inc is a mixed martial arts promotion company which promotes mixed martial arts, or MMA, events including live MMA event promotions, MMA content distribution, and sponsorships and promotion.",Travel & Leisure,64,Transportation & Logistics,12
5128,WOW,WideOpenWest,"WideOpenWest Inc is a cable operator and broadband service provider in the United States. It offers high-speed internet, data, voice, cloud and cable television services.",Communication Services,17,Corporate Services,3
5130,WPC,W.P. Carey REIT,"W.P. Carey Inc operates as a self-managed diversified real estate investment trust. The company owns and manages commercial real estate, leased to companies on a long-term basis.",REITs,55,Financials,5
5136,WRB,W.R. Berkley,"WR Berkley Corp is an insurance holding company with operations in United States. The company operates in two segments of the property casualty insurance business: Insurance, and Reinsurance.",Insurance - Property & Casualty,37,Healthcare,6
5139,WRK,Westrock Company,"WestRock Co provides paper and packaging solutions in consumer and corrugated markets. The Company offers corrugated container, paperboard, partitions and protective packaging, containerboard and beverage multipacks.",Packaging & Containers,52,Commercial Services & Supplies,0
5140,WRLD,World Acceptance,"World Acceptance Corp is a small-loan consumer finance company. It provides short-term small loans, medium-term larger loans, related credit insurance products and ancillary products and services to individuals.",Credit Services,22,Corporate Services,3
5144,WSBC,WesBanco,"Wesbanco Inc is a financial services provider. The company offers a full range of financial services, including retail banking, corporate banking, personal and corporate trust services, brokerage services, mortgage banking, and insurance.",Banks,7,Financials,5
5145,WSBF,Waterstone Financial,"Waterstone Financial Inc is a one-bank holding company with two segments: community banking & mortgage banking. The company provides consumer and business banking products and services to customers, and also provides residential mortgage loans.",Banks,7,Financials,5
5146,WSC,WillScot,"WillScot Corp operates in the specialty rental services market providing modular space and portable storage solutions across North America for construction, education, healthcare, government, retail, commercial, transportation, security & energy sectors.",Consulting & Outsourcing,20,Professional Services,11
5147,WSFS,WSFS Financial,"WSFS Financial Corp is a savings and loan holding company, which provides residential and commercial real estate, commercial and consumer lending services, as well as retail deposit and cash management services.",Banks,7,Financials,5
5148,WSM,Williams-Sonoma (DE),Williams-Sonoma Inc is a multi-channel specialty retailer of home furnishings in the United States and Canada. Its segments include e-commerce and retail.,Retail - Apparel & Specialty,58,Commercial Services & Supplies,0
5149,WSO,Watsco,"Watsco Inc distributes air conditioning, heating and refrigeration equipment and related parts and supplies in the HVAC/R distribution industry in North America. Watsco has operations in the United States, Canada, Mexico and Puerto Rico.",Computer Hardware,18,Information Technology,8
5151,WSR,Whitestone REIT,"Whitestone REIT is a self-managed, fully integrated real estate investment trust that owns, manages and redevelops portfolio of neighborhood, community and lifestyle retail centers. Its property portfolio includes retail and office/flex properties.",REITs,55,Financials,5
5152,WST,West Pharmaceutical Services,"West Pharmaceutical Services Inc develops, manufactures and sells packaging components and systems for injectable drug delivery, including stoppers and seals for vials, closures and other components used in syringe, and prefillable syringe components.",Medical Instruments & Equipment,43,Commercial Services & Supplies,0
5155,WTBA,West Bancorporation,"West Bancorp Inc is a holding company for West Bank. It provides commercial banking services, including checking accounts, savings accounts, money market accounts, and time certificates of deposit.",Banks,7,Financials,5
5156,WTER,The Alkaline Water Company,Alkaline Water Co Inc offers retail consumers bottled alkaline water under the trade name Alkaline88. It is produced through an electrolysis process without the use of any chemicals.,Beverages - Non-Alcoholic,9,Consumer Staples,2
5157,WTFC,Wintrust Financial,"Wintrust Financial Corp is engaged in providing community banking, specialty finance, and wealth management. It focuses on providing community-oriented, personal, and commercial banking and origination and purchase of residential mortgages.",Banks,7,Financials,5
5158,WTI,W&T Offshore,"W&T Offshore Inc is engaged in the oil and gas sector. The company is engaged in exploration, development, and acquisition of oil and natural gas properties in the Gulf of Mexico.",Oil & Gas - E&P,46,Energy & Utilities,4
5159,WTM,White Mountains Insurance,"White Mountains Insurance Group Ltd provides specialty property and casualty insurance and offers a range of insurance products in the United States. It operates its business through three segments, OneBeacon, HG Global/BAM and White Mountains Advisors.",Insurance - Property & Casualty,37,Healthcare,6
5162,WTS,Watts Water,Watts Water Technologies Inc supplies industrial goods. Its products are used to manage the flow of fluids in residential and commercial buildings.,Industrial Products,34,Industrials,7
5164,WTTR,Select Energy Services,"Select Energy Services Inc is a provider of water solutions. Its solutions include Water Solutions, Well Testing, Fluid Handling, and Disposal Solutions.",Industrial Products,34,Industrials,7
5165,WTW,Weight Watchers International,"Weight Watchers International Inc is a commercial provider of weight management service. Its services and products include digital weight management products provided through websites, mobile sites and apps, products sold at meetings and retail channels.",Personal Services,53,Professional Services,11
5166,WU,Western Union Company (The),"The Western Union Co is a provider of money movement and payment services. The company provides flexible and convenient options for making one-time or recurring payments. Its segments are Consumer-to-Consumer, Consumer-to-Business and Business Solutions.",Credit Services,22,Corporate Services,3
5168,WVE,Wave Life Sciences,"WAVE Life Sciences Ltd is a preclinical therapeutics developer in Singapore. Its pipeline of drugs is intended to cure rare genetic disorders such as Huntington, duchenne muscular dystrophy (DMD) and inflammatory bowel disease.",Biotechnology,10,Healthcare,6
5170,WVVI,Willamette Valley Vineyards,"Willamette Valley Vineyards Inc produces and sells premium, super premium and ultra-premium varietals. The Company sells its wines under the labels: Willamette Valley Vineyards, Griffin Creek and Tualatin Estates.",Beverages - Alcoholic,8,Industrials,7
5171,WWD,Woodward,"Woodward Inc is an independent designer, manufacturer and service provider of energy control and optimization solutions for the aerospace, industrial and energy markets.",Aerospace & Defense,1,Transportation & Logistics,12
5172,WWE,World Wrestling Entertainment,"World Wrestling Entertainment Inc is an integrated media and entertainment company. It is engaged in the production and distribution of content through various channels including over-the-top WWE Network, live events and feature films.",Entertainment,27,Healthcare,6
5173,WWR,Westwater Resources,Westwater Resources Inc is an explorer and developer of mineral resources that are materials essential to clean energy production.,Metals & Mining,44,Industrials,7
5174,WWW,Wolverine World Wide,"Wolverine World Wide Inc is a designer, manufacturer and marketer of footwear, apparel and accessories. The company sells casual footwear and apparel through its lifestyle group, and it sells performance and athletic apparel through its performance group.",Manufacturing - Apparel & Furniture,39,Industrials,7
5175,WY,Weyerhaeuser Company,"Weyerhaeuser Co is a real estate investment trust and is engaged in selling timber. Its objective is to maximize the long-term value of timberlands that it owns. It derives its revenue from investments in timberland, including the sale of standing timber.",Forest Products,29,Materials,9
5177,WYNN,Wynn Resorts Limited,"Wynn Resorts Ltd is a casino resorts operator. The company integrates hotel accommodations and a range of amenities, including fine dining outlets, premium retail offerings, distinctive entertainment theaters and large meeting complexes.",Travel & Leisure,64,Transportation & Logistics,12
5178,WYY,WidePoint,"WidePoint Corp is a provider of managed mobility services, telecom lifecycle management, and cybersecurity solutions.",Application Software,4,Information Technology,8
5179,X,United States Steel,"United States Steel Corp is an integrated steel producer. Its products include flat-rolled and tubular products with production operations in North America and Europe. Its products cater to automotive, construction and energy companies.",Steel,61,Materials,9
5181,XBIO,Xenetic Biosciences,"Xenetic Biosciences Inc is a clinical-stage biopharmaceutical company focused on the discovery, research and development of next-generation biologic drugs and novel orphan oncology therapeutics.",Biotechnology,10,Healthcare,6
5182,XBIT,XBiotech,XBiotech Inc is engaged in discovering and developing True Human (antibody technology) monoclonal antibodies for treating a variety of diseases.,Biotechnology,10,Healthcare,6
5184,XEL,Xcel Energy,Xcel Energy Inc manages utilities to serve over 3.5 million electric customers and 2.0 million natural gas customers across United States. The company through its subsidiary firms operates the electric and gas business in US and Mexico.,Utilities - Regulated,67,Energy & Utilities,4
5185,XELA,Exela,"Exela Technologies Inc provides transaction processing solutions and enterprise information management. Its products include Business process management, enterprise information management, enrollment and applications and mobile applications.",Application Software,4,Information Technology,8
5186,XELB,Xcel Brands,"Xcel Brands Inc is a media and brand management company engaged in the design, production, licensing, marketing, and direct to consumer sales of branded apparel, footwear, accessories, jewelry, home goods, and other consumer products.",Manufacturing - Apparel & Furniture,39,Industrials,7
5187,XENE,Xenon Pharmaceuticals,"Xenon Pharmaceuticals Inc is a clinical-stage biopharmaceutical company. It is engaged in discovering and developing a pipeline of differentiated therapeutics for orphan indications. Its products portfolio includes Glybera, TV-45070.",Biotechnology,10,Healthcare,6
5189,XERS,Xeris Pharmaceuticals,"Xeris Pharmaceuticals Inc is a specialty pharmaceutical company leveraging its novel non-aqueous formulation technology platforms, XeriSol and XeriJect, to develop and commercialize ready-to-use injectable and infusible drug formulations.",Biotechnology,10,Healthcare,6
5192,XHR,Xenia Hotels & Resorts,"Xenia Hotels & Resorts Inc is a real estate investment trust. The Company invests in premium full service, lifestyle and urban upscale hotels in United States.",REITs,55,Financials,5
5196,XNCR,Xencor,Xencor Inc is engaged in the field of biotechnology. The United States-based firm develops drugs to combat severe diseases such as allergies and cancers.,Biotechnology,10,Healthcare,6
5199,XOM,Exxon Mobil,"Exxon Mobil Corp is an integrated oil and gas company. It is engaged in exploration for, and production of, crude oil and natural gas. It is also engaged in manufacturing, transportation and sale of crude oil, natural gas and petroleum products.",Oil & Gas - Integrated,47,Energy & Utilities,4
5200,XOMA,XOMA,XOMA Corp is a biotechnology company. It discovers and develops human and humanized monoclonal antibody-based therapeutics.,Biotechnology,10,Healthcare,6
5203,XPER,Xperi,Xperi Corp is a provider of semiconductor packaging and interconnect solutions and intellectual property products to original equipment manufacturers. Its technologies include proprietary mobile and computational imaging.,Semiconductors,60,Materials,9
5204,XPL,Solitario Zinc,"Solitario Zinc Corp is a leading zinc focused exploration company engaging in the acquisition, exploration, and development of zinc properties in safe jurisdictions in North and South America.",Metals & Mining,44,Industrials,7
5205,XPO,XPO Logistics,"XPO Logistics Inc is a global transportation and logistics company. Its transportation operations, include asset-light truck brokerage, intermodal, and global forwarding, as well as asset-based truckload and less-than-truckload shipping services.",Transportation & Logistics,63,Transportation & Logistics,12
5206,XRAY,DENTSPLY SIRONA,"Dentsply Sirona Inc is a designer, developer, manufacturer and marketer of consumable dental products for the professional dental market. It also manufactures and markets other consumable medical device products.",Medical Instruments & Equipment,43,Commercial Services & Supplies,0
5208,XRX,Xerox,"Xerox Corp provides printing equipment and supplies. The company is engaged in the designing, development, and sale of document management systems and solutions. It generates its revenue from the sale of equipment.",Application Software,4,Information Technology,8
5211,XTNT,Xtant Medical,"Xtant Medical Holdings Inc develops, manufactures and markets regenerative medicine products and medical devices for domestic and international markets.",Medical Devices,40,Healthcare,6
5212,XXII,22nd Century,22nd Century Group Inc is a plant biotechnology company. It is focused on technology that allow to increase or decrease the level of nicotine and other nicotinic alkaloids in tobacco plants and levels of cannabinoids in cannabis plants.,Biotechnology,10,Healthcare,6
5213,XYL,Xylem New,"Xylem Inc is an industrial technology company. It provides equipment, technology, and services to transport, treat, test, and efficiently use water in public utilities, residential and commercial buildings, and industrial and agricultural settings.",Industrial Products,34,Industrials,7
5215,YELP,Yelp,Yelp Inc is a provider of online platforms to connect buyers and sellers. It generates revenue by selling advertising space to businesses mainly in the United States.,Online Media,51,"Media, Marketing & Sales",10
5216,YEXT,Yext,"Yext Inc provides a knowledge engine platform that lets businesses manage their digital knowledge in the cloud and sync it to over 100 services including Apple Maps, Bing, Cortana, Facebook, Google, Google Maps, Instagram, Siri and Yelp.",Application Software,4,Information Technology,8
5221,YORW,The York Water Company,"The York Water Co is an investor-owned water utility in the United States. The primary business of the company is to impound, purify to meet or exceed safe drinking water standards and distribute water.",Utilities - Regulated,67,Energy & Utilities,4
5226,YTEN,Yield10 Bioscience,"Yield10 Bioscience Inc, formerly known as Metabolix Inc is an agricultural bioscience company. It is engaged in the development of disruptive technologies to produce the improvements in crop yield for food and feed crops to enhance food security.",Chemicals,14,Materials,9
5228,YUM,Yum! Brands,"Yum Brands Inc is engaged in operating quick-service restaurant systems. The company's restaurant brands includes KFC, Pizza Hut and Taco Bell .",Restaurants,57,Corporate Services,3
5230,YUMC,Yum China,"Yum China Holdings Inc is a restaurant company. It holds the right to operate various restaurant chains including KFC, Pizza Hut Casual Dining, Pizza Hut Home Service, East Dawning, Little Sheep and Taco Bell.",Restaurants,57,Corporate Services,3
5236,ZBH,Zimmer Biomet,"Zimmer Biomet Holdings Inc is a medical device company. It designs, manufactures, and markets orthopedic reconstructive implants, as well as supplies and surgical equipment for orthopedic surgery under brands like NexGen, Persona, Zimmer, and Polaris.",Medical Devices,40,Healthcare,6
5237,ZBRA,Zebra,"Zebra Technologies Corp develops products for the automatic identification and data capture market. Its products find use in mobiles, computers, barcode scanners, RFID readers, specialty printers.",Industrial Products,34,Industrials,7
5238,ZDGE,Zedge B,"Zedge Inc provides content distribution platforms. Its content platform enables consumers to personalize their mobile devices with free, high-quality ringtones, wallpapers, home screen app icons, widgets and notification sounds.",Application Software,4,Information Technology,8
5241,ZEUS,Olympic Steel,"Olympic Steel Inc is a metal services center in U.S. The company is engaged in the processing and distribution of carbon, coated, aluminum and stainless steel, flat-rolled coil, sheet and plate products and tubular and pipe products to various industries.",Steel,61,Materials,9
5244,ZG,Zillow,"Zillow Group Inc provides real estate and home-related information marketplaces on mobile and web-based platforms. It helps customers on each stage of the home lifecycle such as renting, buying, selling, financing, and home improvement.",Real Estate Services,56,Professional Services,11
5246,ZION,Zions Bancorporation N.A.,Zions Bancorp is a bank holding company. The bank has over 400 branches across the United States and has more than $50 billion worth of assets. It provides banking services to small and midsize businesses as well as individuals.,Banks,7,Financials,5
5250,ZLAB,Zai Lab Limited,"Zai Lab Ltd is a biopharmaceutical company. The company is engaged in discovering or licensing, developing and commercializing proprietary therapeutics in the fields of oncology, autoimmune and infectious diseases.",Biotechnology,10,Healthcare,6
5254,ZOM,Zomedica Pharmaceuticals,"Zomedica Pharmaceuticals Corp is a pharmaceutical company. It is engaged in the discovery, development and commercialization of pharmaceuticals for the companion pet.",Drug Manufacturers,23,Industrials,7
5255,ZS,Zscaler,Zscaler Inc is a cloud security company. It engages in developing a platform incorporating core security functionalities needed to enable users to safely utilize authorized applications and services based on an organization's policies.,Application Software,4,Information Technology,8
5259,ZTS,Zoetis,"Zoetis Inc is a developer and manufacturer of drugs providing medicines for animal health, and vaccines for livestock and companion animals. Its products are anti-infectives, vaccines, parasiticides, medicated feed additives and other pharmaceuticals.",Drug Manufacturers,23,Industrials,7
5260,ZUMZ,Zumiez,"Zumiez Inc is a multi-channel specialty retailer. It is engaged in the retail sales of apparel, footwear, accessories and hardgoods for young men and women.",Retail - Apparel & Specialty,58,Commercial Services & Supplies,0
5261,ZUO,Zuora,"Zuora Inc provides cloud-based software on a subscription basis that enables companies in various industries to launch, manage, and transform into a subscription business.",Application Software,4,Information Technology,8
5262,ZYME,Zymeworks,"Zymeworks Inc is a clinical-stage biopharmaceutical company dedicated to the discovery, development and commercialization of next-generation multifunctional biotherapeutics, initially focused on the treatment of cancer.",Biotechnology,10,Healthcare,6
5263,ZYNE,Zynerba Pharmaceuticals,Zynerba Pharmaceuticals Inc together with its subsidiary is a pharmaceutical company which is focused on developing and commercializing proprietary next generation synthetic cannabinoid therapeutics formulated for transdermal delivery.,Biotechnology,10,Healthcare,6
